gene_id,cor,pval,padj,direction
Pocillopora_meandrina_HIv1___RNAseq.g10737.t1,0.9119509795502855,3.6557047532700355e-11,6.447051654818432e-07,positive
Pocillopora_meandrina_HIv1___RNAseq.g3991.t1a,0.8814066380273092,5.912285437038316e-11,6.447051654818432e-07,positive
Pocillopora_meandrina_HIv1___RNAseq.g21162.t1,0.8700014223448318,1.0062078084500857e-10,7.314795364829306e-07,positive
Pocillopora_meandrina_HIv1___RNAseq.g20405.t1,0.8687428091100733,4.857555349165503e-10,2.6484606152487614e-06,positive
Pocillopora_meandrina_HIv1___RNAseq.g26268.t1,0.8342701927769287,2.989945612655495e-09,1.3041544773280739e-05,positive
Pocillopora_meandrina_HIv1___RNAseq.g24871.t1,0.8215329385115513,8.293549638514003e-09,3.014567067772531e-05,positive
Pocillopora_meandrina_HIv1___TS.g16142.t1,0.8388093127083803,2.4813636769727823e-08,7.730865775871345e-05,positive
Pocillopora_meandrina_HIv1___RNAseq.g6653.t1,0.85950848654762,7.462401545041127e-08,0.00020343439411975244,positive
Pocillopora_meandrina_HIv1___TS.g4282.t1,0.7868645835729711,9.269725777817461e-08,0.00022462605498713446,positive
Pocillopora_meandrina_HIv1___RNAseq.g27437.t1,0.764662713709503,3.4865291554524604e-07,0.000760377143512627,positive
Pocillopora_meandrina_HIv1___TS.g10917.t1,0.7656114140755044,5.219554516693922e-07,0.0010348478586779794,positive
Pocillopora_meandrina_HIv1___RNAseq.g24636.t1,0.7556282574588014,5.74136196077972e-07,0.0010434446916887075,positive
Pocillopora_meandrina_HIv1___RNAseq.g15613.t1,0.7505233908825506,7.540128479399964e-07,0.0012649435539017985,positive
Pocillopora_meandrina_HIv1___RNAseq.g284.t1,0.7554549084353699,8.987624055426536e-07,0.0014000792358914095,positive
Pocillopora_meandrina_HIv1___TS.g16929.t1,-0.7418673521784476,1.179808954240693e-06,0.0016924598559741825,negative
Pocillopora_meandrina_HIv1___RNAseq.g7039.t1,0.7396531650384306,1.3192634945004863e-06,0.0016924598559741825,positive
Pocillopora_meandrina_HIv1___RNAseq.g3426.t1,0.7401977520186542,1.2836382064407144e-06,0.0016924598559741825,positive
Pocillopora_meandrina_HIv1___RNAseq.g10169.t1,0.7384681090468881,1.399918092482079e-06,0.001696156315496759,positive
Pocillopora_meandrina_HIv1___RNAseq.g16042.t1,0.733940132847744,1.7511745154739965e-06,0.002010071842524863,positive
Pocillopora_meandrina_HIv1___RNAseq.g5271.t1,0.7324129238160192,1.886628256444134e-06,0.002057273782239506,positive
Pocillopora_meandrina_HIv1___RNAseq.g7269.t1,0.7283299927251496,2.2968767957425592e-06,0.002385361239921404,positive
Pocillopora_meandrina_HIv1___RNAseq.g17705.t1,0.7428203869926138,2.590309258264426e-06,0.002456176287542994,positive
Pocillopora_meandrina_HIv1___RNAseq.g18093.t1,0.7343222167249244,2.5725241455704874e-06,0.002456176287542994,positive
Pocillopora_meandrina_HIv1___RNAseq.g27090.t1,0.7247724135765465,2.7187623751720884e-06,0.002470562026672003,positive
Pocillopora_meandrina_HIv1___RNAseq.g28936.t1,0.7394640641030017,3.0354313071907014e-06,0.00264798885514088,positive
Pocillopora_meandrina_HIv1___RNAseq.g4101.t1,0.7205586999610737,3.3088687756438138e-06,0.0027755045818467663,positive
Pocillopora_meandrina_HIv1___RNAseq.g1996.t2,0.7181457663478584,3.6969853670383607e-06,0.002815345440058852,positive
Pocillopora_meandrina_HIv1___RNAseq.g16199.t1,-0.7531606802939844,3.7436387620572567e-06,0.002815345440058852,negative
Pocillopora_meandrina_HIv1___RNAseq.g6561.t1b,0.7185064442512006,3.6364601955472887e-06,0.002815345440058852,positive
Pocillopora_meandrina_HIv1___RNAseq.g19722.t1,-0.7146150452878729,4.339651093216389e-06,0.003154781689731874,negative
Pocillopora_meandrina_HIv1___RNAseq.g15577.t1,0.7283718985902362,5.042734772323111e-06,0.0034464975517984695,positive
Pocillopora_meandrina_HIv1___RNAseq.g27043.t1,0.7111959187984109,5.056991226445551e-06,0.0034464975517984695,positive
Pocillopora_meandrina_HIv1___TS.g25186.t1,-0.7261223668212353,5.572977798285877e-06,0.003598627315379459,negative
Pocillopora_meandrina_HIv1___RNAseq.g7470.t1,0.7088476775239398,5.610221868169179e-06,0.003598627315379459,positive
Pocillopora_meandrina_HIv1___RNAseq.g8717.t1,0.7075871211881359,5.929317302695982e-06,0.003627931440737359,positive
Pocillopora_meandrina_HIv1___TS.g26467.t1,0.7073597025006202,5.988607082697277e-06,0.003627931440737359,positive
Pocillopora_meandrina_HIv1___TS.g23180.t1,-0.7064033809098909,6.243854300709296e-06,0.003680330228220785,negative
Pocillopora_meandrina_HIv1___RNAseq.g16318.t1,-0.702489740621869,7.39442654937115e-06,0.004243817068821984,negative
Pocillopora_meandrina_HIv1___RNAseq.g14703.t1,0.7062502990659355,9.019601824380457e-06,0.0050438075945618815,positive
Pocillopora_meandrina_HIv1___RNAseq.g15650.t1,0.6960865902970457,9.696354973314684e-06,0.00515775135641512,positive
Pocillopora_meandrina_HIv1___RNAseq.g19736.t1c,0.6966693214050862,9.462825787702652e-06,0.00515775135641512,positive
Pocillopora_meandrina_HIv1___TS.g25731.t1,-0.6947652823462211,1.0245302269310399e-05,0.005196274353288151,negative
Pocillopora_meandrina_HIv1___RNAseq.g19231.t1,0.6950870293323228,1.01091014644657e-05,0.005196274353288151,positive
Pocillopora_meandrina_HIv1___RNAseq.g4332.t1,0.693610970909947,1.074771324837604e-05,0.00532720177804166,positive
Pocillopora_meandrina_HIv1___RNAseq.g20982.t1b,0.6922559913113009,1.1365828148444805e-05,0.005388637958465929,positive
Pocillopora_meandrina_HIv1___RNAseq.g4423.t1,-0.6926650869057873,1.1175903039651917e-05,0.005388637958465929,negative
Pocillopora_meandrina_HIv1___TS.g23606.t1,0.6908986813896091,1.201706069300695e-05,0.005576171843697629,positive
Pocillopora_meandrina_HIv1___RNAseq.g4031.t1,0.6946251203011922,1.4552166070156938e-05,0.006611837288001097,positive
Pocillopora_meandrina_HIv1___TS.g16453.t1,0.6840127238818836,1.5870752390992956e-05,0.0070250779682151845,positive
Pocillopora_meandrina_HIv1___RNAseq.g27652.t1,0.6835515670894832,1.6164887789515893e-05,0.0070250779682151845,positive
Pocillopora_meandrina_HIv1___RNAseq.g3177.t1,-0.6915907693395734,1.642803321468084e-05,0.0070250779682151845,negative
Pocillopora_meandrina_HIv1___TS.g9632.t1,0.6816820785041151,1.7408384903977563e-05,0.007301143584054743,positive
Pocillopora_meandrina_HIv1___RNAseq.g22113.t1,0.6977528928964364,1.8193707538128404e-05,0.007486539013189478,positive
Pocillopora_meandrina_HIv1___RNAseq.g25814.t1,0.6872772377209723,1.9470235996251233e-05,0.007737951224853758,positive
Pocillopora_meandrina_HIv1___TS.g4593.t1,-0.678774884808677,1.9514297646244975e-05,0.007737951224853758,negative
Pocillopora_meandrina_HIv1___RNAseq.g17002.t1,0.7117086049930306,2.169325973927926e-05,0.008157039683688645,positive
Pocillopora_meandrina_HIv1___RNAseq.g12176.t1,0.684772978223437,2.1460652601271225e-05,0.008157039683688645,positive
Pocillopora_meandrina_HIv1___RNAseq.g3784.t1,0.6764219051439604,2.138412906022203e-05,0.008157039683688645,positive
Pocillopora_meandrina_HIv1___RNAseq.g22983.t2a,-0.673121526846473,2.427927839984825e-05,0.008974691230886279,negative
Pocillopora_meandrina_HIv1___RNAseq.g1249.t1,-0.6947398092338863,2.8939554911310175e-05,0.010141043936377842,negative
Pocillopora_meandrina_HIv1___RNAseq.g6499.t1,0.6681641954035209,2.9294592507304512e-05,0.010141043936377842,positive
Pocillopora_meandrina_HIv1___RNAseq.g1876.t1,0.6689659680627518,2.8424981475908925e-05,0.010141043936377842,positive
Pocillopora_meandrina_HIv1___RNAseq.g10783.t1a,-0.6768147692380238,2.9060495526026858e-05,0.010141043936377842,negative
Pocillopora_meandrina_HIv1___RNAseq.g17956.t1,-0.6655000470446696,3.2358945271251435e-05,0.01069267026395034,negative
Pocillopora_meandrina_HIv1___RNAseq.g7121.t1,0.6657916827943073,3.2009985233104876e-05,0.01069267026395034,positive
Pocillopora_meandrina_HIv1___RNAseq.g9167.t1a,0.6742748397910431,3.1951367857852035e-05,0.01069267026395034,positive
Pocillopora_meandrina_HIv1___RNAseq.g7319.t1,0.6644701472433612,3.3618853143989064e-05,0.010943187585332201,positive
Pocillopora_meandrina_HIv1___RNAseq.g19290.t1,0.6633004096919664,3.510324179141697e-05,0.01125833235630901,positive
Pocillopora_meandrina_HIv1___RNAseq.g1587.t1,-0.6705434344651999,3.666781781120671e-05,0.01158968751658851,negative
Pocillopora_meandrina_HIv1___RNAseq.g13567.t1,0.6588238543154068,4.1344262606798716e-05,0.012881100331309618,positive
Pocillopora_meandrina_HIv1___RNAseq.g1741.t1,0.658364461257173,4.203804832616983e-05,0.012912785858386448,positive
Pocillopora_meandrina_HIv1___RNAseq.g3982.t1,-0.6659530169056271,4.332212142030635e-05,0.013122390917436961,negative
Pocillopora_meandrina_HIv1___RNAseq.g51.t1,0.6652630150619219,4.441090343139569e-05,0.013267909492264501,positive
Pocillopora_meandrina_HIv1___RNAseq.g17255.t1,0.663989126722506,4.6485696543772055e-05,0.01370008859355574,positive
Pocillopora_meandrina_HIv1___TS.g2367.t2a,0.6633308515674426,4.7591536667777694e-05,0.013838984309167517,positive
Pocillopora_meandrina_HIv1___RNAseq.g2222.t1,0.6525343114119049,5.179890410637872e-05,0.014864240784947545,positive
Pocillopora_meandrina_HIv1___RNAseq.g20996.t1,0.6511525767150994,5.439156663617897e-05,0.015208021497031118,positive
Pocillopora_meandrina_HIv1___RNAseq.g17099.t1,-0.6597442768842142,5.404155000789948e-05,0.015208021497031118,negative
Pocillopora_meandrina_HIv1___RNAseq.g14669.t1,0.7169768334640915,5.513191016771406e-05,0.0152198965676921,positive
Pocillopora_meandrina_HIv1___RNAseq.g2982.t1,0.663997901341848,6.315646373860919e-05,0.017217241470941596,positive
Pocillopora_meandrina_HIv1___RNAseq.g14412.t1,-0.6460830655569878,6.493170362770161e-05,0.017482660795265982,negative
Pocillopora_meandrina_HIv1___RNAseq.g21286.t1,0.6715602998359801,6.648598741306333e-05,0.017682840237701194,positive
Pocillopora_meandrina_HIv1___RNAseq.g2234.t1,0.6450365284714273,6.732307273973236e-05,0.01768974570338341,positive
Pocillopora_meandrina_HIv1___RNAseq.g6099.t1,0.7216814166171143,6.878653380053486e-05,0.017790365098968506,positive
Pocillopora_meandrina_HIv1___TS.g15052.t1,0.6441805169111903,6.933747688625443e-05,0.017790365098968506,positive
Pocillopora_meandrina_HIv1___TS.g1067.t1,0.6407070720791268,7.807745055630105e-05,0.019799896734678718,positive
Pocillopora_meandrina_HIv1___TS.g10539.t1a,0.6400636525537675,7.980069938051654e-05,0.02000429256080098,positive
Pocillopora_meandrina_HIv1___RNAseq.g29405.t1,-0.6380596116609168,8.538853720989352e-05,0.021161802363756452,negative
Pocillopora_meandrina_HIv1___RNAseq.g17500.t1,0.6456908802164834,8.753974593938992e-05,0.021451172125754547,positive
Pocillopora_meandrina_HIv1___RNAseq.g14884.t1b,0.6434690680538205,9.426843495272354e-05,0.022843336643154973,positive
Pocillopora_meandrina_HIv1___RNAseq.g7727.t1a,0.6336132594636891,9.905559674225291e-05,0.02335371283731091,positive
Pocillopora_meandrina_HIv1___RNAseq.g4019.t1a,-0.6414867006109307,0.00010065793969036753,0.02335371283731091,negative
Pocillopora_meandrina_HIv1___RNAseq.g11099.t1,0.6420546665981857,9.878890864532377e-05,0.02335371283731091,positive
Pocillopora_meandrina_HIv1___RNAseq.g14191.t1,0.6415078571980756,0.0001005877566919958,0.02335371283731091,positive
Pocillopora_meandrina_HIv1___RNAseq.g25555.t2,0.6409203170585379,0.00010255313651733459,0.023542961624279476,positive
Pocillopora_meandrina_HIv1___RNAseq.g16420.t1,0.707654929039067,0.00010981198632789749,0.024946766769011627,positive
Pocillopora_meandrina_HIv1___RNAseq.g448.t1,0.6377902042899496,0.00011361297770978166,0.02554417969971782,positive
Pocillopora_meandrina_HIv1___TS.g12808.t1,0.627346463783666,0.0001216401117645489,0.02706988977013313,positive
Pocillopora_meandrina_HIv1___RNAseq.g7989.t1,-0.6266484560331271,0.00012442065867007075,0.027408991362985587,negative
Pocillopora_meandrina_HIv1___RNAseq.g20887.t2,0.6341737409219008,0.00012770652667574054,0.027851516402712252,positive
Pocillopora_meandrina_HIv1___RNAseq.g10321.t1,0.6504107553129342,0.0001336640217151709,0.028862164847387742,positive
Pocillopora_meandrina_HIv1___RNAseq.g20152.t1,0.6220723360313261,0.00014409969214742148,0.030810492020030538,positive
Pocillopora_meandrina_HIv1___RNAseq.g22366.t1,0.6216413961173253,0.0001460888246803199,0.030932535703428125,positive
Pocillopora_meandrina_HIv1___RNAseq.g29945.t1,-0.6266740630576347,0.00016199941006939588,0.03397158782887937,negative
Pocillopora_meandrina_HIv1___TS.g10659.t1,0.6172101643943602,0.00016800968538578876,0.03489641170074921,positive
Pocillopora_meandrina_HIv1___TS.g26555.t1,0.6334956079509934,0.00017138530553299045,0.03517739440935666,positive
Pocillopora_meandrina_HIv1___RNAseq.g11557.t1,-0.6163502193381496,0.00017258843604939074,0.03517739440935666,negative
Pocillopora_meandrina_HIv1___TS.g17826.t3,0.6511068191964962,0.00017522640624131707,0.03538437679367486,positive
Pocillopora_meandrina_HIv1___RNAseq.g8902.t1,-0.650564008516276,0.00017816887050913099,0.03564848529296915,negative
Pocillopora_meandrina_HIv1___TS.g991.t1,0.6137761768072655,0.00018696593523792498,0.03706854619639915,positive
Pocillopora_meandrina_HIv1___RNAseq.g289.t1,-0.6184610582940401,0.00020874732659600096,0.041014148159749415,negative
Pocillopora_meandrina_HIv1___RNAseq.g12414.t1,-0.6177176865471787,0.00021351850455195417,0.041577009515835435,negative
Pocillopora_meandrina_HIv1___RNAseq.g26487.t1,0.6085543114690017,0.00021945220950984114,0.04235427643539934,positive
Pocillopora_meandrina_HIv1___RNAseq.g3590.t1,-0.6052571410594416,0.00024246486451650877,0.04624396115617499,negative
Pocillopora_meandrina_HIv1___TS.g9245.t1,-0.6133105708900674,0.0002438468308019682,0.04624396115617499,negative
Pocillopora_meandrina_HIv1___RNAseq.g5314.t1,-0.6033294739427747,0.00025689119930140814,0.048297760047969054,negative
Pocillopora_meandrina_HIv1___RNAseq.g30098.t1,0.610572749241715,0.00026455818059687754,0.04848528874485128,positive
Pocillopora_meandrina_HIv1___RNAseq.g25725.t1,0.6105747216024663,0.00026454271519432845,0.04848528874485128,positive
Pocillopora_meandrina_HIv1___RNAseq.g11330.t1a,0.6681142101516272,0.0002623998036745164,0.04848528874485128,positive
Pocillopora_meandrina_HIv1___TS.g3209.t1,-0.610051111340259,0.00026867663329403383,0.04862235970824552,negative
Pocillopora_meandrina_HIv1___RNAseq.g29212.t1,0.6016888504086552,0.0002697650293318221,0.04862235970824552,positive
Pocillopora_meandrina_HIv1___RNAseq.g17438.t1,0.6087324833070669,0.00027934208415543487,0.04993583207660557,positive
