group_id,apul_mean,peve_mean,ptua_mean,mean_spread,top_species,top_mean
OG_16592,NA,5083.657894736842,76095.53846153845,71011.88056680161,Pocillopora tuahiniensis,76095.53846153845
OG_00843,13809.55,4529.763157894737,58015.23076923077,53485.46761133603,Pocillopora tuahiniensis,58015.23076923077
OG_09596,41007.225,420.3157894736842,50621.05128205128,50200.735492577594,Pocillopora tuahiniensis,50621.05128205128
OG_02088,19620.7,38810.65789473683,9558.48717948718,29252.170715249653,Porites evermanni,38810.65789473683
OG_17961,NA,4320.605263157895,26394.48717948718,22073.881916329286,Pocillopora tuahiniensis,26394.48717948718
OG_15759,NA,1548.421052631579,21843.102564102563,20294.681511470983,Pocillopora tuahiniensis,21843.102564102563
OG_09247,9376.1,29292.684210526313,25625.20512820513,19916.584210526315,Porites evermanni,29292.684210526313
OG_04560,15388.85,9434.815789473683,27845.846153846152,18411.03036437247,Pocillopora tuahiniensis,27845.846153846152
OG_13066,2094.775,18347.26315789474,NA,16252.48815789474,Porites evermanni,18347.26315789474
OG_00314,7073.050000000001,1763.342105263158,15452.538461538461,13689.196356275303,Pocillopora tuahiniensis,15452.538461538461
OG_05874,12015.625,6150.5,18225.615384615383,12075.115384615383,Pocillopora tuahiniensis,18225.615384615383
OG_09806,3808.4,10656.684210526317,15085.205128205129,11276.80512820513,Pocillopora tuahiniensis,15085.205128205129
OG_10007,12979.424999999997,1715.2368421052631,5379.7692307692305,11264.188157894734,Acropora pulchra,12979.424999999997
OG_10002,4166.55,1443.5526315789473,12111.948717948719,10668.396086369772,Pocillopora tuahiniensis,12111.948717948719
OG_14790,18577.2,NA,28991.641025641024,10414.441025641023,Pocillopora tuahiniensis,28991.641025641024
OG_03671,10543.15,9637.473684210527,1982.3076923076928,8560.842307692306,Acropora pulchra,10543.15
OG_06119,6607.125,406.6052631578947,8902.897435897436,8496.29217273954,Pocillopora tuahiniensis,8902.897435897436
OG_08639,5043.175,3664.6052631578946,11533.948717948719,7869.343454790824,Pocillopora tuahiniensis,11533.948717948719
OG_00510,8326.325,628.8421052631579,1133.871794871795,7697.482894736842,Acropora pulchra,8326.325
OG_06152,2719.425,1686.9210526315787,8994.71794871795,7307.796896086371,Pocillopora tuahiniensis,8994.71794871795
OG_05875,9766.5,2487.789473684211,6951.5641025641025,7278.710526315789,Acropora pulchra,9766.5
OG_10332,NA,1235.078947368421,8113.692307692308,6878.613360323887,Pocillopora tuahiniensis,8113.692307692308
OG_16883,NA,196.81578947368425,6666.025641025641,6469.2098515519565,Pocillopora tuahiniensis,6666.025641025641
OG_02317,5936,985.0263157894736,7404.25641025641,6419.230094466937,Pocillopora tuahiniensis,7404.25641025641
OG_16747,NA,1758.7105263157896,8027.641025641025,6268.930499325235,Pocillopora tuahiniensis,8027.641025641025
OG_08842,383.125,600.2368421052631,6634.333333333334,6251.208333333334,Pocillopora tuahiniensis,6634.333333333334
OG_01486,2228.5,8346.578947368422,7334.564102564103,6118.078947368422,Porites evermanni,8346.578947368422
OG_09598,4014.375,1525.6052631578946,7216.74358974359,5691.138326585695,Pocillopora tuahiniensis,7216.74358974359
OG_01155,4164.8,1120.6052631578948,6415.923076923076,5295.317813765181,Pocillopora tuahiniensis,6415.923076923076
OG_03451,721.775,5829.184210526316,1606.2051282051282,5107.409210526316,Porites evermanni,5829.184210526316
OG_01177,415.05000000000007,2143.3947368421054,5383.128205128205,4968.078205128205,Pocillopora tuahiniensis,5383.128205128205
OG_05121,6128.4,2264.421052631579,7008.717948717948,4744.296896086369,Pocillopora tuahiniensis,7008.717948717948
OG_12286,4548.850000000001,46.76315789473684,NA,4502.086842105265,Acropora pulchra,4548.850000000001
OG_04238,794.3,5250.631578947368,894.2307692307692,4456.331578947368,Porites evermanni,5250.631578947368
OG_06279,828.7999999999998,1387.657894736842,5281.153846153848,4452.353846153847,Pocillopora tuahiniensis,5281.153846153848
OG_17389,NA,55.368421052631575,4480.461538461538,4425.093117408906,Pocillopora tuahiniensis,4480.461538461538
OG_06101,73.4,221.07894736842104,4331.820512820512,4258.420512820512,Pocillopora tuahiniensis,4331.820512820512
OG_01630,1179.9,2142.7105263157896,5168.51282051282,3988.6128205128202,Pocillopora tuahiniensis,5168.51282051282
OG_06998,3730.9249999999997,6496.9473684210525,2571.897435897435,3925.0499325236174,Porites evermanni,6496.9473684210525
OG_09597,1519.7000000000003,3742.0526315789475,5427.384615384615,3907.684615384615,Pocillopora tuahiniensis,5427.384615384615
OG_12331,556.825,4458.578947368422,NA,3901.753947368422,Porites evermanni,4458.578947368422
OG_02967,44.025,6.868421052631579,3897.0769230769233,3890.2085020242916,Pocillopora tuahiniensis,3897.0769230769233
OG_09896,4684.875,1832.2894736842104,1017.1025641025642,3667.7724358974356,Acropora pulchra,4684.875
OG_02124,5432.225,2709.1052631578946,1802.230769230769,3629.9942307692313,Acropora pulchra,5432.225
OG_13050,35464,38991.71052631579,NA,3527.7105263157864,Porites evermanni,38991.71052631579
OG_00355,291.25,293.89473684210526,3798.230769230769,3506.980769230769,Pocillopora tuahiniensis,3798.230769230769
OG_10008,580.95,3756.026315789474,719.8717948717949,3175.0763157894744,Porites evermanni,3756.026315789474
OG_10988,2923.6,5.526315789473684,NA,2918.073684210526,Acropora pulchra,2923.6
OG_08545,234.25,568.1315789473684,3131.1794871794873,2896.9294871794873,Pocillopora tuahiniensis,3131.1794871794873
OG_14180,2.7750000000000004,NA,2643.4358974358975,2640.6608974358974,Pocillopora tuahiniensis,2643.4358974358975
OG_15303,5472.524999999999,NA,2852.7179487179487,2619.80705128205,Acropora pulchra,5472.524999999999
OG_14793,226.025,NA,2772.435897435897,2546.410897435897,Pocillopora tuahiniensis,2772.435897435897
OG_16856,NA,109.94736842105263,2652.128205128205,2542.1808367071526,Pocillopora tuahiniensis,2652.128205128205
OG_16000,NA,2612.815789473684,110.10256410256412,2502.71322537112,Porites evermanni,2612.815789473684
OG_16159,NA,7518.631578947369,5025.974358974359,2492.65721997301,Porites evermanni,7518.631578947369
OG_09455,1128.125,3249.4736842105262,3602.333333333333,2474.208333333333,Pocillopora tuahiniensis,3602.333333333333
OG_01023,2646.75,251.73684210526318,1205.923076923077,2395.0131578947367,Acropora pulchra,2646.75
OG_14505,1307.15,NA,3601.794871794872,2294.644871794872,Pocillopora tuahiniensis,3601.794871794872
OG_12722,2720.425,431,NA,2289.425,Acropora pulchra,2720.425
OG_04514,2253.1,72.92105263157895,1027.5641025641025,2180.178947368421,Acropora pulchra,2253.1
OG_02190,2850.125,1173.6842105263158,3316.9230769230767,2143.238866396761,Pocillopora tuahiniensis,3316.9230769230767
OG_11156,2131.85,0.21052631578947376,NA,2131.6394736842103,Acropora pulchra,2131.85
OG_17646,NA,7.7894736842105265,2119.5897435897436,2111.8002699055332,Pocillopora tuahiniensis,2119.5897435897436
OG_14792,766.4,NA,2839.025641025641,2072.625641025641,Pocillopora tuahiniensis,2839.025641025641
OG_17666,NA,1231.3157894736846,3285.7179487179483,2054.4021592442637,Pocillopora tuahiniensis,3285.7179487179483
OG_02666,1896.725,497.02631578947364,2396.6153846153848,1899.589068825911,Pocillopora tuahiniensis,2396.6153846153848
OG_04799,619.85,2456.710526315789,566.7179487179487,1889.9925775978404,Porites evermanni,2456.710526315789
OG_17006,NA,0.05263157894736845,1878.4615384615386,1878.4089068825913,Pocillopora tuahiniensis,1878.4615384615386
OG_05749,867.225,2296.5,470.2307692307692,1826.2692307692307,Porites evermanni,2296.5
OG_08878,1812.75,2253.8421052631575,3576.5128205128203,1763.7628205128203,Pocillopora tuahiniensis,3576.5128205128203
OG_10523,1751.5,17.894736842105264,NA,1733.6052631578948,Acropora pulchra,1751.5
OG_12952,1732.0750000000003,0.18421052631578952,NA,1731.8907894736844,Acropora pulchra,1732.0750000000003
OG_07836,1629.6,2248,581.1025641025642,1666.8974358974358,Porites evermanni,2248
OG_17751,NA,113.10526315789473,1769.7179487179487,1656.612685560054,Pocillopora tuahiniensis,1769.7179487179487
OG_14803,80.725,NA,1729.897435897436,1649.1724358974361,Pocillopora tuahiniensis,1729.897435897436
OG_07000,3251.0500000000006,2319.421052631579,1616.5641025641028,1634.4858974358979,Acropora pulchra,3251.0500000000006
OG_01147,1738,142.8421052631579,224.87179487179486,1595.157894736842,Acropora pulchra,1738
OG_10055,1453.75,95.10526315789474,1686.3589743589744,1591.2537112010796,Pocillopora tuahiniensis,1686.3589743589744
OG_16665,NA,43.368421052631575,1624.7692307692307,1581.400809716599,Pocillopora tuahiniensis,1624.7692307692307
OG_07641,1324.2,2830.710526315789,2880.205128205128,1556.005128205128,Pocillopora tuahiniensis,2880.205128205128
OG_09024,1702.825,158.26315789473685,650.7948717948718,1544.5618421052632,Acropora pulchra,1702.825
OG_03780,573.825,90.71052631578947,1627.2564102564102,1536.5458839406208,Pocillopora tuahiniensis,1627.2564102564102
OG_01489,930.6,1495.5263157894738,2460.897435897436,1530.2974358974361,Pocillopora tuahiniensis,2460.897435897436
OG_06198,1135.675,832.7105263157895,2360.923076923077,1528.2125506072875,Pocillopora tuahiniensis,2360.923076923077
OG_11833,1530.7,9.263157894736837,NA,1521.4368421052632,Acropora pulchra,1530.7
OG_04327,2614.1,1095.0263157894738,2405.230769230769,1519.0736842105262,Acropora pulchra,2614.1
OG_06430,1012.2250000000001,245.0263157894737,1763.102564102564,1518.0762483130902,Pocillopora tuahiniensis,1763.102564102564
OG_13197,1957.55,451.42105263157896,NA,1506.128947368421,Acropora pulchra,1957.55
OG_08347,2081.05,746.9736842105264,2235.3076923076924,1488.3340080971661,Pocillopora tuahiniensis,2235.3076923076924
OG_03673,205.025,555.4473684210526,1685.5384615384617,1480.5134615384616,Pocillopora tuahiniensis,1685.5384615384617
OG_08096,8.850000000000003,177.6315789473684,1484.5384615384617,1475.6884615384618,Pocillopora tuahiniensis,1484.5384615384617
OG_11419,1466,2.289473684210525,NA,1463.7105263157894,Acropora pulchra,1466
OG_14407,3125.6,NA,1671.5384615384614,1454.0615384615385,Acropora pulchra,3125.6
OG_07394,748.2249999999999,53.236842105263165,1452.948717948718,1399.711875843455,Pocillopora tuahiniensis,1452.948717948718
OG_02000,127.6,199.71052631578948,1517.4358974358975,1389.8358974358976,Pocillopora tuahiniensis,1517.4358974358975
OG_01781,276.675,141.05263157894737,1503.769230769231,1362.7165991902837,Pocillopora tuahiniensis,1503.769230769231
OG_08271,359.925,253.42105263157896,1615.2820512820513,1361.8609986504723,Pocillopora tuahiniensis,1615.2820512820513
OG_02316,1463.2999999999997,112.15789473684212,533.5384615384615,1351.1421052631576,Acropora pulchra,1463.2999999999997
OG_01747,70.95,1386.9736842105262,845.5128205128206,1316.0236842105262,Porites evermanni,1386.9736842105262
OG_17014,NA,4906.078947368422,6216.717948717949,1310.6390013495275,Pocillopora tuahiniensis,6216.717948717949
OG_00752,467.525,1774.7368421052631,1088.5641025641025,1307.2118421052633,Porites evermanni,1774.7368421052631
OG_14455,15.475,NA,1295.7435897435898,1280.26858974359,Pocillopora tuahiniensis,1295.7435897435898
OG_06599,260.7,731.7631578947369,1540.3846153846155,1279.6846153846154,Pocillopora tuahiniensis,1540.3846153846155
OG_04651,900.225,146.65789473684214,1423.948717948718,1277.290823211876,Pocillopora tuahiniensis,1423.948717948718
OG_18285,NA,127.39473684210529,1391.3333333333333,1263.938596491228,Pocillopora tuahiniensis,1391.3333333333333
OG_00171,1723.375,636.6842105263158,474.8205128205128,1248.5544871794873,Acropora pulchra,1723.375
OG_02439,130.69999999999996,427.65789473684214,1341.4358974358975,1210.7358974358974,Pocillopora tuahiniensis,1341.4358974358975
OG_03269,1488.6,340.92105263157885,1547.2051282051282,1206.2840755735492,Pocillopora tuahiniensis,1547.2051282051282
OG_05514,623.2749999999999,1821.2894736842104,1264.3333333333335,1198.0144736842105,Porites evermanni,1821.2894736842104
OG_00430,292.6499999999999,1011.078947368421,1480.7948717948718,1188.144871794872,Pocillopora tuahiniensis,1480.7948717948718
OG_09657,1591.8,434.8421052631579,1347.051282051282,1156.957894736842,Acropora pulchra,1591.8
OG_12878,1866.3,3003.1052631578946,NA,1136.8052631578946,Porites evermanni,3003.1052631578946
OG_06670,1819.75,691.2894736842106,1103.3076923076924,1128.4605263157894,Acropora pulchra,1819.75
OG_04115,1200.225,83.94736842105263,163.33333333333334,1116.2776315789472,Acropora pulchra,1200.225
OG_13910,32026,NA,33141.48717948718,1115.4871794871797,Pocillopora tuahiniensis,33141.48717948718
OG_03298,1244,130.5263157894737,218.6153846153846,1113.4736842105262,Acropora pulchra,1244
OG_01354,1417.925,676.6052631578948,313.79487179487177,1104.1301282051281,Acropora pulchra,1417.925
OG_10267,NA,10881.552631578947,11976.02564102564,1094.473009446694,Pocillopora tuahiniensis,11976.02564102564
OG_03330,1517.875,429.8157894736842,932.7692307692308,1088.0592105263158,Acropora pulchra,1517.875
OG_00466,573.025,1397.9736842105262,318.15384615384613,1079.81983805668,Porites evermanni,1397.9736842105262
OG_10183,79.45,1153.6842105263156,163.46153846153845,1074.2342105263156,Porites evermanni,1153.6842105263156
OG_01121,6.125,817.0263157894736,1049.6666666666667,1043.5416666666667,Pocillopora tuahiniensis,1049.6666666666667
OG_06384,331.25,177.92105263157896,1202.7435897435898,1024.8225371120109,Pocillopora tuahiniensis,1202.7435897435898
OG_07508,1076.075,53.94736842105264,339.1794871794872,1022.1276315789474,Acropora pulchra,1076.075
OG_13484,420.725,1432.736842105263,NA,1012.0118421052629,Porites evermanni,1432.736842105263
OG_12107,1505.125,499.0789473684211,NA,1006.046052631579,Acropora pulchra,1505.125
OG_05718,842.075,1307.7105263157896,1847.6923076923076,1005.6173076923076,Pocillopora tuahiniensis,1847.6923076923076
OG_01981,971.45,1972.2894736842104,976.1538461538462,1000.8394736842104,Porites evermanni,1972.2894736842104
OG_04538,1324.1,507.94736842105266,325.79487179487177,998.3051282051281,Acropora pulchra,1324.1
OG_01475,605.35,1137.9473684210527,150.41025641025644,987.5371120107962,Porites evermanni,1137.9473684210527
OG_05366,534.875,383.6052631578947,1371,987.3947368421053,Pocillopora tuahiniensis,1371
OG_01223,164.05,118.13157894736841,1105.3333333333335,987.201754385965,Pocillopora tuahiniensis,1105.3333333333335
OG_15121,2720.425,NA,1751.3333333333333,969.0916666666669,Acropora pulchra,2720.425
OG_04243,437.45,120.5263157894737,1080.3076923076924,959.7813765182186,Pocillopora tuahiniensis,1080.3076923076924
OG_10450,951.3,6.657894736842104,NA,944.6421052631579,Acropora pulchra,951.3
OG_01317,955.4,553.2105263157894,1478.179487179487,924.9689608636977,Pocillopora tuahiniensis,1478.179487179487
OG_02184,1149.8,227.8684210526316,618.0769230769231,921.9315789473684,Acropora pulchra,1149.8
OG_08920,189.75,1102.8157894736842,521.2564102564103,913.0657894736842,Porites evermanni,1102.8157894736842
OG_04247,1253.55,757.578947368421,348.64102564102564,904.9089743589743,Acropora pulchra,1253.55
OG_08622,1106.7,1199.0263157894738,1980.051282051282,873.3512820512819,Pocillopora tuahiniensis,1980.051282051282
OG_07892,1151.775,279.47368421052636,415.0769230769231,872.3013157894737,Acropora pulchra,1151.775
OG_11813,1160.0250000000003,291.2894736842106,NA,868.7355263157897,Acropora pulchra,1160.0250000000003
OG_12568,983.0499999999998,1851.7105263157896,NA,868.6605263157898,Porites evermanni,1851.7105263157896
OG_15459,176.675,NA,1039.7948717948718,863.1198717948719,Pocillopora tuahiniensis,1039.7948717948718
OG_01608,576.375,996.0263157894736,1427.102564102564,850.727564102564,Pocillopora tuahiniensis,1427.102564102564
OG_07958,102.35,54.65789473684211,903.3333333333333,848.6754385964912,Pocillopora tuahiniensis,903.3333333333333
OG_16789,NA,211.73684210526318,1049.4358974358975,837.6990553306343,Pocillopora tuahiniensis,1049.4358974358975
OG_09486,776.6499999999999,1611.6315789473683,1364.923076923077,834.9815789473685,Porites evermanni,1611.6315789473683
OG_00572,1136.95,309.5526315789474,370.2307692307692,827.3973684210526,Acropora pulchra,1136.95
OG_10205,1202.775,376.6578947368421,695.1538461538462,826.117105263158,Acropora pulchra,1202.775
OG_14262,4.4,NA,824.4358974358975,820.0358974358975,Pocillopora tuahiniensis,824.4358974358975
OG_04723,626.375,188.92105263157896,991.0512820512821,802.1302294197031,Pocillopora tuahiniensis,991.0512820512821
OG_09174,59.22500000000001,110.73684210526315,856.7179487179487,797.4929487179487,Pocillopora tuahiniensis,856.7179487179487
OG_13201,50.95,839.2631578947369,NA,788.3131578947368,Porites evermanni,839.2631578947369
OG_15137,1236.225,NA,449.9230769230769,786.301923076923,Acropora pulchra,1236.225
OG_09487,1195.8,1852.9736842105262,1975.4615384615383,779.6615384615384,Pocillopora tuahiniensis,1975.4615384615383
OG_10265,NA,366.1842105263158,1140.6153846153845,774.4311740890687,Pocillopora tuahiniensis,1140.6153846153845
OG_03291,410.125,413.7105263157895,1184.4871794871794,774.3621794871794,Pocillopora tuahiniensis,1184.4871794871794
OG_09310,184.75,335.8421052631579,957.3589743589743,772.6089743589743,Pocillopora tuahiniensis,957.3589743589743
OG_07183,174.5,161.94736842105266,931.2564102564103,769.3090418353577,Pocillopora tuahiniensis,931.2564102564103
OG_17483,NA,360.07894736842104,1121.5384615384614,761.4595141700404,Pocillopora tuahiniensis,1121.5384615384614
OG_02220,587.225,272.5526315789474,1009.5897435897435,737.0371120107961,Pocillopora tuahiniensis,1009.5897435897435
OG_06931,227.625,154.10526315789474,885.1794871794872,731.0742240215925,Pocillopora tuahiniensis,885.1794871794872
OG_04789,1595.225,913.7894736842105,867.1538461538462,728.0711538461537,Acropora pulchra,1595.225
OG_15208,288.95,NA,1010.9230769230769,721.9730769230769,Pocillopora tuahiniensis,1010.9230769230769
OG_08874,520.55,69.92105263157895,788.2307692307692,718.3097165991902,Pocillopora tuahiniensis,788.2307692307692
OG_09969,517.525,951.2105263157895,238.25641025641025,712.9541160593792,Porites evermanni,951.2105263157895
OG_12880,5899.225,5192.684210526316,NA,706.5407894736845,Acropora pulchra,5899.225
OG_14037,323.9,NA,1028.897435897436,704.997435897436,Pocillopora tuahiniensis,1028.897435897436
OG_04547,503.775,1144.3684210526317,1200.3589743589744,696.5839743589744,Pocillopora tuahiniensis,1200.3589743589744
OG_02146,743.075,96.71052631578948,48.69230769230769,694.3826923076923,Acropora pulchra,743.075
OG_06592,264.725,600.5263157894736,956.3333333333334,691.6083333333333,Pocillopora tuahiniensis,956.3333333333334
OG_09796,861.3250000000002,176.31578947368422,736.2820512820513,685.0092105263159,Acropora pulchra,861.3250000000002
OG_01452,1007.2,1686.8157894736842,1419.6410256410256,679.6157894736841,Porites evermanni,1686.8157894736842
OG_08658,918.35,240.73684210526318,560.4358974358975,677.6131578947368,Acropora pulchra,918.35
OG_09423,454.85,798,1129.076923076923,674.2269230769231,Pocillopora tuahiniensis,1129.076923076923
OG_08914,686.675,31.236842105263158,19.666666666666664,667.0083333333333,Acropora pulchra,686.675
OG_12108,1279.6,1944.342105263158,NA,664.742105263158,Porites evermanni,1944.342105263158
OG_12447,1569.25,908.6578947368421,NA,660.5921052631579,Acropora pulchra,1569.25
OG_07404,462.7,733.4736842105264,1121.6923076923076,658.9923076923076,Pocillopora tuahiniensis,1121.6923076923076
OG_18223,NA,75.42105263157895,730.2051282051282,654.7840755735492,Pocillopora tuahiniensis,730.2051282051282
OG_00807,1342.475,1250.157894736842,694.1282051282051,648.3467948717948,Acropora pulchra,1342.475
OG_07389,833.025,212.05263157894737,186.25641025641025,646.7685897435897,Acropora pulchra,833.025
OG_07331,252.275,671.3684210526314,30.615384615384617,640.7530364372468,Porites evermanni,671.3684210526314
OG_06719,302.575,452.7631578947369,926.3846153846155,623.8096153846154,Pocillopora tuahiniensis,926.3846153846155
OG_02163,606.5,21.05263157894737,361,585.4473684210526,Acropora pulchra,606.5
OG_10121,340.95,366.52631578947364,925.1538461538462,584.2038461538461,Pocillopora tuahiniensis,925.1538461538462
OG_02358,352.125,178.3947368421053,756.025641025641,577.6309041835357,Pocillopora tuahiniensis,756.025641025641
OG_06181,5187.75,4934.157894736842,4610.128205128205,577.6217948717949,Acropora pulchra,5187.75
OG_12888,1160.55,1735.7105263157896,NA,575.1605263157896,Porites evermanni,1735.7105263157896
OG_06004,818.575,721.2631578947369,1294.051282051282,572.7881241565451,Pocillopora tuahiniensis,1294.051282051282
OG_03429,239.6,19.18421052631579,591.9230769230769,572.7388663967611,Pocillopora tuahiniensis,591.9230769230769
OG_12162,12.324999999999998,581.8947368421052,NA,569.5697368421052,Porites evermanni,581.8947368421052
OG_10675,379.9750000000001,949.3684210526316,NA,569.3934210526315,Porites evermanni,949.3684210526316
OG_12032,142.3,709.8684210526316,NA,567.5684210526315,Porites evermanni,709.8684210526316
OG_15283,8.25,NA,570.1794871794874,561.9294871794874,Pocillopora tuahiniensis,570.1794871794874
OG_03270,220.9,36.28947368421053,595,558.7105263157895,Pocillopora tuahiniensis,595
OG_07620,576.325,910.3157894736842,353.025641025641,557.2901484480432,Porites evermanni,910.3157894736842
OG_06712,5.825,252.3684210526316,555.2051282051282,549.3801282051281,Pocillopora tuahiniensis,555.2051282051282
OG_14915,146.1,NA,687.2051282051283,541.1051282051283,Pocillopora tuahiniensis,687.2051282051283
OG_02690,260.2,52.55263157894737,585.4102564102565,532.8576248313091,Pocillopora tuahiniensis,585.4102564102565
OG_15383,542.9,NA,21.512820512820515,521.3871794871794,Acropora pulchra,542.9
OG_05087,506.325,84.39473684210526,598.7435897435897,514.3488529014844,Pocillopora tuahiniensis,598.7435897435897
OG_14012,1595,NA,1086.179487179487,508.82051282051293,Acropora pulchra,1595
OG_06754,250.07499999999996,749.0526315789474,585.6923076923077,498.97763157894747,Porites evermanni,749.0526315789474
OG_04443,655.9,206.94736842105263,159.94871794871796,495.951282051282,Acropora pulchra,655.9
OG_09942,441.05,57.3421052631579,545.8205128205128,488.4784075573549,Pocillopora tuahiniensis,545.8205128205128
OG_03288,280.1,13.447368421052632,499.61538461538464,486.168016194332,Pocillopora tuahiniensis,499.61538461538464
OG_01724,600.725,123.07894736842107,219.28205128205127,477.646052631579,Acropora pulchra,600.725
OG_14685,788.525,NA,322.56410256410254,465.96089743589744,Acropora pulchra,788.525
OG_02012,201.225,403.7105263157895,666.1282051282051,464.90320512820506,Pocillopora tuahiniensis,666.1282051282051
OG_10039,202.525,88.94736842105263,548.3589743589744,459.41160593792176,Pocillopora tuahiniensis,548.3589743589744
OG_00246,488.075,173.31578947368425,32,456.075,Acropora pulchra,488.075
OG_14382,21.95,NA,473.61538461538464,451.66538461538465,Pocillopora tuahiniensis,473.61538461538464
OG_16209,NA,21.526315789473685,461.6666666666667,440.140350877193,Pocillopora tuahiniensis,461.6666666666667
OG_12109,506.775,67.47368421052632,NA,439.3013157894737,Acropora pulchra,506.775
OG_06234,61.27500000000001,2,440.71794871794873,438.71794871794873,Pocillopora tuahiniensis,440.71794871794873
OG_10681,490.8,55,NA,435.8,Acropora pulchra,490.8
OG_08331,21.225,81.73684210526315,453.61538461538464,432.3903846153846,Pocillopora tuahiniensis,453.61538461538464
OG_08144,94.65,514.578947368421,305.8205128205128,419.92894736842106,Porites evermanni,514.578947368421
OG_08083,53.7,38.078947368421055,453.6153846153846,415.53643724696354,Pocillopora tuahiniensis,453.6153846153846
OG_16380,NA,314.7894736842106,728.6666666666667,413.87719298245617,Pocillopora tuahiniensis,728.6666666666667
OG_05308,655.425,242.65789473684214,420.71794871794873,412.7671052631578,Acropora pulchra,655.425
OG_06607,509.35,250.28947368421052,108.64102564102564,400.7089743589744,Acropora pulchra,509.35
OG_18179,NA,105.42105263157895,506.0769230769231,400.65587044534414,Pocillopora tuahiniensis,506.0769230769231
OG_10004,502.925,129.10526315789474,106.28205128205128,396.64294871794874,Acropora pulchra,502.925
OG_06610,166.5,52.315789473684205,444.8205128205128,392.5047233468286,Pocillopora tuahiniensis,444.8205128205128
OG_16383,NA,30.5,415.9487179487179,385.4487179487179,Pocillopora tuahiniensis,415.9487179487179
OG_16145,NA,77.28947368421052,461.38461538461536,384.09514170040484,Pocillopora tuahiniensis,461.38461538461536
OG_00643,389.325,70.07894736842107,7.102564102564102,382.2224358974359,Acropora pulchra,389.325
OG_09003,77.15,87.5,457.66666666666663,380.51666666666665,Pocillopora tuahiniensis,457.66666666666663
OG_08143,315.3500000000001,572.3421052631579,693.3846153846154,378.0346153846153,Pocillopora tuahiniensis,693.3846153846154
OG_09424,374.1,745.6052631578948,735.6666666666666,371.5052631578948,Porites evermanni,745.6052631578948
OG_04694,432.225,323.8157894736842,694,370.1842105263158,Pocillopora tuahiniensis,694
OG_05367,1977.025,1965.4473684210527,1610.871794871795,366.1532051282052,Acropora pulchra,1977.025
OG_07807,962.3499999999999,753.9736842105262,597.8461538461538,364.5038461538461,Acropora pulchra,962.3499999999999
OG_02102,134.5,54.184210526315795,412.33333333333337,358.1491228070176,Pocillopora tuahiniensis,412.33333333333337
OG_02537,375.375,17.23684210526316,138.64102564102564,358.1381578947368,Acropora pulchra,375.375
OG_01353,132.35,418.2368421052632,62.128205128205124,356.10863697705804,Porites evermanni,418.2368421052632
OG_16489,NA,51.921052631578945,403.15384615384613,351.2327935222672,Pocillopora tuahiniensis,403.15384615384613
OG_02260,499.80000000000007,149.1578947368421,369.0769230769231,350.642105263158,Acropora pulchra,499.80000000000007
OG_08432,411.575,62.421052631578945,136.46153846153845,349.15394736842103,Acropora pulchra,411.575
OG_04372,73.2,20.02631578947368,368.7692307692308,348.7429149797571,Pocillopora tuahiniensis,368.7692307692308
OG_15544,580.925,NA,928.4615384615385,347.5365384615385,Pocillopora tuahiniensis,928.4615384615385
OG_03626,257.125,35.39473684210526,370.35897435897436,334.9642375168691,Pocillopora tuahiniensis,370.35897435897436
OG_03267,420.25,86.13157894736841,122.30769230769229,334.11842105263156,Acropora pulchra,420.25
OG_05713,488.3,162.55263157894737,432.64102564102564,325.74736842105267,Acropora pulchra,488.3
OG_15140,63.575,NA,385.15384615384613,321.57884615384614,Pocillopora tuahiniensis,385.15384615384613
OG_05952,261.80000000000007,149.97368421052633,467,317.02631578947364,Pocillopora tuahiniensis,467
OG_05856,568.175,254.34210526315786,481.6923076923077,313.8328947368421,Acropora pulchra,568.175
OG_11839,369.6,58.421052631578945,NA,311.17894736842106,Acropora pulchra,369.6
OG_14257,46.075,NA,351,304.925,Pocillopora tuahiniensis,351
OG_13882,81.875,NA,385.025641025641,303.150641025641,Pocillopora tuahiniensis,385.025641025641
OG_12369,714.375,411.57894736842104,NA,302.79605263157896,Acropora pulchra,714.375
OG_05250,298.95,1.263157894736842,1.230769230769231,297.71923076923076,Acropora pulchra,298.95
OG_13428,134.35000000000002,427.57894736842104,NA,293.228947368421,Porites evermanni,427.57894736842104
OG_07150,261.075,94.73684210526315,385.4102564102564,290.67341430499323,Pocillopora tuahiniensis,385.4102564102564
OG_07042,283.625,114.84210526315789,396.1794871794872,281.33738191632926,Pocillopora tuahiniensis,396.1794871794872
OG_14901,50.925,NA,329.9230769230769,278.9980769230769,Pocillopora tuahiniensis,329.9230769230769
OG_01277,325.05,47.868421052631575,167.5128205128205,277.18157894736845,Acropora pulchra,325.05
OG_04515,74.625,29.157894736842103,304.6923076923077,275.5344129554656,Pocillopora tuahiniensis,304.6923076923077
OG_17176,NA,200.10526315789474,475.6153846153846,275.51012145748984,Pocillopora tuahiniensis,475.6153846153846
OG_07772,278.6,3.894736842105263,50.82051282051282,274.70526315789476,Acropora pulchra,278.6
OG_06717,625.95,720.2631578947369,447.2564102564103,273.0067476383266,Porites evermanni,720.2631578947369
OG_01312,472.15,745,594.1794871794872,272.85,Porites evermanni,745
OG_13091,288.05,17.55263157894737,NA,270.49736842105267,Acropora pulchra,288.05
OG_13013,213.225,483.2631578947369,NA,270.03815789473686,Porites evermanni,483.2631578947369
OG_06922,284.775,552.0526315789474,306.71794871794873,267.2776315789474,Porites evermanni,552.0526315789474
OG_08717,293.625,26.473684210526315,32.743589743589745,267.1513157894737,Acropora pulchra,293.625
OG_05950,73.65,42.315789473684205,309.43589743589746,267.12010796221324,Pocillopora tuahiniensis,309.43589743589746
OG_08145,55.45,17.55263157894737,283.0769230769231,265.5242914979757,Pocillopora tuahiniensis,283.0769230769231
OG_17058,NA,713.9736842105264,449.9230769230769,264.05060728744945,Porites evermanni,713.9736842105264
OG_12165,619.2,355.7368421052632,NA,263.46315789473687,Acropora pulchra,619.2
OG_12785,440.4750000000001,177.26315789473688,NA,263.2118421052632,Acropora pulchra,440.4750000000001
OG_04209,2.275,61.76315789473685,264,261.725,Pocillopora tuahiniensis,264
OG_11831,674.825,417.2894736842105,NA,257.5355263157895,Acropora pulchra,674.825
OG_08497,428.45,172.26315789473682,177.3846153846154,256.18684210526317,Acropora pulchra,428.45
OG_15738,NA,43.131578947368425,298.8205128205128,255.68893387314438,Pocillopora tuahiniensis,298.8205128205128
OG_12683,321.175,66,NA,255.175,Acropora pulchra,321.175
OG_14276,733.775,NA,988.2564102564103,254.4814102564103,Pocillopora tuahiniensis,988.2564102564103
OG_01117,621.55,371.2368421052632,457.6153846153846,250.31315789473678,Acropora pulchra,621.55
OG_05304,104.525,9.052631578947368,257.8205128205128,248.76788124156545,Pocillopora tuahiniensis,257.8205128205128
OG_02176,198.15,89.39473684210526,337.69230769230774,248.29757085020248,Pocillopora tuahiniensis,337.69230769230774
OG_02219,508.55,260.2894736842106,452.1794871794872,248.26052631578943,Acropora pulchra,508.55
OG_14626,259.6,NA,11.58974358974359,248.01025641025643,Acropora pulchra,259.6
OG_15550,351.575,NA,105.17948717948718,246.3955128205128,Acropora pulchra,351.575
OG_05666,14.825,113.21052631578948,261.12820512820514,246.30320512820515,Pocillopora tuahiniensis,261.12820512820514
OG_14623,674.825,NA,431.9230769230769,242.90192307692314,Acropora pulchra,674.825
OG_03484,268,30.526315789473685,28.153846153846153,239.84615384615384,Acropora pulchra,268
OG_05568,288.275,49.78947368421053,140.84615384615384,238.48552631578946,Acropora pulchra,288.275
OG_12163,12.324999999999998,247.81578947368425,NA,235.49078947368426,Porites evermanni,247.81578947368425
OG_00030,134.7,97.36842105263159,328.33333333333337,230.96491228070178,Pocillopora tuahiniensis,328.33333333333337
OG_03268,267.475,64.34210526315789,36.94871794871794,230.52628205128207,Acropora pulchra,267.475
OG_00842,39.85,13.342105263157896,242.35897435897436,229.01686909581647,Pocillopora tuahiniensis,242.35897435897436
OG_11852,236.675,7.736842105263158,NA,228.93815789473686,Acropora pulchra,236.675
OG_01611,321,239.5,467.64102564102564,228.14102564102564,Pocillopora tuahiniensis,467.64102564102564
OG_14615,245.9,NA,19.12820512820513,226.77179487179487,Acropora pulchra,245.9
OG_04165,555.3,781.8947368421052,600.025641025641,226.59473684210525,Porites evermanni,781.8947368421052
OG_09986,272.725,46.94736842105263,238.05128205128207,225.7776315789474,Acropora pulchra,272.725
OG_01579,17.225,129.31578947368422,242.6153846153846,225.39038461538462,Pocillopora tuahiniensis,242.6153846153846
OG_13191,259.65,34.26315789473684,NA,225.38684210526313,Acropora pulchra,259.65
OG_14563,52.075,NA,277.025641025641,224.950641025641,Pocillopora tuahiniensis,277.025641025641
OG_02935,29.975,67.26315789473685,253.82051282051282,223.84551282051282,Pocillopora tuahiniensis,253.82051282051282
OG_17124,NA,35.763157894736835,258.84615384615387,223.08299595141705,Pocillopora tuahiniensis,258.84615384615387
OG_10812,107.825,328.6315789473685,NA,220.8065789473685,Porites evermanni,328.6315789473685
OG_18058,NA,86.42105263157895,307.1025641025641,220.68151147098513,Pocillopora tuahiniensis,307.1025641025641
OG_10818,264.45,45.526315789473685,NA,218.9236842105263,Acropora pulchra,264.45
OG_06775,138.875,116.89473684210526,334.8974358974359,218.00269905533065,Pocillopora tuahiniensis,334.8974358974359
OG_11870,113.67500000000001,324.07894736842104,NA,210.40394736842103,Porites evermanni,324.07894736842104
OG_11812,245.9,42.315789473684205,NA,203.58421052631581,Acropora pulchra,245.9
OG_06236,278.675,77.73684210526315,117.66666666666666,200.93815789473686,Acropora pulchra,278.675
OG_06875,82.6,20.342105263157897,219.10256410256412,198.76045883940623,Pocillopora tuahiniensis,219.10256410256412
OG_14588,456.45,NA,259.94871794871796,196.50128205128203,Acropora pulchra,456.45
OG_13481,10.9,206.73684210526318,NA,195.83684210526317,Porites evermanni,206.73684210526318
OG_09106,373.2,315.92105263157896,510.9230769230769,195.00202429149795,Pocillopora tuahiniensis,510.9230769230769
OG_15334,412.175,NA,223.5128205128205,188.66217948717951,Acropora pulchra,412.175
OG_08849,5.4,4.578947368421051,192.94871794871793,188.3697705802969,Pocillopora tuahiniensis,192.94871794871793
OG_11379,420.9750000000001,233.73684210526318,NA,187.2381578947369,Acropora pulchra,420.9750000000001
OG_04537,207.2,20.36842105263158,102.71794871794872,186.8315789473684,Acropora pulchra,207.2
OG_08259,134.15,53.71052631578947,236.43589743589743,182.72537112010795,Pocillopora tuahiniensis,236.43589743589743
OG_12320,182.05,1.6578947368421049,NA,180.3921052631579,Acropora pulchra,182.05
OG_15009,7.75,NA,186.94871794871796,179.19871794871796,Pocillopora tuahiniensis,186.94871794871796
OG_01384,57.35,97.39473684210526,236.43589743589743,179.08589743589744,Pocillopora tuahiniensis,236.43589743589743
OG_08663,96.75,17.07894736842105,194.35897435897436,177.28002699055332,Pocillopora tuahiniensis,194.35897435897436
OG_14094,370.525,NA,193.4871794871795,177.03782051282047,Acropora pulchra,370.525
OG_18057,NA,58.921052631578945,231.74358974358975,172.82253711201082,Pocillopora tuahiniensis,231.74358974358975
OG_02090,614.35,652.6578947368422,786.6923076923077,172.3423076923077,Pocillopora tuahiniensis,786.6923076923077
OG_10509,266.475,94.89473684210527,NA,171.58026315789476,Acropora pulchra,266.475
OG_11307,177.875,6.973684210526316,NA,170.90131578947367,Acropora pulchra,177.875
OG_06711,3.2249999999999996,6.710526315789474,168.4102564102564,165.18525641025641,Pocillopora tuahiniensis,168.4102564102564
OG_12050,78.75,241,NA,162.25,Porites evermanni,241
OG_16654,NA,60.73684210526316,222.94871794871796,162.2118758434548,Pocillopora tuahiniensis,222.94871794871796
OG_02408,183.325,22.789473684210527,34.74358974358974,160.53552631578947,Acropora pulchra,183.325
OG_11762,159.875,1.0263157894736836,NA,158.84868421052633,Acropora pulchra,159.875
OG_06955,338.55,303.9736842105263,460.0769230769231,156.1032388663968,Pocillopora tuahiniensis,460.0769230769231
OG_11984,164.17500000000004,319.94736842105266,NA,155.77236842105262,Porites evermanni,319.94736842105266
OG_13211,179.975,26.73684210526316,NA,153.23815789473684,Acropora pulchra,179.975
OG_12611,365.175,216.6052631578947,NA,148.5697368421053,Acropora pulchra,365.175
OG_05498,422.525,294.57894736842104,440.58974358974353,146.0107962213225,Pocillopora tuahiniensis,440.58974358974353
OG_00297,87.075,24.657894736842106,170.4102564102564,145.7523616734143,Pocillopora tuahiniensis,170.4102564102564
OG_11074,223.85000000000002,78.5,NA,145.35000000000002,Acropora pulchra,223.85000000000002
OG_17106,NA,193.68421052631575,336,142.31578947368425,Pocillopora tuahiniensis,336
OG_06373,25.25,7.921052631578948,149.64102564102564,141.71997300944668,Pocillopora tuahiniensis,149.64102564102564
OG_17285,NA,32.973684210526315,174.4871794871795,141.5134952766532,Pocillopora tuahiniensis,174.4871794871795
OG_10516,169.29999999999998,30.947368421052637,NA,138.35263157894735,Acropora pulchra,169.29999999999998
OG_10759,1.2000000000000004,138.05263157894734,NA,136.85263157894735,Porites evermanni,138.05263157894734
OG_10350,139.725,3.7894736842105265,NA,135.93552631578947,Acropora pulchra,139.725
OG_00305,250.525,115.34210526315788,160.46153846153845,135.18289473684212,Acropora pulchra,250.525
OG_10525,164.85000000000002,30.105263157894736,NA,134.74473684210528,Acropora pulchra,164.85000000000002
OG_08856,503.3,518.9736842105264,637.4871794871794,134.18717948717944,Pocillopora tuahiniensis,637.4871794871794
OG_07153,6.925000000000002,139.73684210526315,119.1025641025641,132.81184210526314,Porites evermanni,139.73684210526315
OG_16573,NA,93.57894736842107,225.5897435897436,132.01079622132252,Pocillopora tuahiniensis,225.5897435897436
OG_10584,144.65,13.657894736842103,NA,130.9921052631579,Acropora pulchra,144.65
OG_15815,NA,31.28947368421053,161.4871794871795,130.19770580296898,Pocillopora tuahiniensis,161.4871794871795
OG_16270,NA,25.210526315789473,155.02564102564102,129.81511470985154,Pocillopora tuahiniensis,155.02564102564102
OG_10480,253.55,124.81578947368422,NA,128.7342105263158,Acropora pulchra,253.55
OG_01727,141.075,92.92105263157893,13.179487179487179,127.8955128205128,Acropora pulchra,141.075
OG_17497,NA,3.342105263157895,130.5128205128205,127.1707152496626,Pocillopora tuahiniensis,130.5128205128205
OG_06158,138.55,67.39473684210526,192.15384615384613,124.75910931174087,Pocillopora tuahiniensis,192.15384615384613
OG_03289,94.925,11.947368421052632,134.28205128205127,122.33468286099864,Pocillopora tuahiniensis,134.28205128205127
OG_05010,143.7,22.263157894736835,35.23076923076923,121.43684210526315,Acropora pulchra,143.7
OG_09511,641.275,555.8684210526316,523.7435897435897,117.53141025641025,Acropora pulchra,641.275
OG_13465,310,192.78947368421052,NA,117.21052631578948,Acropora pulchra,310
OG_05819,45.975,21.605263157894733,137.66666666666669,116.06140350877195,Pocillopora tuahiniensis,137.66666666666669
OG_16944,NA,202.81578947368425,87.07692307692307,115.73886639676118,Porites evermanni,202.81578947368425
OG_05210,419.05,412.7368421052632,528.025641025641,115.28879892037781,Pocillopora tuahiniensis,528.025641025641
OG_16192,NA,187.73684210526318,302.33333333333337,114.59649122807019,Pocillopora tuahiniensis,302.33333333333337
OG_17045,NA,47.26315789473684,161.6923076923077,114.42914979757086,Pocillopora tuahiniensis,161.6923076923077
OG_01758,135.4,204,246.3846153846154,110.98461538461538,Pocillopora tuahiniensis,246.3846153846154
OG_11038,100.025,210.23684210526318,NA,110.21184210526317,Porites evermanni,210.23684210526318
OG_13153,139.4,30.73684210526316,NA,108.66315789473684,Acropora pulchra,139.4
OG_11794,237.6,128.94736842105263,NA,108.65263157894736,Acropora pulchra,237.6
OG_08528,75.02500000000002,114.71052631578948,6.384615384615384,108.32591093117409,Porites evermanni,114.71052631578948
OG_07330,117.42499999999998,9.763157894736842,70.76923076923077,107.66184210526313,Acropora pulchra,117.42499999999998
OG_16862,NA,26.05263157894737,133.12820512820514,107.07557354925777,Pocillopora tuahiniensis,133.12820512820514
OG_07252,84.2,191.10526315789474,126.97435897435898,106.90526315789474,Porites evermanni,191.10526315789474
OG_06908,5.575,2.657894736842106,108.76923076923077,106.11133603238866,Pocillopora tuahiniensis,108.76923076923077
OG_17098,NA,4.342105263157895,109.92307692307693,105.58097165991904,Pocillopora tuahiniensis,109.92307692307693
OG_04698,36.375,141.6578947368421,73.66666666666666,105.28289473684211,Porites evermanni,141.6578947368421
OG_04331,133.475,29.26315789473684,96.23076923076923,104.21184210526316,Acropora pulchra,133.475
OG_12031,211.25,314.2631578947368,NA,103.01315789473682,Porites evermanni,314.2631578947368
OG_12560,117.45,15.5,NA,101.95,Acropora pulchra,117.45
OG_12248,151.725,50.10526315789474,NA,101.61973684210525,Acropora pulchra,151.725
OG_15761,NA,6.18421052631579,105.7948717948718,99.610661268556,Pocillopora tuahiniensis,105.7948717948718
OG_14381,420.9750000000001,NA,520.3589743589743,99.38397435897417,Pocillopora tuahiniensis,520.3589743589743
OG_05637,54.400000000000006,131.0263157894737,32.3076923076923,98.7186234817814,Porites evermanni,131.0263157894737
OG_02149,47.775,146.18421052631578,97.10256410256412,98.40921052631577,Porites evermanni,146.18421052631578
OG_12496,113.825,17.73684210526316,NA,96.08815789473684,Acropora pulchra,113.825
OG_16539,NA,2.6842105263157903,98.28205128205128,95.59784075573549,Pocillopora tuahiniensis,98.28205128205128
OG_08077,104.85,31.97368421052632,127.12820512820512,95.15452091767881,Pocillopora tuahiniensis,127.12820512820512
OG_02148,233.97499999999997,139,166.66666666666666,94.97499999999997,Acropora pulchra,233.97499999999997
OG_00460,82.75,80.21052631578948,175.12820512820514,94.91767881241566,Pocillopora tuahiniensis,175.12820512820514
OG_12645,98.02500000000002,7.552631578947367,NA,90.47236842105265,Acropora pulchra,98.02500000000002
OG_08793,79.2,133.6315789473684,169.53846153846158,90.33846153846157,Pocillopora tuahiniensis,169.53846153846158
OG_11429,168.075,78.92105263157893,NA,89.15394736842106,Acropora pulchra,168.075
OG_14158,105.97499999999998,NA,16.94871794871795,89.02628205128204,Acropora pulchra,105.97499999999998
OG_14038,552.675,NA,640.7692307692307,88.09423076923076,Pocillopora tuahiniensis,640.7692307692307
OG_12125,140.44999999999996,52.47368421052632,NA,87.97631578947363,Acropora pulchra,140.44999999999996
OG_14674,145.75,NA,232.74358974358975,86.99358974358975,Pocillopora tuahiniensis,232.74358974358975
OG_10579,189.05,275.8157894736843,NA,86.76578947368426,Porites evermanni,275.8157894736843
OG_06616,110.25,133.1315789473684,46.38461538461539,86.74696356275302,Porites evermanni,133.1315789473684
OG_17533,NA,1.8157894736842106,88.3076923076923,86.4919028340081,Pocillopora tuahiniensis,88.3076923076923
OG_13214,0,85.71052631578948,NA,85.71052631578948,Porites evermanni,85.71052631578948
OG_01999,119.05,34.973684210526315,68.07692307692308,84.07631578947368,Acropora pulchra,119.05
OG_15682,NA,35.89473684210526,118.51282051282053,82.61808367071527,Pocillopora tuahiniensis,118.51282051282053
OG_11615,97.65,15.26315789473684,NA,82.38684210526317,Acropora pulchra,97.65
OG_18229,NA,15.710526315789473,97.64102564102564,81.93049932523616,Pocillopora tuahiniensis,97.64102564102564
OG_15816,NA,74.94736842105264,155.5897435897436,80.64237516869095,Pocillopora tuahiniensis,155.5897435897436
OG_15907,NA,16.52631578947368,97.1025641025641,80.57624831309042,Pocillopora tuahiniensis,97.1025641025641
OG_00632,30.925,2.157894736842105,82.33333333333333,80.17543859649122,Pocillopora tuahiniensis,82.33333333333333
OG_02186,83.02500000000002,4.552631578947367,49.07692307692307,78.47236842105265,Acropora pulchra,83.02500000000002
OG_14189,81.425,NA,3.2307692307692313,78.19423076923077,Acropora pulchra,81.425
OG_10937,82.225,4.526315789473683,NA,77.69868421052631,Acropora pulchra,82.225
OG_14514,874.525,NA,952.1025641025641,77.57756410256411,Pocillopora tuahiniensis,952.1025641025641
OG_03628,357.3,434.6578947368421,375.3076923076923,77.35789473684207,Porites evermanni,434.6578947368421
OG_16707,NA,178.31578947368422,101,77.31578947368422,Porites evermanni,178.31578947368422
OG_18325,NA,77.55263157894736,0.35897435897435903,77.19365721997299,Porites evermanni,77.55263157894736
OG_17157,NA,0.34210526315789475,77.3076923076923,76.96558704453442,Pocillopora tuahiniensis,77.3076923076923
OG_12166,254.15,330.3684210526315,NA,76.2184210526315,Porites evermanni,330.3684210526315
OG_08768,8.175,40.868421052631575,84.38461538461539,76.20961538461539,Pocillopora tuahiniensis,84.38461538461539
OG_14627,181.7,NA,256.5128205128205,74.81282051282051,Pocillopora tuahiniensis,256.5128205128205
OG_06247,59.125,30.5,103.43589743589743,72.93589743589743,Pocillopora tuahiniensis,103.43589743589743
OG_11291,18.025,90.55263157894736,NA,72.52763157894736,Porites evermanni,90.55263157894736
OG_16731,NA,0.6578947368421052,72.71794871794872,72.0600539811066,Pocillopora tuahiniensis,72.71794871794872
OG_06999,83.55,20.44736842105263,11.974358974358973,71.57564102564102,Acropora pulchra,83.55
OG_14100,7.375,NA,78.02564102564104,70.65064102564104,Pocillopora tuahiniensis,78.02564102564104
OG_18159,NA,1.7105263157894737,70.82051282051282,69.10998650472334,Pocillopora tuahiniensis,70.82051282051282
OG_11964,70.3,1.368421052631579,NA,68.93157894736842,Acropora pulchra,70.3
OG_11642,162.55,93.76315789473685,NA,68.78684210526316,Acropora pulchra,162.55
OG_13466,145.325,77.39473684210527,NA,67.93026315789471,Acropora pulchra,145.325
OG_17600,NA,97.65789473684211,165,67.34210526315789,Pocillopora tuahiniensis,165
OG_14066,160.175,NA,92.87179487179486,67.30320512820515,Acropora pulchra,160.175
OG_18262,NA,0.263157894736842,66.61538461538461,66.35222672064778,Pocillopora tuahiniensis,66.61538461538461
OG_15375,29.400000000000006,NA,94.28205128205128,64.88205128205128,Pocillopora tuahiniensis,94.28205128205128
OG_02070,75.17500000000001,12.105263157894733,10.512820512820515,64.6621794871795,Acropora pulchra,75.17500000000001
OG_14547,566.3,NA,501.7179487179487,64.58205128205128,Acropora pulchra,566.3
OG_18275,NA,365.3421052631579,429.9230769230769,64.58097165991899,Pocillopora tuahiniensis,429.9230769230769
OG_10815,50.474999999999994,111.8157894736842,NA,61.34078947368421,Porites evermanni,111.8157894736842
OG_14322,62.825,NA,3.487179487179487,59.337820512820514,Acropora pulchra,62.825
OG_11957,145.025,86.1842105263158,NA,58.84078947368421,Acropora pulchra,145.025
OG_07822,24.524999999999995,7.710526315789474,66.38461538461539,58.674089068825914,Pocillopora tuahiniensis,66.38461538461539
OG_16844,NA,0.07894736842105261,57.53846153846153,57.45951417004048,Pocillopora tuahiniensis,57.53846153846153
OG_18258,NA,67.21052631578948,9.846153846153847,57.36437246963563,Porites evermanni,67.21052631578948
OG_11245,115.775,59.34210526315788,NA,56.43289473684212,Acropora pulchra,115.775
OG_14710,140.7,NA,196.82051282051282,56.12051282051283,Pocillopora tuahiniensis,196.82051282051282
OG_16544,NA,5.289473684210526,60.64102564102564,55.351551956815115,Pocillopora tuahiniensis,60.64102564102564
OG_17739,NA,191.9736842105263,137.5897435897436,54.38394062078271,Porites evermanni,191.9736842105263
OG_14942,82.975,NA,136.6153846153846,53.64038461538462,Pocillopora tuahiniensis,136.6153846153846
OG_12371,78,24.421052631578945,NA,53.578947368421055,Acropora pulchra,78
OG_14500,62.975,NA,116.51282051282053,53.537820512820524,Pocillopora tuahiniensis,116.51282051282053
OG_11296,62.825,9.342105263157894,NA,53.48289473684211,Acropora pulchra,62.825
OG_04756,16.95,69,20.153846153846153,52.05,Porites evermanni,69
OG_04467,3.3250000000000006,0.868421052631579,50.717948717948715,49.84952766531713,Pocillopora tuahiniensis,50.717948717948715
OG_16158,NA,36.210526315789465,85.97435897435898,49.76383265856951,Pocillopora tuahiniensis,85.97435897435898
OG_14804,76.5,NA,26.74358974358974,49.75641025641026,Acropora pulchra,76.5
OG_03850,2.475,51.76315789473684,36.15384615384615,49.28815789473684,Porites evermanni,51.76315789473684
OG_12242,112.625,161.15789473684214,NA,48.53289473684214,Porites evermanni,161.15789473684214
OG_07265,12.425,54.57894736842106,6.102564102564102,48.47638326585696,Porites evermanni,54.57894736842106
OG_17849,NA,3.289473684210526,49.43589743589744,46.14642375168691,Pocillopora tuahiniensis,49.43589743589744
OG_15374,9.425000000000002,NA,55.38461538461539,45.95961538461538,Pocillopora tuahiniensis,55.38461538461539
OG_10109,202.9,240.18421052631575,248.53846153846155,45.63846153846154,Pocillopora tuahiniensis,248.53846153846155
OG_15086,103.625,NA,149.25641025641025,45.63141025641025,Pocillopora tuahiniensis,149.25641025641025
OG_15906,NA,2.6578947368421053,48.07692307692307,45.41902834008097,Pocillopora tuahiniensis,48.07692307692307
OG_14540,655.9,NA,610.6153846153846,45.284615384615336,Acropora pulchra,655.9
OG_11420,58.025000000000006,15.552631578947368,NA,42.472368421052636,Acropora pulchra,58.025000000000006
OG_10355,45.85,4.052631578947367,NA,41.79736842105263,Acropora pulchra,45.85
OG_03857,42.925,26.368421052631582,68.07692307692308,41.7085020242915,Pocillopora tuahiniensis,68.07692307692308
OG_10367,154.825,196.1578947368421,NA,41.33289473684212,Porites evermanni,196.1578947368421
OG_17591,NA,41.52631578947367,0.7692307692307693,40.757085020242904,Porites evermanni,41.52631578947367
OG_18078,NA,66.36842105263159,27.512820512820515,38.85560053981108,Porites evermanni,66.36842105263159
OG_06954,91.35,52.55263157894737,77.46153846153847,38.797368421052624,Acropora pulchra,91.35
OG_15060,52.125,NA,13.923076923076923,38.20192307692308,Acropora pulchra,52.125
OG_12612,247.025,209.6315789473684,NA,37.393421052631595,Acropora pulchra,247.025
OG_18224,NA,1.6842105263157896,38.717948717948715,37.03373819163293,Pocillopora tuahiniensis,38.717948717948715
OG_15796,NA,41.78947368421053,4.820512820512821,36.9689608636977,Porites evermanni,41.78947368421053
OG_10251,NA,38.10526315789474,1.717948717948718,36.387314439946024,Porites evermanni,38.10526315789474
OG_12927,48.8,12.86842105263158,NA,35.931578947368415,Acropora pulchra,48.8
OG_16586,NA,8.842105263157896,44.205128205128204,35.36302294197031,Pocillopora tuahiniensis,44.205128205128204
OG_05303,35.075,0,6.410256410256411,35.075,Acropora pulchra,35.075
OG_17222,NA,37.94736842105263,3.2307692307692313,34.7165991902834,Porites evermanni,37.94736842105263
OG_14612,53.1,NA,87.71794871794872,34.617948717948714,Pocillopora tuahiniensis,87.71794871794872
OG_10936,114.075,80.02631578947368,NA,34.04868421052632,Acropora pulchra,114.075
OG_17800,NA,43.947368421052644,10.333333333333334,33.61403508771931,Porites evermanni,43.947368421052644
OG_17012,NA,0.6578947368421049,33.82051282051282,33.162618083670715,Pocillopora tuahiniensis,33.82051282051282
OG_17479,NA,40.60526315789474,7.487179487179486,33.11808367071525,Porites evermanni,40.60526315789474
OG_10814,23.525000000000002,56.52631578947368,NA,33.00131578947368,Porites evermanni,56.52631578947368
OG_16585,NA,12.131578947368421,45.02564102564103,32.89406207827261,Pocillopora tuahiniensis,45.02564102564103
OG_12990,103.675,71.15789473684211,NA,32.51710526315789,Acropora pulchra,103.675
OG_07821,9.75,13.552631578947368,42,32.25,Pocillopora tuahiniensis,42
OG_11365,53.525,21.5,NA,32.025,Acropora pulchra,53.525
OG_11019,22.9,54.815789473684205,NA,31.915789473684207,Porites evermanni,54.815789473684205
OG_18263,NA,2.3157894736842106,33.82051282051282,31.504723346828605,Pocillopora tuahiniensis,33.82051282051282
OG_16485,NA,5.026315789473683,36.48717948717948,31.460863697705797,Pocillopora tuahiniensis,36.48717948717948
OG_13016,104.875,73.6842105263158,NA,31.190789473684205,Acropora pulchra,104.875
OG_13916,43.8,NA,13.512820512820513,30.287179487179486,Acropora pulchra,43.8
OG_06655,33.6,7.921052631578945,38.128205128205124,30.20715249662618,Pocillopora tuahiniensis,38.128205128205124
OG_11907,32.6,2.421052631578947,NA,30.178947368421056,Acropora pulchra,32.6
OG_17245,NA,31.394736842105267,1.564102564102564,29.8306342780027,Porites evermanni,31.394736842105267
OG_10938,82.5,111.6842105263158,NA,29.184210526315795,Porites evermanni,111.6842105263158
OG_01568,0,28.94736842105263,25.948717948717945,28.94736842105263,Porites evermanni,28.94736842105263
OG_14140,5.975,NA,34.23076923076923,28.255769230769232,Pocillopora tuahiniensis,34.23076923076923
OG_13334,57.675,85.73684210526316,NA,28.061842105263167,Porites evermanni,85.73684210526316
OG_15831,NA,136.5263157894737,109.33333333333334,27.192982456140356,Porites evermanni,136.5263157894737
OG_00298,14.95,17.5,41.94871794871795,26.99871794871795,Pocillopora tuahiniensis,41.94871794871795
OG_03856,9.1,4.473684210526316,31.435897435897438,26.962213225371123,Pocillopora tuahiniensis,31.435897435897438
OG_16548,NA,146.81578947368422,173.2051282051282,26.389338731443985,Pocillopora tuahiniensis,173.2051282051282
OG_11653,27.425,53.63157894736842,NA,26.206578947368417,Porites evermanni,53.63157894736842
OG_09638,26.15,0,1.9487179487179487,26.15,Acropora pulchra,26.15
OG_12844,27.175,1.131578947368421,NA,26.04342105263158,Acropora pulchra,27.175
OG_00514,35.225,50.13157894736842,60.51282051282051,25.28782051282051,Pocillopora tuahiniensis,60.51282051282051
OG_12046,86.575,61.39473684210526,NA,25.180263157894743,Acropora pulchra,86.575
OG_11234,29.475,4.86842105263158,NA,24.606578947368423,Acropora pulchra,29.475
OG_01748,23.225,31.86842105263158,47.35897435897436,24.133974358974356,Pocillopora tuahiniensis,47.35897435897436
OG_05717,26.025,21.44736842105263,2.128205128205128,23.89679487179487,Acropora pulchra,26.025
OG_10758,67.85,44.1578947368421,NA,23.69210526315789,Acropora pulchra,67.85
OG_16359,NA,28.63157894736841,5.461538461538462,23.17004048582995,Porites evermanni,28.63157894736841
OG_17596,NA,24.736842105263158,1.8205128205128203,22.916329284750336,Porites evermanni,24.736842105263158
OG_11380,8.45,30.815789473684205,NA,22.365789473684206,Porites evermanni,30.815789473684205
OG_01414,29.575,9.473684210526315,7.256410256410257,22.31858974358974,Acropora pulchra,29.575
OG_07531,41.625,19.315789473684212,24.25641025641026,22.309210526315788,Acropora pulchra,41.625
OG_14711,4.775,NA,27.051282051282055,22.276282051282053,Pocillopora tuahiniensis,27.051282051282055
OG_10522,5.95,28.05263157894737,NA,22.10263157894737,Porites evermanni,28.05263157894737
OG_16980,NA,49.815789473684205,71.76923076923079,21.953441295546583,Pocillopora tuahiniensis,71.76923076923079
OG_02924,22.05,0.23684210526315794,3.1025641025641026,21.813157894736843,Acropora pulchra,22.05
OG_15087,27.725,NA,5.923076923076923,21.801923076923078,Acropora pulchra,27.725
OG_13026,14.15,35.26315789473684,NA,21.113157894736844,Porites evermanni,35.26315789473684
OG_17027,NA,1,22.025641025641026,21.025641025641026,Pocillopora tuahiniensis,22.025641025641026
OG_16307,NA,11.078947368421053,31.97435897435897,20.895411605937916,Pocillopora tuahiniensis,31.97435897435897
OG_16122,NA,21.842105263157897,1.8461538461538458,19.99595141700405,Porites evermanni,21.842105263157897
OG_02619,11.975,14.263157894736842,31.82051282051282,19.845512820512823,Pocillopora tuahiniensis,31.82051282051282
OG_13190,159.625,140.07894736842104,NA,19.54605263157896,Acropora pulchra,159.625
OG_13154,22.350000000000005,3.236842105263158,NA,19.113157894736847,Acropora pulchra,22.350000000000005
OG_14279,19,NA,38.05128205128206,19.051282051282058,Pocillopora tuahiniensis,38.05128205128206
OG_11900,25.9,7.18421052631579,NA,18.715789473684207,Acropora pulchra,25.9
OG_14380,90.25,NA,108.92307692307693,18.673076923076934,Pocillopora tuahiniensis,108.92307692307693
OG_10838,18.625,0,NA,18.625,Acropora pulchra,18.625
OG_15021,9.95,NA,28.512820512820515,18.562820512820515,Pocillopora tuahiniensis,28.512820512820515
OG_17841,NA,40.3421052631579,21.82051282051282,18.521592442645076,Porites evermanni,40.3421052631579
OG_12518,342.25,360.7105263157894,NA,18.460526315789423,Porites evermanni,360.7105263157894
OG_18118,NA,232.34210526315786,250.74358974358975,18.40148448043189,Pocillopora tuahiniensis,250.74358974358975
OG_11017,5.7,23.92105263157895,NA,18.22105263157895,Porites evermanni,23.92105263157895
OG_15551,47.5,NA,30.33333333333332,17.16666666666668,Acropora pulchra,47.5
OG_11360,28.85,11.868421052631579,NA,16.981578947368423,Acropora pulchra,28.85
OG_11084,52.19999999999999,35.6578947368421,NA,16.542105263157886,Acropora pulchra,52.19999999999999
OG_16289,NA,13.894736842105265,30.384615384615383,16.48987854251012,Pocillopora tuahiniensis,30.384615384615383
OG_14994,0.575,NA,16.923076923076923,16.348076923076924,Pocillopora tuahiniensis,16.923076923076923
OG_00378,27.775,11.447368421052634,24.15384615384615,16.327631578947365,Acropora pulchra,27.775
OG_12646,19.475000000000005,3.2894736842105257,NA,16.18552631578948,Acropora pulchra,19.475000000000005
OG_15920,NA,0.28947368421052627,16.461538461538467,16.17206477732794,Pocillopora tuahiniensis,16.461538461538467
OG_15020,2.675,NA,18.769230769230766,16.094230769230766,Pocillopora tuahiniensis,18.769230769230766
OG_00176,18.8,9.657894736842106,25.641025641025642,15.983130904183536,Pocillopora tuahiniensis,25.641025641025642
OG_12424,248.7,264.1842105263158,NA,15.484210526315792,Porites evermanni,264.1842105263158
OG_10520,17.274999999999995,1.8157894736842106,NA,15.459210526315784,Acropora pulchra,17.274999999999995
OG_12102,27.775,12.342105263157894,NA,15.432894736842105,Acropora pulchra,27.775
OG_15089,98.02500000000002,NA,112.6153846153846,14.590384615384579,Pocillopora tuahiniensis,112.6153846153846
OG_17186,NA,17.657894736842106,3.3076923076923084,14.350202429149798,Porites evermanni,17.657894736842106
OG_11899,145.75,159.4736842105263,NA,13.7236842105263,Porites evermanni,159.4736842105263
OG_12837,13.925,27.31578947368421,NA,13.390789473684208,Porites evermanni,27.31578947368421
OG_14295,0.049999999999999975,NA,13.333333333333332,13.283333333333331,Pocillopora tuahiniensis,13.333333333333332
OG_13792,45.85,NA,59,13.149999999999999,Pocillopora tuahiniensis,59
OG_12616,25.4,12.657894736842104,NA,12.742105263157894,Acropora pulchra,25.4
OG_12007,67.025,54.36842105263159,NA,12.656578947368416,Acropora pulchra,67.025
OG_13215,12.575,0,NA,12.575,Acropora pulchra,12.575
OG_16469,NA,0.6315789473684209,13.12820512820513,12.496626180836708,Pocillopora tuahiniensis,13.12820512820513
OG_10475,35.675,23.21052631578947,NA,12.464473684210528,Acropora pulchra,35.675
OG_10515,13.375,1.0263157894736843,NA,12.348684210526315,Acropora pulchra,13.375
OG_13877,3.0749999999999984,NA,15.025641025641027,11.95064102564103,Pocillopora tuahiniensis,15.025641025641027
OG_13886,67.3,NA,79.12820512820512,11.828205128205127,Pocillopora tuahiniensis,79.12820512820512
OG_11215,19,7.289473684210526,NA,11.710526315789474,Acropora pulchra,19
OG_17556,NA,23.42105263157895,12.615384615384617,10.805668016194332,Porites evermanni,23.42105263157895
OG_17806,NA,27.18421052631579,16.435897435897438,10.748313090418353,Porites evermanni,27.18421052631579
OG_00302,4.925,1.1578947368421049,11.769230769230768,10.611336032388664,Pocillopora tuahiniensis,11.769230769230768
OG_12972,31.25,41.78947368421053,NA,10.539473684210527,Porites evermanni,41.78947368421053
OG_09897,17.2,23.57894736842105,27.692307692307693,10.492307692307694,Pocillopora tuahiniensis,27.692307692307693
OG_16627,NA,16.55263157894737,26.974358974358978,10.421727395411608,Pocillopora tuahiniensis,26.974358974358978
OG_14408,20.9,NA,31.205128205128204,10.305128205128206,Pocillopora tuahiniensis,31.205128205128204
OG_11292,36.375,26.184210526315795,NA,10.190789473684205,Acropora pulchra,36.375
OG_14206,14.15,NA,4.076923076923077,10.073076923076924,Acropora pulchra,14.15
OG_12318,2.9500000000000006,12.973684210526315,NA,10.023684210526314,Porites evermanni,12.973684210526315
OG_11423,20.9,10.921052631578949,NA,9.97894736842105,Acropora pulchra,20.9
OG_17015,NA,63.02631578947368,72.46153846153847,9.43522267206479,Pocillopora tuahiniensis,72.46153846153847
OG_15462,57.675,NA,48.92307692307693,8.75192307692307,Acropora pulchra,57.675
OG_11983,15.9,7.3157894736842115,NA,8.58421052631579,Acropora pulchra,15.9
OG_11644,0.525,8.921052631578947,NA,8.396052631578947,Porites evermanni,8.921052631578947
OG_15070,47.20000000000001,NA,55.56410256410256,8.364102564102552,Pocillopora tuahiniensis,55.56410256410256
OG_11381,4.075,12.421052631578945,NA,8.346052631578946,Porites evermanni,12.421052631578945
OG_13059,0.925,9.23684210526316,NA,8.311842105263159,Porites evermanni,9.23684210526316
OG_14752,10.649999999999999,NA,2.3846153846153846,8.265384615384614,Acropora pulchra,10.649999999999999
OG_12889,19.1,11.210526315789474,NA,7.889473684210527,Acropora pulchra,19.1
OG_05228,1.3500000000000003,9.105263157894736,7.974358974358973,7.755263157894736,Porites evermanni,9.105263157894736
OG_15754,NA,1.3684210526315792,8.87179487179487,7.503373819163292,Pocillopora tuahiniensis,8.87179487179487
OG_08192,53.3,55.44736842105264,60.74358974358974,7.44358974358974,Pocillopora tuahiniensis,60.74358974358974
OG_16011,NA,10.5,3.2051282051282057,7.294871794871794,Porites evermanni,10.5
OG_10811,26.3,19.55263157894737,NA,6.747368421052631,Acropora pulchra,26.3
OG_10274,NA,4.421052631578947,11.051282051282051,6.630229419703104,Pocillopora tuahiniensis,11.051282051282051
OG_15312,86.45,NA,93.02564102564104,6.575641025641033,Pocillopora tuahiniensis,93.02564102564104
OG_01753,6.625,0.23684210526315785,2.974358974358974,6.3881578947368425,Acropora pulchra,6.625
OG_17150,NA,0.7105263157894737,6.794871794871795,6.084345479082321,Pocillopora tuahiniensis,6.794871794871795
OG_16279,NA,0.44736842105263147,6.4102564102564115,5.96288798920378,Pocillopora tuahiniensis,6.4102564102564115
OG_14681,6.1,NA,0.4358974358974358,5.6641025641025635,Acropora pulchra,6.1
OG_13033,5.449999999999999,0,NA,5.449999999999999,Acropora pulchra,5.449999999999999
OG_12647,14.875,9.552631578947368,NA,5.322368421052632,Acropora pulchra,14.875
OG_17640,NA,14.526315789473685,19.28205128205128,4.755735492577596,Pocillopora tuahiniensis,19.28205128205128
OG_14889,8.275,NA,3.666666666666667,4.608333333333333,Acropora pulchra,8.275
OG_17453,NA,7.052631578947367,2.461538461538462,4.591093117408905,Porites evermanni,7.052631578947367
OG_17286,NA,0.31578947368421045,4.871794871794871,4.556005398110661,Pocillopora tuahiniensis,4.871794871794871
OG_16879,NA,2,6.384615384615384,4.384615384615384,Pocillopora tuahiniensis,6.384615384615384
OG_12475,4.425,0.052631578947368446,NA,4.372368421052632,Acropora pulchra,4.425
OG_12805,12.425,8.157894736842106,NA,4.2671052631578945,Acropora pulchra,12.425
OG_12406,4.775000000000001,0.5263157894736843,NA,4.248684210526317,Acropora pulchra,4.775000000000001
OG_17347,NA,0,4.076923076923077,4.076923076923077,Pocillopora tuahiniensis,4.076923076923077
OG_12160,25.45,28.842105263157897,NA,3.392105263157898,Porites evermanni,28.842105263157897
OG_10472,8.024999999999997,4.6842105263157885,NA,3.3407894736842083,Acropora pulchra,8.024999999999997
OG_12476,3.825,0.7368421052631581,NA,3.088157894736842,Acropora pulchra,3.825
OG_12019,3.175,0.1052631578947369,NA,3.069736842105263,Acropora pulchra,3.175
OG_10907,5.949999999999998,2.894736842105263,NA,3.0552631578947356,Acropora pulchra,5.949999999999998
OG_11359,8.075,5.631578947368421,NA,2.443421052631578,Acropora pulchra,8.075
OG_16139,NA,0,2.1025641025641026,2.1025641025641026,Pocillopora tuahiniensis,2.1025641025641026
OG_17100,NA,5.5,3.4615384615384617,2.0384615384615383,Porites evermanni,5.5
OG_13451,437.075,438.8421052631579,NA,1.76710526315793,Porites evermanni,438.8421052631579
OG_14763,1.875,NA,0.12820512820512822,1.7467948717948718,Acropora pulchra,1.875
OG_11541,1.9749999999999999,3.7105263157894743,NA,1.7355263157894745,Porites evermanni,3.7105263157894743
OG_14156,7.450000000000001,NA,5.846153846153846,1.6038461538461553,Acropora pulchra,7.450000000000001
OG_16092,NA,13.76315789473684,12.358974358974358,1.404183535762483,Porites evermanni,13.76315789473684
OG_16389,NA,14.578947368421053,15.974358974358973,1.3954116059379196,Pocillopora tuahiniensis,15.974358974358973
OG_13239,69.425,68.07894736842105,NA,1.3460526315789423,Acropora pulchra,69.425
OG_11171,4.4,5.605263157894737,NA,1.2052631578947368,Porites evermanni,5.605263157894737
OG_13149,8.75,7.63157894736842,NA,1.1184210526315796,Acropora pulchra,8.75
OG_12613,2.0750000000000006,1.0263157894736843,NA,1.0486842105263163,Acropora pulchra,2.0750000000000006
OG_13032,2.25,1.3157894736842106,NA,0.9342105263157894,Acropora pulchra,2.25
OG_15877,NA,20.657894736842103,19.743589743589745,0.9143049932523581,Porites evermanni,20.657894736842103
OG_13031,0.825,0,NA,0.825,Acropora pulchra,0.825
OG_11543,0.30000000000000004,1.0263157894736838,NA,0.7263157894736838,Porites evermanni,1.0263157894736838
OG_14365,2.625,NA,2.6153846153846154,0.009615384615384581,Acropora pulchra,2.625
OG_13518,NA,1.894736842105263,NA,0,Porites evermanni,1.894736842105263
OG_13526,NA,0.15789473684210523,NA,0,Porites evermanni,0.15789473684210523
OG_13529,NA,0,NA,0,Porites evermanni,0
OG_13566,NA,0,NA,0,Porites evermanni,0
OG_13594,NA,2.526315789473684,NA,0,Porites evermanni,2.526315789473684
OG_13639,NA,0.31578947368421045,NA,0,Porites evermanni,0.31578947368421045
OG_13647,NA,3.8157894736842106,NA,0,Porites evermanni,3.8157894736842106
OG_13667,NA,0,NA,0,Porites evermanni,0
OG_13673,NA,0.605263157894737,NA,0,Porites evermanni,0.605263157894737
OG_13681,NA,0.8684210526315791,NA,0,Porites evermanni,0.8684210526315791
OG_13684,NA,1.2894736842105263,NA,0,Porites evermanni,1.2894736842105263
OG_13685,NA,129.10526315789474,NA,0,Porites evermanni,129.10526315789474
OG_13691,NA,3.0789473684210527,NA,0,Porites evermanni,3.0789473684210527
OG_13702,NA,2.5263157894736836,NA,0,Porites evermanni,2.5263157894736836
OG_13752,NA,0,NA,0,Porites evermanni,0
OG_15569,NA,NA,7.17948717948718,0,Pocillopora tuahiniensis,7.17948717948718
OG_15594,NA,NA,17.461538461538467,0,Pocillopora tuahiniensis,17.461538461538467
OG_15604,NA,NA,6.102564102564102,0,Pocillopora tuahiniensis,6.102564102564102
OG_15617,NA,NA,8.025641025641027,0,Pocillopora tuahiniensis,8.025641025641027
OG_15627,NA,NA,95.56410256410258,0,Pocillopora tuahiniensis,95.56410256410258
OG_15644,NA,NA,12.435897435897436,0,Pocillopora tuahiniensis,12.435897435897436
OG_15648,NA,NA,2.717948717948719,0,Pocillopora tuahiniensis,2.717948717948719
OG_15655,NA,NA,2.5384615384615374,0,Pocillopora tuahiniensis,2.5384615384615374
