group_id,gene_id,ACR-139-TP1,ACR-139-TP2,ACR-139-TP3,ACR-139-TP4,ACR-145-TP1,ACR-145-TP2,ACR-145-TP3,ACR-145-TP4,ACR-150-TP1,ACR-150-TP2,ACR-150-TP3,ACR-150-TP4,ACR-173-TP1,ACR-173-TP2,ACR-173-TP3,ACR-173-TP4,ACR-186-TP1,ACR-186-TP2,ACR-186-TP3,ACR-186-TP4,ACR-225-TP1,ACR-225-TP2,ACR-225-TP3,ACR-225-TP4,ACR-229-TP1,ACR-229-TP2,ACR-229-TP3,ACR-229-TP4,ACR-237-TP1,ACR-237-TP2,ACR-237-TP3,ACR-237-TP4,ACR-244-TP1,ACR-244-TP2,ACR-244-TP3,ACR-244-TP4,ACR-265-TP1,ACR-265-TP2,ACR-265-TP3,ACR-265-TP4
OG_13910,FUN_002435,16875,28318,32788,51133,34014,15116,29157,17783,21832,33507,25241,36023,36114,23072,38168,34611,18365,21050,25073,62265,44352,11429,50421,37313,60334,22630,32697,23925,36168,18166,20607,52880,38422,25210,31222,30845,39936,30760,32590,40628
OG_10516,FUN_002646,82,10,437,209,1167,0,160,13,58,13,31,215,37,12,76,77,140,4,0,10,41,5,10,3,28,0,33,0,67,0,3,0,48,0,56,8,3518,22,96,83
OG_13916,FUN_002648,75,67,101,67,35,53,38,19,77,71,51,48,29,14,33,24,73,50,18,36,21,71,45,16,68,55,52,0,19,42,79,38,8,37,44,0,26,53,56,43
OG_10520,FUN_002663,43,0,0,12,0,6,0,0,19,0,24,0,66,7,3,0,0,0,0,8,4,132,24,18,0,0,0,0,31,10,8,0,14,133,82,15,0,21,11,0
OG_10522,FUN_002671,7,4,17,0,31,0,0,9,0,0,3,16,12,0,12,0,0,0,0,0,0,0,0,0,0,0,0,7,69,0,0,0,0,0,12,0,22,17,0,0
OG_10523,FUN_002672,4618,3317,1903,2991,2049,2381,534,1328,1160,3234,1852,4118,617,6346,1638,2036,816,1617,340,4035,257,1699,1525,705,2030,1052,960,175,1352,1239,3003,536,374,1778,2483,221,626,1066,1299,750
OG_10509,FUN_002531,1354,1329,394,471,9,101,0,16,72,42,161,79,240,887,259,86,0,18,0,0,0,59,39,9,418,851,737,100,0,99,147,56,58,1330,1048,57,12,48,36,37
OG_10515,FUN_002645,38,23,4,19,33,13,0,33,26,0,33,30,15,20,0,0,0,34,0,25,12,28,0,0,4,0,0,0,7,20,11,0,0,10,45,0,45,7,0,0
OG_10525,FUN_002685,673,227,58,477,147,182,77,127,666,227,282,213,176,911,59,119,0,58,21,317,0,107,93,0,69,23,41,0,116,252,288,128,0,128,147,11,0,119,55,0
OG_00752,FUN_002810,432,621,184,414,504,294,153,179,369,229,603,1212,465,450,166,151,76,316,184,762,774,339,1191,512,1771,418,480,258,592,220,696,383,528,357,927,271,332,254,406,228
OG_10579,FUN_003891,26,71,533,189,44,24,62,204,35,102,22,90,116,16,16,36,112,496,36,161,50,59,94,2336,142,18,90,175,8,29,24,36,9,822,282,17,215,389,63,313
OG_10584,FUN_003983,262,204,90,145,474,141,110,58,33,127,92,169,80,135,22,47,0,37,30,117,80,29,31,68,331,77,83,242,252,138,309,308,82,81,100,142,403,308,146,203
OG_00807,FUN_004006,2689,3857,1216,2094,687,1325,1391,992,1052,3665,2101,957,722,1827,1167,527,1393,2259,782,1180,455,869,2260,743,711,1498,1744,748,671,763,2049,739,445,920,1976,399,745,1593,1561,927
OG_00842,FUN_004093,63,50,36,22,61,20,41,11,0,40,37,44,2,49,36,3,43,50,38,41,31,40,54,24,145,109,93,0,24,29,49,22,23,69,61,25,29,34,34,12
OG_00843,FUN_004094,13004,11562,22156,11245,41303,4202,5335,3411,13542,5309,6294,12977,7827,18692,12493,15002,16003,5933,7609,25117,27176,3316,11148,10208,91207,15278,21181,4250,14177,5098,15887,19584,11873,5063,12066,3443,6780,3637,2198,9796
OG_01023,FUN_004455,2948,3692,2212,3360,1150,4210,1234,1547,2186,3627,8290,3980,1292,2680,1934,670,844,2165,1029,1974,1158,2823,2723,1020,2003,2008,2309,508,1682,5174,8076,2974,795,5603,5586,807,1050,4711,2852,984
OG_01117,FUN_004661,336,498,301,529,1589,290,246,268,1088,260,653,1506,387,211,253,381,115,259,247,579,768,139,428,810,1142,263,524,1357,1497,292,655,1425,498,171,593,934,1312,283,522,1253
OG_01121,FUN_004684,4,8,0,4,12,0,0,0,34,11,13,3,8,2,0,5,9,0,0,0,10,3,5,10,4,6,10,0,13,0,6,8,7,0,12,0,36,0,2,0
OG_01147,FUN_004740,1843,2980,1279,488,964,1164,1566,288,195,1383,3424,1638,509,1205,1813,389,418,2932,1614,684,2018,1867,2855,858,1900,2354,2721,1369,1094,2153,2486,3021,1683,2462,2603,1964,1002,4301,2529,1504
OG_10675,FUN_004759,1256,1645,443,1586,476,148,135,278,155,234,369,312,112,415,139,95,456,607,47,1074,138,326,273,125,372,169,359,92,150,145,452,234,94,594,831,102,153,186,253,169
OG_01155,FUN_004766,3708,3507,9078,8528,9024,775,6808,6572,6493,1277,1626,2759,3892,2867,4737,4655,1890,2491,3482,5937,3555,3331,1935,4180,4796,1907,1977,1455,7781,1414,1637,3922,2025,2935,3060,1369,11604,4132,3037,10434
OG_01177,FUN_004816,697,544,1349,569,914,330,252,254,847,310,395,557,210,461,359,322,480,410,171,425,224,323,366,153,806,199,332,150,524,213,726,436,163,366,484,89,322,253,342,275
OG_10681,FUN_004871,634,511,789,301,1343,137,167,217,83,172,784,863,836,819,576,275,0,249,19,177,1522,182,227,248,1851,117,709,227,898,173,172,371,577,176,531,104,1683,259,555,98
OG_01223,FUN_004905,290,323,88,181,320,205,41,103,20,93,323,263,106,461,94,79,0,152,29,127,98,192,142,74,413,233,234,131,119,130,409,74,56,114,277,0,74,195,205,94
OG_01277,FUN_005057,745,567,178,211,112,717,72,59,116,855,773,580,120,996,138,87,40,631,52,125,63,591,555,81,282,275,392,154,131,376,1216,57,16,327,777,49,45,187,202,52
OG_01312,FUN_005175,1234,1683,226,1006,287,477,60,103,58,128,939,1322,184,1033,150,45,153,892,185,977,316,218,129,86,997,125,439,316,401,105,712,146,340,459,1428,431,223,183,619,71
OG_01317,FUN_005182,1960,1939,836,1566,509,994,285,382,162,1442,1815,825,366,1654,553,265,249,847,339,1953,355,1002,1840,185,1176,1389,1675,203,241,1099,2024,524,211,1882,2833,143,225,1238,909,121
OG_01353,FUN_005265,96,185,73,86,235,99,150,43,109,199,147,372,73,134,197,111,17,250,49,163,149,200,157,97,222,153,82,65,146,101,237,92,43,112,152,24,88,167,145,74
OG_14012,FUN_005266,1387,1341,3428,4667,1811,1055,952,1261,1016,1802,1148,2046,1457,1056,1087,769,706,733,648,4444,2124,999,2385,1958,2181,732,1352,355,1918,1226,1216,1528,1166,1607,1733,926,3182,2060,1481,857
OG_01354,FUN_005267,1094,951,1557,3556,1032,1101,775,873,477,1479,335,2323,1199,1774,1291,951,205,2082,504,4587,1141,2105,1992,1404,2774,2541,1947,399,1431,1644,1191,880,462,1162,1317,563,1464,1963,1527,664
OG_01384,FUN_005352,137,128,57,79,41,76,42,0,87,128,88,27,86,194,36,17,4,43,13,48,21,60,66,29,43,73,67,0,0,24,117,21,0,69,119,0,4,93,111,46
OG_10350,FUN_000209,120,160,31,108,128,113,114,129,56,513,61,79,140,230,82,159,0,0,0,3,208,62,65,65,290,213,150,92,128,128,89,136,109,233,58,108,289,372,258,310
OG_00030,FUN_000236,103,261,116,91,192,110,37,153,18,112,151,255,25,130,80,32,31,141,87,177,152,109,224,61,426,135,226,99,202,123,268,93,92,150,227,82,23,129,184,81
OG_10355,FUN_000274,37,17,121,30,169,25,30,12,32,3,60,80,69,0,52,54,32,14,20,8,58,0,10,36,40,0,31,11,73,10,29,76,44,10,24,62,340,15,42,58
OG_13792,FUN_000274,37,17,121,30,169,25,30,12,32,3,60,80,69,0,52,54,32,14,20,8,58,0,10,36,40,0,31,11,73,10,29,76,44,10,24,62,340,15,42,58
OG_10367,FUN_000341,212,151,81,121,146,187,114,172,136,382,185,111,80,321,195,164,106,170,83,329,15,148,141,24,69,186,105,0,109,220,265,50,20,284,361,50,78,266,213,143
OG_00176,FUN_000867,18,17,2,19,0,38,28,35,30,30,24,61,14,10,45,52,0,11,0,24,11,13,6,9,21,25,6,9,6,12,24,0,0,27,25,0,29,59,4,8
OG_00171,FUN_000857,2235,2610,1769,1822,1073,2699,1427,1156,749,2893,2768,2083,800,1951,1781,701,444,2770,1101,1775,676,4588,2442,550,1234,3016,2131,571,1142,1899,3355,1110,590,2389,2317,879,635,2414,1599,791
OG_00246,FUN_001009,560,609,422,848,338,537,176,287,248,484,1226,1704,435,429,307,197,72,250,191,447,294,230,600,540,649,462,499,76,330,357,1663,333,452,581,1345,193,349,209,425,169
OG_00297,FUN_001088,17,90,29,93,92,89,57,108,136,67,28,163,121,87,151,132,46,28,39,87,177,43,66,84,111,56,54,311,113,30,25,182,131,42,41,62,136,50,18,91
OG_00298,FUN_001089,20,19,0,60,12,5,0,46,0,23,22,46,14,20,70,0,0,31,0,43,0,5,20,0,17,20,15,0,0,0,7,15,0,0,15,0,0,45,8,0
OG_00305,FUN_001107,274,647,547,412,198,176,186,192,197,371,327,215,166,313,356,177,35,363,209,176,163,288,414,139,219,102,201,78,127,151,364,74,97,295,452,77,213,425,281,324
OG_00302,FUN_001101,5,11,0,11,0,0,0,0,0,23,16,9,0,6,17,0,0,0,0,20,0,15,0,0,11,12,0,0,0,0,0,0,0,0,9,0,0,26,6,0
OG_00314,FUN_001118,3223,4834,4271,5666,3739,6146,7608,2366,6575,13340,8284,4433,6344,4573,8869,5729,6045,8844,7798,6383,3182,1176,9403,6402,5391,7059,10796,15164,4661,8591,9889,20378,2896,3701,8280,8294,5842,5171,10039,11537
OG_00355,FUN_001185,1064,544,275,515,103,201,39,181,243,316,495,261,121,559,91,99,259,390,24,607,43,379,569,75,329,212,258,87,152,298,640,108,57,635,698,27,56,268,196,176
OG_00378,FUN_001225,60,34,16,32,0,10,18,20,0,24,33,85,18,36,105,10,0,35,17,79,28,33,9,15,52,64,10,0,15,17,17,19,3,41,33,0,0,94,14,15
OG_00430,FUN_001338,916,485,329,1109,519,197,86,416,111,337,215,824,215,751,231,223,28,143,92,988,134,180,237,126,469,273,214,0,157,175,411,104,59,133,258,15,167,200,135,44
OG_00460,FUN_001392,66,220,9,43,17,80,101,77,0,389,165,341,33,253,111,13,0,95,15,172,48,67,113,0,43,97,49,0,19,62,124,23,5,73,183,0,0,133,71,0
OG_00466,FUN_001402,707,836,627,615,545,684,412,486,534,1638,1108,847,305,511,376,384,547,726,161,444,240,302,534,269,691,407,650,364,491,467,1208,548,250,510,932,241,242,766,688,628
OG_10450,FUN_001498,313,366,2834,1031,683,225,783,383,23,806,1111,315,475,481,1253,714,120,247,755,1293,653,1492,4353,1242,1074,986,1140,113,446,1212,1107,1047,663,1115,1420,644,381,1925,1980,848
OG_00510,FUN_001497,3265,3489,7953,6988,6754,4891,7154,4218,4879,7642,6358,9517,10577,8129,12768,11311,1930,4578,7624,10172,4006,2208,6625,3868,9133,6021,6313,4067,8185,8022,7131,19087,6940,9279,7569,20465,11974,12097,14123,25743
OG_00514,FUN_001507,21,68,46,47,17,32,22,0,0,48,111,43,1,51,50,0,0,43,26,35,37,48,28,14,52,96,94,0,4,31,78,19,9,59,75,0,0,62,42,0
OG_00572,FUN_001631,1059,1351,813,813,998,818,1072,1351,567,1321,1441,1930,951,813,1162,1087,650,1188,680,1733,1342,1096,1472,645,1808,1297,1235,484,1607,1147,1285,1354,687,675,1088,297,1429,1623,1534,1575
OG_10472,FUN_001808,10,0,105,93,16,0,0,0,0,5,0,3,15,18,0,9,0,0,0,0,0,8,0,0,0,0,3,0,5,0,0,0,4,0,11,0,0,0,16,0
OG_13877,FUN_001809,8,0,64,45,0,0,0,0,0,0,0,0,0,0,0,0,0,0,0,0,0,0,0,0,0,3,3,0,0,0,0,0,0,0,0,0,0,0,0,0
OG_13882,FUN_001850,115,73,41,96,127,78,27,344,98,302,82,310,110,152,28,40,0,24,13,103,21,19,21,18,105,58,51,0,94,95,59,25,15,57,67,15,53,120,135,84
OG_00632,FUN_001855,51,7,10,25,104,10,0,0,112,16,42,84,2,31,27,78,0,20,0,26,33,9,11,0,64,13,30,0,49,7,30,24,9,12,15,8,208,15,7,48
OG_10475,FUN_001884,9,4,16,10,38,20,11,0,172,13,28,68,31,28,0,13,0,0,0,0,235,0,10,69,91,17,8,58,123,33,12,113,48,13,6,54,35,8,6,27
OG_00643,FUN_001887,77,74,336,204,1824,63,200,35,364,36,338,650,230,68,151,278,461,28,28,125,1238,56,74,587,382,38,446,1121,697,44,126,828,715,49,221,577,2235,45,152,372
OG_13886,FUN_001921,34,21,67,114,202,11,0,0,80,5,52,97,107,113,171,115,124,122,12,36,61,10,27,288,137,13,86,48,88,0,23,54,38,0,20,0,277,0,24,15
OG_10480,FUN_001932,126,39,315,264,1512,67,63,4,333,28,247,282,237,96,207,151,305,104,21,72,435,26,44,555,299,14,143,126,357,20,76,118,255,35,167,109,2531,0,163,196
OG_01414,FUN_005720,42,28,0,26,23,24,56,37,0,85,39,111,34,35,57,19,0,6,2,41,20,21,36,7,19,63,28,0,0,36,29,44,7,21,33,11,0,101,42,0
OG_14037,FUN_005906,871,513,157,509,136,561,68,187,49,574,524,202,97,677,77,113,40,233,80,580,69,552,760,80,321,412,450,107,56,473,751,73,24,1055,872,53,29,166,270,135
OG_14038,FUN_005907,1026,1084,630,818,258,751,267,213,98,1569,1025,425,215,951,354,164,181,564,142,525,152,526,1323,161,464,993,1044,80,108,492,1154,312,63,935,1260,101,40,751,608,280
OG_01452,FUN_005908,2463,2365,978,1587,522,1167,422,343,402,1613,1951,1177,461,1910,342,256,452,1380,406,1266,315,1053,1552,389,938,1189,1692,566,311,922,2394,339,225,1548,2495,298,525,877,856,341
OG_01475,FUN_006038,1013,1363,669,357,180,631,408,177,121,594,1569,168,225,1033,371,201,69,323,198,399,367,284,1510,200,1539,319,1100,66,102,591,1520,516,181,1104,2291,153,36,562,1515,189
OG_10759,FUN_006140,0,0,27,7,0,0,0,0,0,0,0,0,0,0,0,0,0,0,0,0,0,0,0,0,6,0,0,0,0,0,0,0,0,0,8,0,0,0,0,0
OG_10758,FUN_006135,18,0,641,19,76,23,71,178,0,63,49,24,14,0,0,0,0,47,89,492,0,0,0,0,35,28,58,0,15,33,44,0,0,44,56,9,20,384,149,35
OG_01486,FUN_006162,3433,1655,1186,5593,6061,2380,961,787,2911,3810,579,6825,1115,4287,539,1596,610,2647,267,7708,1318,1569,652,4457,6533,520,466,496,2589,635,1844,1199,789,961,1044,907,3030,503,2251,2427
OG_01489,FUN_006165,1951,1526,1064,1292,870,660,429,506,317,776,1967,1642,408,1370,798,311,65,579,332,1315,844,462,1680,487,1464,881,1843,252,694,648,1758,719,498,1116,2391,454,590,811,1085,369
OG_01568,FUN_006563,0,0,0,0,0,0,0,0,0,0,0,0,0,0,0,0,0,0,0,0,0,0,0,0,0,0,0,0,0,0,0,0,0,0,0,0,0,0,0,0
OG_14066,FUN_006473,80,108,55,57,147,168,112,80,106,178,297,227,58,63,37,23,72,306,162,208,54,107,177,33,383,364,446,227,262,236,281,250,58,119,153,44,99,236,179,155
OG_01579,FUN_006613,32,42,15,9,10,23,0,0,10,40,30,31,10,41,0,0,0,21,0,12,0,19,49,20,14,27,22,0,4,24,37,0,0,53,54,0,0,23,17,0
OG_01608,FUN_006652,586,1169,805,698,525,505,331,499,208,317,1158,670,151,657,568,264,188,410,225,704,483,463,1200,239,1006,580,1086,154,499,579,983,482,368,737,1500,278,319,454,711,296
OG_01611,FUN_006656,271,410,461,714,194,373,134,133,55,400,546,148,121,478,475,89,212,243,146,370,294,168,842,157,669,426,718,49,80,365,521,197,233,431,740,91,71,432,257,126
OG_01630,FUN_006744,2718,2138,1944,2476,1229,1449,328,829,500,1404,1866,973,520,2413,929,412,361,659,323,2724,472,1092,2205,287,1361,1204,2185,288,420,911,2331,420,241,1853,2419,185,343,1418,1177,189
OG_10811,FUN_006888,77,48,40,33,30,25,0,47,0,33,33,22,17,50,21,0,4,11,5,16,19,34,28,12,72,46,21,0,21,26,27,25,9,89,44,0,0,44,23,0
OG_10812,FUN_006894,309,218,26,47,63,85,38,142,27,223,352,317,0,138,0,20,0,128,12,94,0,155,319,33,19,113,160,0,60,133,317,79,0,8,83,0,24,204,327,40
OG_10814,FUN_006912,0,0,0,0,11,0,13,35,0,164,44,28,1,44,0,3,0,30,0,21,0,0,0,0,0,0,0,0,0,0,6,0,0,5,31,6,0,274,196,29
OG_10815,FUN_006915,0,0,0,0,30,11,61,100,0,337,73,41,22,84,0,8,0,68,24,56,0,0,0,0,0,0,0,0,0,10,15,0,0,22,47,31,0,576,333,70
OG_10818,FUN_006930,328,215,299,212,1327,88,56,64,140,101,225,568,127,128,114,162,276,54,48,88,462,128,138,124,412,107,254,236,251,53,143,94,228,73,200,128,2148,149,318,312
OG_01724,FUN_007013,697,1042,851,553,1180,710,385,269,160,1022,1034,1168,241,1047,533,177,214,810,343,639,372,683,525,256,1064,661,766,149,417,525,1430,272,209,601,976,101,283,721,600,343
OG_01727,FUN_007019,80,73,126,81,183,117,142,211,40,98,156,124,114,194,183,47,0,101,110,73,192,158,170,147,243,125,173,67,182,131,158,141,107,356,186,124,204,260,195,71
OG_14094,FUN_007068,546,737,460,575,341,236,145,206,165,637,588,693,139,466,420,90,231,683,149,550,228,270,642,138,635,338,785,125,186,251,712,157,115,408,506,153,176,371,312,256
OG_01747,FUN_007073,23,49,120,111,293,45,70,52,53,35,11,121,69,56,46,102,98,29,29,64,48,29,56,60,186,81,124,83,149,19,71,23,69,52,12,34,106,43,39,78
OG_01748,FUN_007075,24,52,0,53,13,7,0,12,0,112,23,58,10,77,25,7,0,36,0,48,12,10,25,0,33,60,47,0,3,51,14,0,0,34,36,0,0,29,18,0
OG_01753,FUN_007094,0,0,13,0,0,0,9,0,0,0,0,0,0,6,0,18,0,0,0,6,15,1,2,0,36,31,30,0,0,0,7,26,17,2,29,0,0,0,7,10
OG_01758,FUN_007101,70,47,145,123,672,46,33,41,95,40,212,308,39,61,74,50,0,11,0,7,408,25,126,106,170,22,92,124,259,88,136,150,108,134,200,107,820,59,68,140
OG_01781,FUN_007154,402,705,567,225,339,180,211,125,141,283,269,255,108,300,250,136,124,446,178,274,266,100,373,147,662,458,466,146,192,213,613,240,149,261,498,85,165,243,183,89
OG_10838,FUN_007178,22,30,34,0,30,7,13,10,0,12,26,9,12,15,34,8,0,11,19,32,41,30,35,14,41,19,24,27,7,0,7,0,21,38,32,4,35,18,24,4
OG_14100,FUN_007651,0,0,0,0,25,0,0,0,0,0,19,8,14,3,9,7,0,0,0,10,57,12,16,39,21,0,3,0,0,0,0,8,14,6,16,8,0,0,0,0
OG_01981,FUN_008088,1240,2245,1054,1637,912,577,414,409,589,676,1109,3542,333,1537,981,1384,109,1103,308,1285,541,376,420,355,1993,653,1129,594,2059,631,1001,687,1183,726,1421,442,570,513,1085,1035
OG_01999,FUN_008110,109,294,79,89,78,87,85,55,117,149,166,129,102,200,286,147,16,93,25,101,36,141,193,33,260,144,144,70,22,147,199,71,70,220,293,28,22,50,154,58
OG_02000,FUN_008111,152,210,27,137,94,423,0,44,118,139,127,94,187,396,72,90,0,87,39,216,172,209,83,36,210,116,107,0,34,178,146,73,7,531,283,40,0,72,95,60
OG_10907,FUN_008089,17,0,0,6,0,9,0,6,29,52,0,0,7,29,0,0,0,5,0,3,0,0,20,0,20,5,0,16,0,0,0,1,0,13,0,0,0,0,0,0
OG_02012,FUN_008185,606,490,101,719,45,519,30,36,36,495,59,353,21,494,102,87,6,406,20,380,33,191,283,29,217,223,317,69,13,298,493,44,11,235,331,0,10,112,97,38
OG_02070,FUN_008285,102,86,163,459,457,9,66,213,0,26,43,82,15,34,20,4,89,18,62,261,0,4,8,0,27,2,23,0,74,12,50,44,4,0,7,5,182,112,112,132
OG_14140,FUN_008320,12,0,2,2,10,0,0,0,0,14,18,0,25,0,0,2,0,0,0,0,0,16,3,0,0,0,3,0,0,9,12,0,0,21,65,0,0,7,18,0
OG_02088,FUN_008314,11783,13768,23235,17435,48522,4525,14907,6850,20270,10259,14243,26040,15627,7681,18849,14210,7027,12794,13477,18960,32757,6981,11019,24538,41196,9313,16990,36985,44560,4764,14063,29543,25021,7647,23402,27239,50909,11737,15890,29812
OG_02090,FUN_008328,1828,893,757,962,285,588,374,385,135,501,834,402,456,704,651,219,276,344,232,1178,259,1252,1036,399,597,331,591,76,195,1065,791,399,327,1988,1761,266,179,549,361,148
OG_02102,FUN_008381,93,122,125,93,162,61,81,55,128,69,202,239,67,106,186,158,122,121,64,141,130,92,188,123,253,127,179,126,198,164,164,254,150,169,226,72,63,88,101,118
OG_02124,FUN_008418,5184,9494,6554,5218,2935,5743,3849,2546,2613,7514,10024,6210,3389,5321,8311,2494,2295,9596,3432,5567,2115,6486,11516,1929,5563,8643,9457,2366,3127,4948,12347,3779,1841,5289,10712,1594,1632,6024,6523,3109
OG_02148,FUN_008456,581,460,432,305,239,184,253,206,79,85,439,337,168,412,211,136,0,239,43,162,243,329,239,83,546,261,370,72,221,265,240,79,57,195,323,52,401,125,218,69
OG_10937,FUN_008465,47,78,9,45,46,118,88,116,9,584,69,14,49,207,61,23,0,151,30,136,78,96,25,20,73,177,28,0,30,110,108,11,17,133,149,11,34,193,88,28
OG_02149,FUN_008469,68,51,18,51,40,46,29,63,23,41,29,87,28,62,54,30,33,42,5,28,131,42,33,83,44,6,10,0,52,80,44,45,94,72,58,26,38,63,96,66
OG_10936,FUN_008461,167,132,113,93,61,106,38,19,54,168,141,106,174,292,372,100,0,20,42,64,152,129,175,53,237,239,183,39,89,138,148,98,23,243,167,43,23,49,41,32
OG_02146,FUN_008453,634,677,1161,927,1322,345,903,695,353,384,592,714,577,319,737,727,234,304,556,964,1627,276,1297,890,1558,437,931,389,986,329,559,1224,884,369,678,717,1003,495,991,958
OG_10938,FUN_008474,272,140,111,72,134,40,4,16,26,67,204,137,57,81,19,27,7,31,25,69,371,38,37,68,280,26,111,36,157,32,53,43,60,67,79,22,109,66,75,31
OG_02163,FUN_008499,239,140,130,109,819,58,490,723,84,405,159,459,537,1255,939,236,0,87,21,201,690,1313,1150,582,1907,899,1195,733,310,121,119,70,727,2183,1867,529,656,795,869,454
OG_02176,FUN_008525,424,593,425,405,253,138,85,97,70,229,244,285,128,563,157,70,89,198,165,173,37,165,179,49,175,177,253,19,70,337,379,83,46,361,329,11,151,133,160,21
OG_02186,FUN_008540,34,103,4,56,54,105,124,66,42,300,31,7,66,323,633,93,0,27,41,492,13,141,147,9,15,84,12,0,6,33,31,0,30,46,76,0,0,27,37,13
OG_02184,FUN_008537,1244,1766,1086,2175,1079,710,797,1001,1142,1354,1492,1977,887,1037,768,807,488,1102,533,2035,864,674,1643,536,2127,850,1609,687,1328,790,1582,1135,843,1077,1925,605,583,1129,1263,1262
OG_02190,FUN_008544,2354,3735,5968,1733,1795,1541,2396,748,932,2550,7261,3057,1245,2920,4096,1273,1115,2312,2368,2489,953,1391,8176,2445,2653,1683,6197,2155,1688,1953,6950,3340,961,2366,8290,1591,907,1432,4348,2638
OG_02219,FUN_008614,635,512,488,958,520,428,344,631,803,410,569,544,472,476,582,408,232,411,216,684,437,628,825,424,852,431,549,325,488,505,515,500,247,520,638,215,516,569,454,381
OG_02220,FUN_008615,1296,1169,611,762,678,558,235,332,49,787,967,639,326,1168,431,248,326,359,178,777,365,474,993,245,999,670,1027,278,262,434,1221,252,169,918,1427,179,380,448,599,253
OG_02260,FUN_008707,1322,1145,405,400,741,317,305,288,670,479,425,217,263,424,278,302,416,292,90,120,461,373,232,437,365,265,449,1831,501,183,566,596,367,292,499,535,1602,267,236,1036
OG_14156,FUN_008708,92,59,13,13,0,17,0,0,0,11,7,4,0,15,0,0,0,4,0,0,0,8,0,1,4,2,2,0,0,0,15,0,0,7,18,0,0,1,5,0
OG_14158,FUN_008719,59,108,58,41,13,90,58,15,21,180,106,157,18,63,90,4,47,146,178,252,155,414,398,146,95,133,99,5,66,99,193,147,11,109,134,29,57,107,112,26
OG_02316,FUN_008907,2042,1865,1592,4507,1867,1451,547,869,1766,1605,1032,2252,981,2278,1266,1354,516,901,620,4153,1041,965,2683,1369,2944,1475,1443,455,1018,1034,1519,861,734,2116,1661,484,509,955,954,848
OG_02317,FUN_008908,8180,13032,8132,5610,6412,6783,3324,3503,12127,11828,6298,3444,5668,9478,9291,5481,7077,5777,2460,5855,2979,2646,10358,2551,8169,7817,7787,1806,1871,4457,9012,4115,3813,6378,9505,1155,894,4216,3906,4245
OG_02358,FUN_008961,358,668,150,362,463,258,161,180,635,433,464,490,527,556,347,351,352,239,42,379,599,66,155,360,472,208,276,760,368,107,289,373,245,158,340,166,1074,184,246,224
OG_10988,FUN_008998,2765,2564,1285,5397,1870,2184,2284,1896,1190,6379,4070,2665,2319,2936,3100,1613,214,947,1104,3446,3912,1797,5586,3203,6164,3117,4482,587,936,2423,3419,4607,2033,3304,4601,1426,3156,4495,4283,3185
OG_02408,FUN_009228,0,0,0,0,406,227,357,509,79,502,569,191,80,608,82,61,0,0,0,0,36,50,21,0,270,104,232,0,175,427,467,109,0,0,0,0,522,558,584,107
OG_11017,FUN_009387,16,16,23,5,11,0,0,0,0,0,0,2,0,0,0,0,0,0,0,0,10,12,6,0,28,18,25,0,4,0,0,42,0,0,0,0,0,0,10,0
OG_11019,FUN_009407,20,80,15,12,27,8,0,15,0,15,29,51,50,42,36,23,0,31,0,24,16,23,21,0,37,13,27,0,41,31,23,4,29,27,57,23,7,16,43,0
OG_14180,FUN_009432,0,0,2,0,0,0,0,0,0,7,0,0,24,0,0,0,0,0,0,0,10,4,8,4,0,0,8,0,0,0,0,0,0,0,0,0,35,0,9,0
OG_02439,FUN_009459,132,858,23,88,26,53,0,0,0,37,871,466,156,277,400,33,0,110,13,37,74,78,105,71,43,20,19,0,289,138,416,54,18,43,197,0,9,25,20,29
OG_11038,FUN_009692,81,117,52,146,11,44,0,12,28,12,72,127,188,514,123,68,108,202,79,197,17,35,58,9,16,46,63,0,121,80,94,66,64,478,512,49,0,7,56,49
OG_14189,FUN_009861,120,249,34,69,190,121,13,18,45,99,193,172,24,100,50,19,0,64,25,59,47,19,54,35,86,95,128,40,19,78,348,80,29,73,191,53,26,40,110,42
OG_11074,FUN_010559,1047,764,311,658,78,51,19,8,37,87,273,145,368,1081,431,227,16,101,25,63,40,58,181,23,494,508,560,205,47,123,191,53,19,107,237,59,33,104,71,51
OG_14206,FUN_010569,26,38,23,7,0,13,0,11,0,13,0,9,0,14,4,11,0,5,0,10,75,20,5,5,60,10,0,0,0,0,13,61,14,13,37,8,0,9,27,25
OG_02537,FUN_010620,683,453,1103,1050,584,238,381,467,297,402,398,444,249,586,265,190,76,182,171,826,149,402,594,213,450,166,205,27,429,286,383,298,57,214,265,40,245,980,337,230
OG_11084,FUN_010649,31,9,489,24,427,0,0,3,58,0,0,15,11,16,8,40,518,6,0,22,0,264,0,0,2,0,0,0,81,0,0,0,0,0,0,0,64,0,0,0
OG_02619,FUN_010760,7,20,10,14,0,35,0,2,49,30,3,26,18,29,7,0,0,0,2,21,6,34,12,0,45,2,18,0,0,0,16,0,0,26,27,0,3,13,4,0
OG_02666,FUN_010885,2193,1248,719,4952,5941,664,1102,2007,5452,1408,906,4531,2022,2098,945,1395,778,1491,831,6047,1351,1122,657,1384,2596,576,797,1215,4127,348,820,1317,1137,564,1177,869,5427,1091,1287,1277
OG_02690,FUN_010950,555,327,180,296,113,267,68,168,73,224,379,295,119,402,246,106,126,194,118,242,283,607,426,120,603,437,493,54,86,229,379,87,86,542,630,67,72,435,191,83
OG_11156,FUN_011916,805,1642,1185,1112,2715,1344,2881,1404,2616,2102,2124,2077,2679,1070,2382,2497,773,1334,2049,2918,2249,249,1439,765,4985,947,1558,2525,3714,1450,2149,4733,5749,1521,3265,3803,2700,655,1366,1743
OG_14257,FUN_012010,39,62,119,43,79,21,28,31,27,16,65,21,19,23,16,40,67,42,15,13,71,97,58,7,41,26,22,0,70,45,28,9,28,138,177,36,40,79,85,0
OG_02924,FUN_012011,35,0,25,30,66,0,28,18,10,0,24,33,30,24,25,23,0,5,0,4,38,19,11,14,43,4,17,12,30,18,10,32,17,30,6,0,110,5,40,46
OG_02935,FUN_012040,26,49,28,27,9,16,0,28,0,38,71,41,27,42,72,3,0,20,48,29,36,48,18,17,43,68,73,0,15,38,33,33,7,17,42,0,0,62,46,29
OG_11171,FUN_012114,0,17,0,4,0,0,0,0,0,0,0,0,25,0,3,19,0,0,0,0,8,27,11,16,0,0,6,0,0,0,0,0,0,10,17,0,0,13,0,0
OG_14262,FUN_012114,0,17,0,4,0,0,0,0,0,0,0,0,25,0,3,19,0,0,0,0,8,27,11,16,0,0,6,0,0,0,0,0,0,10,17,0,0,13,0,0
OG_02967,FUN_012126,22,0,26,0,0,48,53,82,98,32,55,57,84,25,109,30,9,33,49,16,13,19,80,30,95,24,64,4,42,33,34,63,46,90,137,0,103,19,21,16
OG_14276,FUN_012375,948,1264,623,905,530,639,367,475,275,1234,1255,845,430,1227,736,325,69,563,400,1387,289,507,1911,228,1095,819,1449,122,177,441,1123,472,123,834,1891,256,280,934,1234,669
OG_11215,FUN_012397,10,48,13,15,29,22,21,0,0,71,18,9,16,23,67,18,0,21,11,69,6,18,21,0,14,39,14,0,9,0,3,15,3,6,45,0,0,43,43,0
OG_14279,FUN_012397,10,48,13,15,29,22,21,0,0,71,18,9,16,23,67,18,0,21,11,69,6,18,21,0,14,39,14,0,9,0,3,15,3,6,45,0,0,43,43,0
OG_11234,FUN_012572,10,21,9,16,40,10,0,28,86,5,0,8,77,20,22,33,13,4,0,8,116,4,43,40,69,0,8,125,54,0,10,52,52,16,11,41,59,20,8,41
OG_11245,FUN_012656,164,145,134,78,147,116,53,100,124,179,181,168,72,142,79,41,24,45,31,95,135,123,112,39,231,147,151,53,202,107,222,130,107,194,148,41,122,109,115,25
OG_11291,FUN_013132,21,61,45,6,16,36,0,0,17,34,22,0,23,24,49,24,10,31,0,27,0,30,12,6,0,8,13,0,0,48,28,0,7,16,29,0,0,15,27,36
OG_11292,FUN_013133,14,7,38,69,163,9,19,0,62,13,35,108,41,2,23,25,53,73,91,20,34,0,28,9,59,3,25,0,56,25,12,14,3,0,27,0,267,0,22,6
OG_03267,FUN_013135,315,496,475,422,1187,222,150,108,210,233,412,1224,213,291,245,376,187,322,138,365,857,150,192,268,1032,197,387,389,1098,187,291,475,524,196,314,584,1182,238,354,304
OG_03268,FUN_013137,136,85,357,303,1378,58,143,29,89,44,150,663,79,146,193,224,261,48,49,161,172,184,38,30,407,114,139,66,351,39,39,13,36,41,39,6,3888,47,161,293
OG_03269,FUN_013138,551,408,1647,1958,3750,393,263,149,1233,343,871,1694,1661,753,895,1878,772,207,98,623,9470,95,566,2727,3011,163,2288,2883,1552,159,407,2323,2561,405,1130,1395,5795,66,334,2067
OG_03270,FUN_013139,323,327,55,133,59,241,15,0,144,240,432,1025,54,210,29,32,0,371,39,184,75,184,98,118,428,656,419,85,175,341,542,134,73,479,485,62,21,198,165,185
OG_11296,FUN_013328,85,39,26,37,114,128,75,129,0,73,125,174,34,47,61,24,0,13,2,36,29,39,22,20,54,65,23,0,110,115,164,47,53,206,89,43,32,73,52,55
OG_14322,FUN_013328,85,39,26,37,114,128,75,129,0,73,125,174,34,47,61,24,0,13,2,36,29,39,22,20,54,65,23,0,110,115,164,47,53,206,89,43,32,73,52,55
OG_03288,FUN_013329,423,222,290,457,498,189,193,381,326,76,148,298,308,347,188,219,197,90,146,384,305,197,78,361,407,154,195,439,577,84,337,343,208,135,244,309,740,191,187,333
OG_03289,FUN_013330,110,70,111,107,177,68,91,55,61,81,135,50,111,59,73,77,0,61,18,103,178,159,149,84,227,74,90,0,53,81,111,159,43,96,212,37,71,118,161,76
OG_03291,FUN_013350,462,600,433,1003,318,441,157,369,249,390,521,533,264,715,448,360,37,287,83,951,172,499,533,146,839,675,625,20,261,381,539,158,141,623,791,103,80,555,371,272
OG_03298,FUN_013365,1706,1869,1364,1449,964,1156,1174,891,376,1380,2008,1554,571,1390,1335,501,129,1193,1057,1117,888,1469,1617,702,2333,2108,1973,366,990,1308,1791,1063,592,1910,1981,620,585,2208,1500,572
OG_03330,FUN_013421,1001,1133,1705,1510,1399,1182,1623,2123,1271,1682,1711,1218,1319,1394,2311,1095,673,961,1053,2135,1305,1255,2685,1288,2052,1185,1832,1000,1336,1199,1506,1532,887,1647,2697,1080,3138,1601,1757,1234
OG_11307,FUN_013484,560,220,56,182,99,199,23,103,65,351,199,237,140,701,50,100,20,139,39,145,72,657,412,190,38,42,69,27,38,168,326,70,66,469,357,76,26,143,167,74
OG_03429,FUN_014485,105,268,59,267,49,76,168,139,308,232,62,128,315,220,281,157,310,52,74,470,971,109,159,680,612,156,99,333,336,118,30,817,569,57,103,211,109,52,28,295
OG_03451,FUN_014525,1407,1507,1088,1378,524,765,139,343,265,1060,1283,1037,303,1189,377,370,195,1413,265,1397,333,766,1117,245,1099,561,931,117,388,621,1226,326,190,1297,1308,125,364,763,534,255
OG_11360,FUN_014582,0,41,19,22,33,0,37,24,34,14,7,21,44,13,85,53,32,0,0,20,81,17,14,31,57,17,19,0,22,0,6,51,58,10,24,32,153,8,26,29
OG_14365,FUN_014580,2,12,11,0,0,0,18,0,0,0,2,0,6,0,0,0,0,5,0,0,5,0,0,0,3,10,3,0,0,0,0,9,0,0,4,0,0,3,12,0
OG_11359,FUN_014581,19,17,0,13,10,0,0,0,0,6,4,0,22,9,23,0,0,5,5,14,14,12,3,0,11,28,3,0,4,0,7,0,0,6,42,7,0,18,21,0
OG_03484,FUN_014586,220,342,67,94,263,439,355,143,31,621,470,280,191,344,325,152,48,65,24,39,123,534,349,69,234,704,292,66,123,376,637,129,119,652,462,78,116,765,190,189
OG_11365,FUN_014688,33,34,40,85,220,24,28,0,0,6,40,196,28,25,33,17,99,17,0,22,82,32,17,34,110,9,20,18,125,36,8,26,48,30,14,39,440,34,42,30
OG_14380,FUN_014813,114,156,45,44,114,95,19,49,108,237,129,62,74,232,83,78,0,92,17,63,62,73,139,28,73,116,129,63,33,101,132,54,17,133,197,47,143,60,140,59
OG_11381,FUN_014831,3,0,0,7,3,1,0,0,10,2,10,0,12,0,0,1,0,0,0,0,0,20,1,2,0,4,12,0,0,2,5,0,0,0,44,0,0,7,7,10
OG_03626,FUN_014816,221,546,286,361,444,228,145,159,111,251,363,723,86,241,165,143,64,210,130,410,178,104,181,228,534,231,296,182,395,136,473,193,192,201,320,266,197,85,443,163
OG_11379,FUN_014817,360,273,39,465,395,1880,42,257,320,2483,222,645,227,553,48,253,56,153,113,784,1307,168,134,236,2386,311,298,83,221,366,352,130,383,222,213,44,142,97,95,83
OG_14381,FUN_014817,360,273,39,465,395,1880,42,257,320,2483,222,645,227,553,48,253,56,153,113,784,1307,168,134,236,2386,311,298,83,221,366,352,130,383,222,213,44,142,97,95,83
OG_14382,FUN_014819,25,0,0,47,59,2,0,0,16,15,18,0,121,7,0,17,0,0,0,0,7,98,13,36,0,0,18,0,0,11,14,0,0,14,235,0,19,13,63,10
OG_11380,FUN_014830,7,3,0,6,11,4,20,2,6,10,6,0,23,35,0,18,0,0,0,0,10,17,3,4,5,12,26,18,0,0,16,0,0,16,35,0,0,7,18,0
OG_03628,FUN_014844,394,514,321,238,496,166,176,126,145,212,573,425,193,334,280,148,114,133,184,223,427,153,549,250,666,323,648,542,345,230,615,487,267,477,687,284,718,281,465,483
OG_03671,FUN_014916,11510,25124,7841,9315,6325,8127,5231,2355,14899,9183,21364,9425,6642,12153,18451,10345,3848,9674,6086,9776,2393,1527,16894,8527,13662,6550,16652,6198,9241,8980,25993,15657,6787,6567,27174,6408,3459,2527,8793,20063
OG_03673,FUN_014924,261,412,171,313,89,183,98,54,160,245,581,197,184,389,82,58,171,130,16,130,115,378,315,44,268,252,293,109,84,239,377,91,61,423,494,17,27,228,339,123
OG_03780,FUN_015110,1178,1648,222,394,403,935,121,168,134,1072,1292,799,174,1408,384,145,0,671,173,467,122,705,703,133,471,1113,756,62,189,689,2350,169,86,1168,1210,85,82,588,438,46
OG_11419,FUN_015312,5606,3233,2171,3542,753,2609,272,884,483,6572,901,1511,806,4439,436,345,407,2343,204,3055,218,3264,690,433,1220,1026,846,239,330,1003,1577,132,184,3017,1277,166,254,886,1187,119
OG_11420,FUN_015320,122,178,176,162,206,34,19,74,29,65,27,68,10,86,76,32,97,55,2,81,5,25,42,14,10,16,10,41,92,7,24,0,12,65,65,0,43,199,44,8
OG_14407,FUN_015337,3268,4564,4888,2832,4406,1773,1184,797,3271,1128,4846,6674,1877,1686,2434,2112,1108,4306,2689,3695,3938,608,2337,2305,5995,997,3212,2235,7518,1905,5738,7051,3359,1110,4693,3031,2747,1205,2255,3247
OG_11423,FUN_015348,43,63,27,13,7,24,0,20,0,67,23,7,0,21,34,0,0,14,0,4,0,24,37,0,46,70,33,0,0,20,46,25,0,36,21,0,11,62,38,0
OG_14408,FUN_015348,43,63,27,13,7,24,0,20,0,67,23,7,0,21,34,0,0,14,0,4,0,24,37,0,46,70,33,0,0,20,46,25,0,36,21,0,11,62,38,0
OG_03856,FUN_015349,4,18,0,15,4,0,16,0,14,14,2,26,8,34,11,3,0,5,0,19,9,23,0,0,25,13,0,0,0,3,8,42,0,8,13,0,0,27,0,0
OG_03857,FUN_015350,21,73,10,27,17,30,24,58,35,125,26,100,85,64,76,20,0,13,12,62,93,50,67,17,58,72,58,33,0,67,51,23,27,54,63,8,0,45,53,0
OG_03850,FUN_015341,0,5,0,0,0,0,8,0,0,4,0,17,2,0,7,0,0,0,0,3,9,0,9,9,5,7,2,0,0,0,6,0,0,0,3,0,0,3,0,0
OG_11429,FUN_015425,80,90,163,210,346,115,158,123,321,31,214,364,93,54,132,139,78,29,24,175,185,83,87,130,276,76,217,238,298,89,84,104,90,93,165,108,1087,72,182,120
OG_14455,FUN_016356,19,0,0,20,31,0,0,20,0,54,0,0,48,48,0,36,0,17,7,37,0,0,0,0,21,0,49,0,0,0,0,0,0,17,14,80,19,0,71,11
OG_04115,FUN_016491,991,1836,869,594,801,1794,1213,543,373,2331,1448,831,395,1489,1050,434,151,2686,663,665,358,2759,1509,279,1061,3363,1773,338,326,1562,1880,516,324,2846,1727,425,800,2730,1248,1028
OG_04165,FUN_016646,566,695,493,781,474,560,294,454,497,401,772,802,502,700,455,404,549,466,203,785,408,333,706,306,868,549,671,484,421,441,780,348,382,667,1199,438,1066,500,438,354
OG_11541,FUN_016803,20,9,0,0,0,0,0,0,0,17,0,0,0,5,0,0,0,0,0,2,0,0,0,0,0,11,0,0,0,0,0,0,0,4,0,11,0,0,0,0
OG_11543,FUN_016836,0,0,0,9,0,0,0,0,0,0,0,0,0,0,0,0,0,0,0,0,0,0,0,0,0,0,3,0,0,0,0,0,0,0,0,0,0,0,0,0
OG_04209,FUN_016791,4,1,0,0,0,0,0,0,0,18,0,0,0,2,8,0,0,3,0,5,0,13,12,0,0,0,0,0,0,0,0,0,0,0,4,0,0,3,18,0
OG_04238,FUN_017759,657,677,538,800,2096,630,458,166,715,386,787,1465,469,534,402,574,194,429,183,556,946,149,285,831,2065,413,584,1130,1597,501,1411,1920,572,487,640,1061,1450,374,654,1986
OG_04243,FUN_017765,815,927,739,349,258,372,241,156,122,337,922,561,186,445,416,142,86,540,236,255,192,290,836,191,653,663,942,236,347,460,634,335,220,517,1139,149,238,579,440,332
OG_04247,FUN_017773,1146,2510,1366,786,1352,877,889,462,1210,1615,1634,1515,355,1604,3541,2775,356,894,645,1513,415,797,2127,983,1951,1304,1123,644,1038,1276,2661,1385,519,808,1643,446,406,400,882,2289
OG_14500,FUN_017790,49,39,25,17,111,42,59,193,0,127,112,222,24,121,37,0,0,80,5,27,21,80,46,24,93,68,63,9,51,48,74,24,4,37,121,0,138,164,118,46
OG_14505,FUN_017857,3237,2986,2392,2437,885,1425,463,394,603,2518,2208,2121,610,2024,937,331,623,1494,457,2338,425,799,1895,337,2284,1120,1969,113,425,852,2937,525,346,1245,2585,202,314,1414,1546,470
OG_04327,FUN_017932,2583,2805,2909,3896,2782,1755,2443,1685,2089,3006,2955,3429,1931,2475,3293,2158,1602,2312,1713,3837,2082,1960,4443,1868,4646,2316,4112,1230,2487,1658,2873,2440,1771,2594,4189,1509,2023,2812,3227,2666
OG_14514,FUN_017937,1275,1817,1152,1292,547,769,359,329,730,1264,1662,1355,407,710,453,255,923,1337,307,1146,363,617,1541,304,1084,847,1395,436,704,711,1806,685,418,1086,1803,281,296,923,897,695
OG_04331,FUN_017939,331,70,143,230,236,92,56,44,173,95,198,376,121,122,39,58,50,57,31,148,169,51,27,40,499,6,99,70,257,60,59,86,161,94,268,212,288,43,82,98
OG_04372,FUN_018031,81,95,43,62,161,39,33,48,75,30,83,221,53,128,100,113,0,84,21,72,124,80,76,66,94,42,39,48,158,65,179,102,14,77,69,0,23,15,45,70
OG_11615,FUN_018032,180,128,47,109,123,98,0,19,155,76,145,225,52,179,55,29,232,98,22,55,110,99,47,88,88,75,58,148,104,72,315,93,45,97,136,42,55,41,97,69
OG_11644,FUN_018547,3,0,0,0,0,3,0,0,0,0,0,8,0,0,0,0,0,0,0,0,0,0,0,0,4,0,0,0,0,0,3,0,0,0,0,0,0,0,0,0
OG_11642,FUN_018528,591,285,40,342,89,183,52,168,118,384,301,190,64,349,65,55,85,174,60,244,60,366,152,35,106,295,178,9,50,140,174,69,48,150,227,34,91,264,171,44
OG_11653,FUN_018798,0,25,0,13,29,39,13,8,0,19,29,25,6,22,22,13,38,61,37,171,32,89,71,9,29,30,44,0,0,16,30,36,14,28,78,0,0,15,6,0
OG_04443,FUN_018864,1129,719,1315,784,497,711,267,393,130,580,1152,747,462,1172,476,241,402,467,265,903,281,1035,1219,388,993,982,1359,112,258,893,1289,399,133,1388,1327,153,89,530,449,147
OG_14540,FUN_018864,1129,719,1315,784,497,711,267,393,130,580,1152,747,462,1172,476,241,402,467,265,903,281,1035,1219,388,993,982,1359,112,258,893,1289,399,133,1388,1327,153,89,530,449,147
OG_14547,FUN_019026,597,1011,514,1098,434,295,215,381,97,416,1047,1548,214,375,369,164,95,505,197,322,218,666,526,165,1001,1060,1403,313,711,569,1152,496,235,1341,1406,165,132,384,479,336
OG_14563,FUN_019333,144,112,79,71,0,58,0,19,0,14,108,48,4,135,102,11,0,28,0,24,26,215,157,12,68,144,60,11,14,41,66,0,0,111,90,0,0,44,67,0
OG_04467,FUN_019433,13,12,4,13,0,13,0,0,0,5,0,0,9,6,0,0,0,0,0,0,7,4,0,0,21,0,0,0,0,10,0,0,0,0,0,0,0,16,0,0
OG_04514,FUN_022047,8071,1389,1996,12410,1853,2259,997,5549,3841,3239,997,2174,3347,3741,695,1686,1092,495,378,7658,1196,573,292,859,2741,708,977,364,1670,1122,1280,2360,1283,2165,1411,492,2805,1340,1006,1613
OG_04515,FUN_022048,128,159,126,53,87,89,18,36,48,48,193,107,46,173,86,8,0,37,3,55,84,68,27,37,166,59,217,0,30,43,120,20,48,98,175,49,80,56,86,22
OG_11762,FUN_022088,128,118,299,330,105,164,53,57,50,210,266,113,106,140,106,82,50,70,41,335,195,108,277,267,231,213,176,68,73,148,179,140,73,364,351,44,138,226,145,156
OG_04537,FUN_022093,124,156,260,332,133,164,79,208,79,202,382,124,108,171,279,86,0,167,88,206,319,169,580,220,369,320,367,19,36,202,259,208,91,328,519,146,136,305,248,99
OG_04538,FUN_022094,1133,1702,1448,681,3474,344,578,98,201,594,2015,1794,817,987,550,512,198,926,215,355,5493,868,450,1150,3873,549,2686,921,2080,595,782,1433,2013,706,1197,371,6124,513,1774,764
OG_14588,FUN_022095,654,633,756,414,688,191,107,25,37,131,1178,1209,408,467,72,140,122,117,0,161,1579,139,94,105,3285,80,1196,36,798,233,199,169,587,218,568,104,814,72,429,43
OG_04547,FUN_022170,1336,1491,587,910,432,598,117,197,105,701,977,1088,215,1140,293,189,110,285,54,307,115,214,802,186,455,426,689,154,157,460,1182,249,125,724,1477,186,273,478,483,184
OG_04560,FUN_022199,17948,26355,19187,13689,37368,8998,9485,5249,15555,8106,11265,18487,13480,25375,19355,26536,13859,8742,6509,20585,20917,4367,13895,10792,38756,16681,16273,5823,15799,9947,23190,23433,14847,10973,18273,3107,6359,8531,8596,18862
OG_04651,FUN_022386,368,435,1980,869,4005,225,665,95,595,141,1348,1863,939,435,1031,1047,452,140,181,361,1628,348,320,585,880,248,1285,1081,1539,325,376,817,1042,325,521,403,5740,308,577,486
OG_11794,FUN_022418,157,147,60,217,48,156,128,150,40,265,471,323,152,171,347,147,0,163,237,1117,199,173,677,200,327,218,398,45,102,192,485,148,103,153,480,63,27,263,644,111
OG_04694,FUN_022486,563,875,370,492,129,376,244,136,146,729,663,487,233,707,404,156,94,708,140,449,131,712,859,166,425,544,469,227,176,500,829,232,163,884,1025,224,90,646,421,465
OG_14612,FUN_022489,63,88,64,58,215,82,19,9,34,26,44,127,10,60,45,13,0,67,41,36,54,36,64,27,181,28,46,0,62,49,108,63,47,25,75,58,0,25,52,23
OG_04698,FUN_022495,70,57,43,38,100,48,0,0,0,25,38,21,80,41,0,29,10,65,0,27,0,69,18,16,26,26,48,33,34,69,100,21,0,36,158,16,16,17,60,0
OG_11812,FUN_022534,293,558,247,223,158,190,256,80,120,564,328,135,25,351,975,360,36,151,199,135,32,169,514,96,471,428,307,0,84,265,511,136,92,245,449,33,25,127,95,373
OG_14615,FUN_022534,293,558,247,223,158,190,256,80,120,564,328,135,25,351,975,360,36,151,199,135,32,169,514,96,471,428,307,0,84,265,511,136,92,245,449,33,25,127,95,373
OG_11813,FUN_022536,1443,4690,8562,1728,1665,333,911,1004,205,725,832,509,527,2285,4343,887,421,919,418,1446,173,1139,1619,243,107,344,180,95,793,259,877,292,232,364,539,114,345,1833,2242,758
OG_04723,FUN_022586,952,1025,479,1405,547,556,255,417,469,638,1141,729,483,678,302,238,357,478,133,815,239,1112,1079,272,658,652,986,316,276,612,1136,378,312,1125,1557,293,179,666,672,438
OG_04756,FUN_022642,17,9,5,47,8,17,0,0,0,19,43,34,26,39,9,0,0,13,0,13,19,40,8,4,20,9,20,0,30,14,9,19,11,4,86,0,52,17,17,0
OG_11831,FUN_022669,1732,2069,674,583,620,826,269,223,118,841,1431,1317,187,1250,324,122,71,1273,264,645,278,623,609,118,1063,745,812,152,284,764,1584,179,100,1080,1632,120,208,626,1003,174
OG_14623,FUN_022669,1732,2069,674,583,620,826,269,223,118,841,1431,1317,187,1250,324,122,71,1273,264,645,278,623,609,118,1063,745,812,152,284,764,1584,179,100,1080,1632,120,208,626,1003,174
OG_11833,FUN_022676,1837,1957,1066,1016,3347,1155,1605,2124,384,879,1582,1834,1040,3181,2601,909,77,975,1054,1121,1277,1157,2355,739,3010,2453,1214,303,1651,1937,2355,1029,945,3255,2127,486,1168,1658,1389,976
OG_04789,FUN_022703,2390,3308,1755,2285,1312,1417,926,584,886,1926,2241,1377,841,1225,1264,870,796,4013,1344,2748,1316,2357,2352,1555,1704,1987,1566,628,951,1245,2449,1429,842,1681,1757,970,1018,2023,1163,1308
OG_04799,FUN_022718,1021,925,900,1076,527,377,361,386,416,380,773,461,374,1087,705,423,394,509,280,802,679,861,1025,388,1164,757,960,264,427,701,605,567,268,938,937,213,344,848,445,226
OG_11839,FUN_022724,168,95,160,587,32,321,216,384,384,442,543,288,310,317,503,138,2,229,369,534,286,438,894,405,332,221,487,114,226,311,306,480,639,793,1061,744,142,341,445,97
OG_14626,FUN_022760,32,29,203,26,648,4,530,348,53,322,7,12,350,153,480,262,154,206,148,230,783,229,366,447,641,198,298,427,55,0,31,99,155,198,195,146,575,220,350,774
OG_14627,FUN_022798,155,234,163,139,330,107,237,289,278,108,658,181,112,403,260,163,87,137,199,191,37,335,255,60,352,66,45,0,257,54,486,49,89,149,293,0,120,23,123,44
OG_11852,FUN_022874,218,84,256,255,985,45,113,61,166,80,294,367,208,96,138,188,126,54,42,102,583,196,65,253,202,78,278,202,373,127,102,184,383,149,149,181,1721,110,152,101
OG_11870,FUN_023107,29,22,42,53,174,107,168,128,124,77,169,214,63,16,52,34,0,19,10,46,58,116,206,192,167,99,157,88,103,168,242,206,104,158,268,55,139,169,200,105
OG_05010,FUN_023162,79,48,127,119,500,28,201,224,143,72,109,194,104,54,103,109,68,24,23,47,276,9,65,114,194,3,110,156,244,28,38,200,143,57,54,67,928,291,233,162
OG_05087,FUN_023324,369,286,1209,1664,380,435,240,541,345,455,322,791,654,422,276,322,256,203,174,1156,221,295,542,895,585,286,279,52,278,374,433,417,398,1040,789,473,710,606,446,634
OG_05121,FUN_023383,8278,12880,10218,7281,2822,7219,2518,2130,4951,8504,8817,7267,3821,7256,5177,3387,5085,6626,2406,6813,2815,2475,13147,3522,8937,5548,11184,2715,2083,5151,14593,5603,2577,5641,17170,2318,989,4170,6883,4159
OG_11899,FUN_023403,163,219,99,111,375,35,131,37,35,244,185,39,94,222,162,148,45,103,101,272,135,105,277,74,330,177,226,14,28,110,251,92,75,170,313,65,142,93,157,176
OG_14674,FUN_023403,163,219,99,111,375,35,131,37,35,244,185,39,94,222,162,148,45,103,101,272,135,105,277,74,330,177,226,14,28,110,251,92,75,170,313,65,142,93,157,176
OG_11900,FUN_023404,20,36,9,16,39,0,48,54,0,41,18,16,20,16,30,0,0,14,43,14,13,20,47,15,49,28,41,21,26,20,29,28,21,26,38,33,49,26,25,47
OG_14681,FUN_023470,3,4,0,20,0,12,0,0,0,19,9,0,4,6,8,0,0,13,0,0,0,36,19,6,0,0,0,0,7,15,10,0,0,17,18,0,0,13,5,0
OG_11907,FUN_023478,91,18,34,76,74,13,27,49,2,21,28,26,37,40,33,0,0,7,4,56,7,22,46,16,64,46,26,0,32,36,31,24,22,50,15,23,111,71,19,7
OG_14685,FUN_023594,369,459,572,675,1282,519,1009,688,1439,728,533,1033,576,483,1258,790,326,331,433,760,924,329,1219,1033,1142,391,481,597,1785,633,526,1812,846,504,601,779,1399,558,601,1118
OG_05210,FUN_023597,317,231,310,327,821,104,594,306,902,154,267,438,438,174,560,391,300,188,326,337,488,138,149,451,631,229,200,595,1049,178,285,1103,315,144,210,601,1289,268,280,674
OG_05228,FUN_023641,0,5,9,0,5,0,0,0,0,0,0,0,0,0,13,0,0,0,3,0,0,0,0,0,3,9,5,0,0,0,0,0,0,2,0,0,0,0,0,0
OG_05250,FUN_023697,184,466,638,421,335,182,678,340,345,248,115,390,169,359,756,832,58,144,304,373,65,56,146,81,243,114,85,139,768,163,236,336,373,165,212,211,231,246,249,502
OG_05303,FUN_023974,0,0,0,0,0,62,0,0,0,7,42,26,45,54,55,6,0,39,16,163,115,110,121,40,83,50,46,0,0,68,62,0,0,106,65,4,0,18,0,0
OG_05304,FUN_023976,375,236,69,163,53,30,0,28,63,115,84,5,141,458,86,49,0,0,26,30,65,212,85,37,132,124,150,36,0,38,39,18,28,401,373,56,47,126,159,44
OG_05308,FUN_023982,480,794,668,709,636,422,611,542,721,852,695,699,639,512,831,650,622,550,534,643,775,258,1045,531,1202,509,760,525,818,482,545,893,608,612,905,405,538,472,729,795
OG_05366,FUN_024155,525,235,444,1169,1594,239,154,359,999,193,280,1273,448,512,273,672,441,168,194,1002,647,203,355,684,1442,342,450,380,847,153,495,822,469,196,319,291,970,230,240,686
OG_11957,FUN_024159,82,52,18,70,413,230,94,226,334,152,224,660,121,221,66,111,51,136,74,361,10,30,20,0,66,34,86,16,181,182,451,124,55,104,166,32,137,136,107,168
OG_05367,FUN_024160,1936,2877,1366,2476,3461,1238,2361,1206,1448,2326,2210,3099,1209,2442,2689,1423,159,1265,1767,2049,1723,1342,1264,1599,2571,1196,1245,1355,2458,1589,3287,3359,1315,2140,2413,1571,2408,2506,1911,2822
OG_14711,FUN_024326,0,5,8,9,8,14,0,0,0,0,25,14,0,2,0,0,0,8,4,9,0,9,0,0,0,0,1,0,0,0,9,0,9,23,27,0,7,0,0,0
OG_14710,FUN_024225,206,241,164,112,100,90,66,103,67,131,239,149,99,192,160,48,60,349,159,162,104,447,316,78,134,190,168,94,61,181,247,45,28,86,67,0,82,194,161,48
OG_11964,FUN_024269,130,120,100,66,31,72,35,50,9,73,129,88,14,37,50,13,6,178,54,79,91,292,281,53,76,82,97,0,20,92,108,31,4,11,17,4,10,85,86,38
OG_11983,FUN_024514,60,47,8,29,8,18,0,0,4,20,31,0,15,20,0,7,0,18,0,0,7,51,20,5,16,20,32,0,9,15,37,0,0,64,37,0,0,10,28,0
OG_11984,FUN_024546,432,561,318,404,137,68,26,76,44,231,69,44,116,294,91,159,258,264,79,270,118,140,288,141,360,231,191,146,35,60,87,48,16,39,98,0,178,239,145,66
OG_05498,FUN_024557,419,609,265,191,204,373,154,314,250,806,674,368,98,478,391,173,174,316,157,211,185,631,767,105,573,995,720,338,195,382,782,129,212,999,1351,161,381,617,459,294
OG_05514,FUN_024614,1432,1523,893,1367,551,412,250,385,286,556,1173,1682,361,798,374,235,69,529,155,978,366,637,853,217,1541,663,777,236,420,451,1041,285,126,843,894,95,136,682,454,205
OG_05568,FUN_024804,342,308,340,506,506,260,251,227,250,193,306,628,310,230,234,294,227,330,100,347,348,200,322,188,441,231,244,207,350,294,228,343,176,244,311,86,409,201,223,296
OG_12007,FUN_024894,59,72,27,38,39,0,49,0,49,38,224,359,133,49,34,49,0,43,32,31,168,59,35,55,55,11,76,0,180,17,51,27,31,94,140,13,55,63,203,23
OG_12019,FUN_025262,9,0,0,8,7,0,0,0,0,0,0,2,8,0,0,0,0,0,0,4,12,0,11,12,16,0,0,0,0,0,0,0,0,0,0,2,19,0,17,0
OG_05637,FUN_025338,13,18,5,345,23,7,0,0,7,1,4,79,23,11,12,19,0,11,0,14,55,7,33,4,261,38,274,853,11,6,0,2,0,0,8,0,0,0,20,12
OG_14752,FUN_025336,0,0,0,0,8,0,0,0,117,0,10,120,31,3,3,4,0,0,0,0,20,1,0,3,18,0,0,0,9,6,9,10,0,0,0,0,54,0,0,0
OG_12031,FUN_025345,186,276,274,174,791,174,147,149,734,100,208,161,237,665,129,92,189,72,63,210,135,256,132,151,191,136,124,76,231,174,401,195,83,57,247,128,265,96,171,170
OG_12032,FUN_025346,62,92,214,138,637,97,88,139,271,46,122,53,209,231,111,103,54,110,32,186,70,247,112,157,187,165,89,149,102,74,137,96,21,122,365,131,116,95,209,53
OG_05666,FUN_025441,27,11,0,0,13,26,0,0,0,37,19,14,18,46,15,0,0,0,0,18,7,28,9,0,8,0,26,0,10,0,29,1,0,34,149,0,0,10,38,0
OG_12046,FUN_025476,5,0,0,0,74,118,71,77,116,79,332,242,28,0,2,24,0,0,0,0,0,17,0,0,307,231,378,282,171,82,295,157,0,0,49,7,131,45,111,32
OG_12050,FUN_025534,69,124,63,381,82,14,70,60,123,63,45,160,124,84,260,84,0,52,76,243,0,0,0,0,148,57,35,32,61,40,36,130,39,54,63,69,88,39,22,60
OG_05713,FUN_025598,752,430,617,1067,523,234,182,550,613,650,401,386,682,552,380,406,252,483,227,1304,438,447,715,424,1100,425,720,103,346,214,434,290,200,379,806,166,411,481,571,171
OG_05717,FUN_025607,33,11,73,61,88,26,0,0,0,0,17,11,58,23,0,11,0,9,9,12,66,19,12,16,35,8,34,30,52,11,10,0,12,14,52,20,162,0,19,27
OG_05718,FUN_025610,668,998,681,958,691,949,419,735,452,589,1510,1501,711,1151,787,345,201,1411,527,1495,583,1293,1328,478,1262,913,1247,272,798,757,1373,510,263,1090,1688,444,522,702,950,431
OG_05749,FUN_025681,619,1033,751,622,1615,849,374,442,421,887,1648,2029,573,1462,804,693,192,1510,553,1283,702,756,568,529,1472,1015,748,285,853,723,1842,655,524,922,1426,293,676,836,726,778
OG_05819,FUN_025826,24,63,157,31,38,61,0,13,21,32,25,21,94,58,37,17,207,75,7,37,123,70,11,18,75,44,39,0,0,33,30,52,17,122,73,42,0,43,25,4
OG_05856,FUN_025935,1061,781,513,487,592,528,378,204,195,698,908,741,340,496,512,294,67,558,389,716,812,611,967,366,1214,385,665,171,438,446,1070,445,308,857,1268,277,417,500,688,364
OG_12102,FUN_025942,24,30,35,62,61,43,0,10,24,13,64,122,22,42,13,6,0,16,15,60,36,0,10,7,18,0,19,0,55,8,43,17,19,14,29,13,89,11,22,39
OG_14790,FUN_025984,18568,26884,20011,15131,50955,7865,17542,12810,20201,10559,11839,18566,17292,27687,33256,35384,16029,9275,14958,22065,24279,9943,18076,14751,41946,18934,16036,7406,19781,9995,19383,25182,17073,13377,17086,4450,12153,11388,10181,24791
OG_14792,FUN_026008,1101,1002,909,790,2162,570,332,473,745,359,593,1164,630,1325,810,997,324,409,478,1004,638,290,625,429,1856,862,796,451,768,517,1125,900,594,761,1016,270,964,454,547,616
OG_12107,FUN_026009,2597,610,724,6128,3359,1479,137,673,2002,1947,404,7788,669,6277,403,1183,481,345,197,7221,385,573,463,2959,2530,285,408,1520,1724,262,746,195,132,342,546,54,1614,227,239,377
OG_14793,FUN_026010,809,539,287,443,406,82,59,118,97,124,182,221,149,363,108,66,157,277,99,574,158,135,225,34,623,282,311,109,127,159,196,37,127,361,466,31,100,183,152,65
OG_12108,FUN_026011,1754,1927,1377,1695,4032,663,697,497,1469,618,998,1493,1032,1952,1173,1090,822,643,1046,2173,1383,350,1246,1071,3052,1170,1303,514,1837,844,2246,1785,1173,1111,1478,372,661,548,943,946
OG_12109,FUN_026016,651,621,292,463,1637,322,286,277,361,283,498,692,444,758,466,545,358,234,308,674,687,185,594,396,1112,338,517,278,488,213,765,434,508,519,777,312,644,200,579,555
OG_05874,FUN_026023,11485,12670,10292,12169,37323,5421,6623,6513,19432,5963,7266,15394,12325,14482,12924,22256,15049,5610,5974,17445,18014,2896,8583,12974,23808,7364,7569,5949,17677,6141,14963,19727,13091,6994,11261,4087,9592,5746,7254,20319
OG_05875,FUN_026024,9671,14759,10708,7275,26731,4084,9485,5679,8384,4400,6984,13572,7723,13346,14893,19588,7251,5066,8081,12221,13004,4708,8699,7976,20157,10137,8604,4969,11918,5658,10755,11777,12739,6532,9990,2926,6580,5528,5466,12636
OG_05950,FUN_026200,143,140,36,70,104,159,16,42,76,81,49,103,51,141,52,92,0,42,31,208,35,55,84,30,50,70,66,0,59,84,153,55,27,111,269,54,0,32,56,20
OG_05952,FUN_026214,536,199,139,737,731,451,104,118,339,259,159,622,162,459,152,177,155,55,63,843,130,77,112,307,881,173,105,194,297,138,322,148,124,175,250,91,170,47,65,206
OG_14803,FUN_026203,55,5,0,31,76,130,25,19,87,175,165,6,99,147,11,34,40,33,18,34,23,155,71,66,230,180,236,0,0,81,301,64,6,116,397,0,24,27,62,0
OG_12125,FUN_026225,52,89,19,26,15,19,0,15,0,59,38,16,0,80,32,20,39,513,196,762,29,134,166,13,43,44,39,0,10,39,42,9,85,1608,1254,46,0,32,31,4
OG_14804,FUN_026231,14,12,0,0,9,39,0,0,13,0,93,55,3,0,0,0,126,524,220,274,10,30,29,0,9,0,4,0,23,31,103,11,150,550,475,194,0,44,15,0
OG_06004,FUN_026494,1709,1941,770,923,740,1023,209,362,835,1211,1145,1055,642,1533,334,544,543,780,214,908,415,825,947,528,996,818,1070,437,502,729,1597,616,318,1000,1665,250,251,761,693,904
OG_12160,FUN_026620,23,55,21,27,0,6,10,3,16,14,63,11,11,19,36,17,0,46,33,30,65,15,80,11,23,38,34,21,41,21,38,29,9,39,63,2,2,6,20,20
OG_12165,FUN_026681,1091,1129,345,647,422,450,299,436,158,818,1133,935,463,1365,843,390,124,296,166,276,411,1182,974,261,748,622,1015,297,490,510,1163,513,200,834,1446,206,159,752,712,487
OG_12166,FUN_026683,645,606,185,622,113,97,162,69,9,216,339,226,91,403,218,39,117,246,43,134,212,502,396,61,354,279,296,203,93,84,348,118,32,972,1009,81,0,176,190,180
OG_12162,FUN_026676,7,19,6,3,8,0,22,18,0,48,7,1,1,15,0,0,0,6,7,3,31,14,29,21,14,9,15,0,0,0,3,4,0,30,17,2,0,48,78,7
OG_12163,FUN_026676,7,19,6,3,8,0,22,18,0,48,7,1,1,15,0,0,0,6,7,3,31,14,29,21,14,9,15,0,0,0,3,4,0,30,17,2,0,48,78,7
OG_12242,FUN_027751,71,102,18,44,86,269,16,32,144,40,373,1103,109,197,80,29,0,0,0,0,36,15,13,30,130,41,239,175,274,76,226,52,18,34,44,53,133,23,137,43
OG_06101,FUN_027779,359,141,83,232,0,9,0,49,0,0,33,56,75,125,81,35,0,82,113,80,81,127,51,40,76,129,29,101,11,55,21,15,37,248,147,87,0,60,26,42
OG_06119,FUN_027850,4594,4100,5087,7350,9824,2916,3157,5250,7745,2354,6581,4752,6685,4946,5565,6369,22692,1482,2382,6823,7040,3988,6791,5538,7827,3817,5998,14806,6779,3279,4274,7786,6711,6392,7786,8754,20279,3543,4199,8044
OG_12248,FUN_027861,67,31,105,395,481,33,48,49,13,198,27,418,443,296,39,215,45,427,36,759,46,61,22,53,52,0,24,87,56,21,14,9,2,21,22,69,209,107,276,793
OG_06158,FUN_028002,100,120,45,108,173,78,43,40,96,361,232,157,85,259,387,233,0,128,54,272,22,80,197,31,305,231,148,0,94,90,420,67,47,123,298,0,16,56,129,217
OG_06152,FUN_027984,4025,3213,2652,5377,2836,1996,1422,2425,1029,2025,4520,2469,2357,4202,3227,1359,1356,1039,1021,4330,2078,2826,4310,1417,4624,2872,4914,1135,1375,2298,2805,2214,1171,5009,5529,1081,2866,2818,3223,1332
OG_06181,FUN_028088,6915,10991,7965,4180,3289,4174,3091,1673,5314,7588,7278,4043,3197,7737,8244,7744,5991,5132,2176,5263,2428,1685,10207,2559,8184,3887,7361,4104,2950,4613,11080,4819,2115,4109,8772,1951,3063,2119,4154,5365
OG_06198,FUN_028130,1954,2248,1580,1181,601,1446,596,405,671,1347,2430,1145,529,1123,886,419,552,687,339,862,632,920,2774,499,1993,1925,2479,498,410,1224,3322,1104,544,1099,2369,251,248,725,977,433
OG_06236,FUN_028192,348,440,345,720,313,189,298,233,92,471,311,244,171,297,289,86,325,156,124,436,181,237,696,171,489,331,495,47,108,222,321,195,67,389,383,75,141,207,293,211
OG_06234,FUN_028187,17,0,0,9,75,16,0,0,43,37,19,75,122,13,27,10,0,6,31,36,223,6,23,84,227,7,7,0,0,27,46,737,144,76,53,103,0,10,0,142
OG_12286,FUN_028190,11360,14420,5244,8924,7124,5782,4041,7642,18359,12643,1459,1389,5974,8865,4255,3232,7981,3168,737,4495,1759,3839,6048,1161,3064,3198,1252,370,2903,1711,2253,1182,1189,2814,2344,225,885,2946,2549,3168
OG_06247,FUN_028242,32,33,11,35,18,46,119,73,40,106,68,248,31,50,194,99,56,6,13,86,45,31,97,28,62,101,25,0,68,26,72,101,17,37,50,45,31,128,25,12
OG_06279,FUN_028447,3846,1046,513,2382,381,2044,129,472,380,2431,565,2055,387,3694,202,177,96,389,29,1723,105,1241,451,222,1110,572,455,44,346,705,1150,187,48,1370,826,74,182,516,464,143
OG_14889,FUN_028493,15,18,26,30,6,0,0,0,0,0,17,0,3,17,17,0,0,0,0,0,11,13,5,8,4,9,17,0,0,3,0,0,4,24,23,28,0,10,23,0
OG_12320,FUN_028840,357,233,391,234,175,113,202,246,97,194,327,212,114,166,197,58,0,190,172,99,102,263,185,57,292,348,300,24,120,169,258,92,43,255,306,45,86,307,184,69
OG_12318,FUN_028798,0,0,0,2,0,0,0,0,0,0,6,27,13,0,0,0,0,0,0,0,0,0,0,0,28,4,0,0,0,0,0,6,0,0,7,0,15,10,0,0
OG_14901,FUN_028799,54,21,3,51,0,0,27,8,41,9,72,945,14,22,0,20,0,0,0,0,5,14,25,19,50,85,60,0,91,30,113,48,4,11,45,9,53,71,17,0
OG_06373,FUN_028978,30,35,21,42,53,7,11,11,0,98,34,20,60,19,11,19,0,15,0,37,48,0,11,0,123,48,56,0,0,0,19,16,15,12,61,0,9,35,34,0
OG_14915,FUN_028988,133,365,273,94,108,133,141,100,13,89,150,277,75,111,181,185,74,113,93,105,101,87,153,173,239,97,109,159,320,71,176,200,178,55,173,68,172,122,166,212
OG_12331,FUN_029013,790,1128,540,1143,749,568,178,238,250,523,975,1709,202,719,357,206,98,741,314,1140,542,278,319,152,1082,559,829,47,786,446,809,342,345,610,950,178,465,295,500,171
OG_06384,FUN_029014,609,709,337,172,375,425,113,122,159,335,499,315,163,592,249,215,0,253,363,691,176,122,388,156,421,417,609,85,78,277,1369,238,132,452,916,130,64,132,311,81
OG_06430,FUN_029123,1869,3047,1536,1208,673,1225,440,500,1038,1558,1761,1403,723,1170,792,687,1312,1652,382,1237,224,580,925,435,1116,1512,1139,612,779,717,1787,652,321,684,1394,394,193,979,839,994
OG_12369,FUN_029327,420,995,438,582,942,358,436,344,194,604,864,3011,255,834,474,355,210,718,292,523,376,429,674,314,1584,648,902,789,1192,542,889,1153,293,867,867,164,450,646,1014,1933
OG_12371,FUN_029365,95,129,13,36,27,193,21,51,57,128,261,24,20,116,37,9,54,103,9,84,26,105,110,25,50,137,114,17,4,162,266,66,16,165,144,11,22,116,46,51
OG_14942,FUN_029379,148,208,49,44,124,71,17,37,79,132,167,54,26,133,27,17,176,106,44,69,1,32,49,0,56,75,93,221,50,104,175,57,13,76,115,18,229,69,84,74
OG_06592,FUN_029640,1213,383,116,511,90,438,44,197,124,898,324,302,201,426,113,69,77,340,50,673,50,440,255,44,134,318,257,61,57,227,515,37,24,583,554,38,55,160,111,80
OG_06599,FUN_029673,688,830,299,311,71,323,0,131,63,497,760,224,62,518,115,37,0,401,42,227,66,336,477,37,272,340,341,47,43,368,909,84,39,416,690,0,0,162,175,27
OG_06607,FUN_029756,563,669,752,697,723,378,312,419,233,540,706,1124,239,545,756,403,149,575,345,773,448,398,593,236,1146,483,571,98,548,355,640,511,360,432,671,237,359,481,433,473
OG_06610,FUN_029760,279,304,388,246,129,109,70,32,36,109,245,161,78,327,68,59,143,100,65,145,88,263,201,75,330,198,267,264,46,85,222,16,142,373,500,102,92,123,138,42
OG_06616,FUN_029772,64,54,0,44,94,151,31,67,0,130,297,205,22,147,28,34,33,179,66,133,42,387,227,42,185,155,181,28,25,134,272,38,19,142,125,65,69,208,264,23
OG_12406,FUN_029776,13,9,0,13,15,0,0,0,0,32,0,0,3,14,0,0,0,14,0,8,6,10,0,0,4,12,7,0,0,0,11,0,0,0,18,0,0,0,2,0
OG_12424,FUN_030063,784,199,107,928,419,178,14,405,0,20,180,457,148,282,119,218,293,73,21,779,77,263,623,151,282,123,159,72,127,61,104,240,75,120,606,102,582,124,191,242
OG_12447,FUN_030674,1440,1414,1636,1627,1874,1310,982,907,807,1175,1518,2109,1181,1356,1691,1025,625,1943,858,1728,2546,1629,2850,1748,4570,1696,2799,747,1557,906,1548,1500,986,1426,2113,1190,1727,1283,1563,1180
OG_06655,FUN_030682,16,30,0,92,197,0,11,0,25,0,0,141,30,0,8,12,85,10,0,20,8,9,0,0,39,0,0,8,22,0,9,12,7,11,0,0,384,10,46,102
OG_06670,FUN_031070,1314,1805,1208,1945,746,1534,958,747,328,1199,4951,5886,470,975,1709,515,37,1211,561,916,1720,708,4190,1487,2888,1017,2955,1315,2720,1496,4196,2587,1056,1812,4013,2002,761,1595,4136,1121
OG_12475,FUN_031092,5,0,0,5,0,7,0,0,0,30,5,0,2,25,0,0,0,0,0,12,3,0,3,0,0,5,0,0,0,6,23,0,0,19,12,0,0,15,0,0
OG_12476,FUN_031093,0,0,0,0,0,18,0,8,6,20,2,1,5,22,0,0,0,0,0,0,3,4,0,4,0,3,0,0,0,0,7,7,0,16,0,0,0,21,6,0
OG_06711,FUN_031299,19,11,0,0,0,0,0,0,0,21,12,0,0,20,0,0,0,6,0,4,0,6,0,0,0,0,6,0,0,0,0,0,0,24,0,0,0,0,0,0
OG_06712,FUN_031304,36,0,0,0,7,5,3,0,0,25,12,6,9,22,0,0,0,18,3,0,0,8,5,0,7,11,0,0,0,0,17,0,0,15,7,0,0,3,7,7
OG_06719,FUN_031470,826,462,172,440,203,301,18,422,172,290,375,90,542,803,301,245,407,91,47,690,126,219,503,162,325,242,402,177,114,225,320,155,188,665,717,83,78,242,175,88
OG_14994,FUN_031361,0,0,0,1,0,0,0,0,0,0,3,0,0,0,4,0,0,2,6,0,0,0,0,0,0,0,0,0,0,0,0,0,0,0,4,0,3,0,0,0
OG_12496,FUN_031419,352,335,342,251,54,57,38,50,34,135,115,87,102,91,116,55,18,51,11,36,176,207,176,109,129,131,133,75,52,93,156,60,29,190,154,39,31,136,92,55
OG_06717,FUN_031467,1231,1544,768,686,624,525,200,314,749,990,947,825,297,972,415,474,461,514,184,510,219,472,594,333,771,773,753,386,389,368,983,481,479,942,1336,208,578,585,515,643
OG_06754,FUN_031565,830,657,187,455,170,241,100,92,179,300,412,245,164,470,95,85,230,201,46,292,163,322,235,95,324,254,326,121,146,221,463,190,59,333,596,65,198,148,200,93
OG_06775,FUN_031641,307,247,171,107,112,134,47,74,96,194,211,141,140,242,105,80,92,107,35,138,113,155,174,70,192,173,182,151,97,145,226,111,77,175,239,97,97,106,111,84
OG_12518,FUN_031661,644,771,308,564,188,204,218,137,84,253,593,576,108,389,283,33,88,194,121,142,243,590,727,107,647,509,882,215,224,289,752,195,164,488,885,77,62,300,230,206
OG_15009,FUN_031702,0,9,0,0,8,0,0,0,0,0,0,5,20,11,3,0,0,0,0,10,64,0,29,5,56,4,0,0,0,0,2,38,6,4,19,11,0,0,6,0
OG_15020,FUN_031843,0,2,0,0,11,0,0,0,0,0,0,3,20,23,0,0,0,4,0,2,3,0,0,0,11,0,0,0,0,0,0,0,0,0,22,0,0,6,0,0
OG_15021,FUN_031845,23,15,28,2,7,2,4,0,0,0,25,19,14,10,34,0,9,9,0,9,7,4,22,3,5,3,5,17,11,17,5,4,9,2,25,0,8,2,6,33
OG_06875,FUN_031878,190,119,53,79,25,117,34,71,11,221,142,102,26,226,48,14,0,71,27,144,23,205,95,0,48,112,84,0,9,112,201,0,0,225,221,0,0,148,101,0
OG_06908,FUN_031966,0,10,0,7,0,12,0,0,0,13,19,0,21,4,0,0,0,0,0,21,27,0,13,4,26,0,3,0,0,0,7,0,0,16,20,0,0,0,0,0
OG_06922,FUN_032012,577,667,319,616,489,311,63,172,55,427,221,340,91,712,160,72,0,519,101,427,120,543,191,134,506,132,170,41,126,173,596,106,92,608,617,22,71,123,631,50
OG_06931,FUN_032022,468,545,263,350,268,273,106,94,60,457,451,280,63,240,78,19,81,132,42,87,93,277,267,89,264,233,340,178,66,255,529,105,61,418,682,56,48,332,393,62
OG_06954,FUN_032069,165,180,136,172,124,44,137,109,21,77,133,90,62,63,68,14,0,65,14,142,96,48,137,56,257,54,135,34,38,41,93,74,61,139,172,49,119,69,93,73
OG_06955,FUN_032074,766,664,303,483,337,268,145,257,118,556,434,467,122,830,229,115,72,408,37,360,76,235,285,76,567,524,420,105,370,396,558,110,87,647,684,86,268,490,332,255
OG_12560,FUN_032080,136,189,47,96,169,68,68,85,33,81,236,211,18,121,95,17,43,61,33,18,52,141,155,19,199,159,290,131,108,114,172,87,70,181,242,84,93,247,142,187
OG_06998,FUN_032147,12401,12827,5704,20540,6723,1479,3345,2263,1452,6005,292,8587,794,5112,1243,1674,444,6256,983,12556,2046,2450,1461,3017,7791,1540,1124,735,1356,475,832,888,690,694,1486,147,2126,2440,4844,2415
OG_06999,FUN_032148,111,125,64,115,45,84,13,6,0,114,96,135,60,143,21,36,95,154,38,167,105,108,34,34,213,100,106,33,36,112,181,93,32,87,157,79,38,48,61,63
OG_12568,FUN_032150,963,806,806,2932,2176,1945,180,613,680,933,73,2157,631,1998,225,1435,388,626,214,5298,416,276,368,894,2288,490,143,715,992,244,516,623,208,744,173,1277,1147,145,526,2058
OG_07000,FUN_032151,6558,9092,5651,6670,2299,4477,1886,1385,1057,5482,406,7132,530,7181,2508,3420,862,8287,870,4404,1913,2936,2579,1566,7112,2824,1722,307,1550,2376,2819,2628,1028,2097,3162,1674,1054,3272,4171,3095
OG_07042,FUN_032241,392,504,389,273,257,351,183,135,201,596,500,402,183,242,282,111,207,737,226,549,93,157,322,58,360,324,407,118,147,218,658,269,16,114,244,43,100,447,345,185
OG_07150,FUN_032503,200,196,118,200,304,212,56,49,395,60,500,966,183,257,304,137,31,36,45,103,215,28,93,259,747,149,210,73,884,345,673,733,457,176,382,120,290,86,55,116
OG_15060,FUN_032524,94,106,0,80,26,37,38,76,0,133,41,141,50,70,142,28,0,23,39,69,33,96,39,0,28,78,39,7,43,64,28,14,0,65,121,0,26,155,47,9
OG_07153,FUN_032526,39,17,0,11,0,4,0,0,0,45,17,11,0,22,5,0,0,2,0,47,6,0,0,0,0,12,0,0,0,7,4,0,0,9,10,0,0,9,0,0
OG_07183,FUN_032641,300,107,102,170,194,181,21,111,88,220,429,213,199,221,170,129,93,181,48,270,223,131,93,104,439,204,200,40,189,298,306,175,50,151,257,47,264,162,127,73
OG_12611,FUN_032651,186,201,598,270,111,81,306,253,49,182,306,164,252,219,208,156,89,215,262,374,617,251,1310,512,1155,612,915,115,53,365,281,337,466,650,953,310,148,430,399,246
OG_12612,FUN_032653,316,493,242,642,133,237,93,95,83,412,251,387,60,300,110,22,0,473,112,599,131,288,271,80,378,414,303,222,103,165,268,131,103,657,507,53,109,341,203,94
OG_12613,FUN_032659,11,9,0,0,0,0,0,0,0,0,0,0,0,0,0,0,0,0,0,0,12,0,0,0,0,0,4,0,7,0,16,0,0,0,0,24,0,0,0,0
OG_12616,FUN_032684,34,8,42,23,148,0,0,0,0,18,12,33,13,12,19,7,26,9,0,10,13,0,0,7,43,3,29,16,35,0,0,0,41,15,16,12,281,0,37,54
OG_15070,FUN_032682,30,9,18,15,108,0,35,26,9,20,43,60,8,4,17,13,0,25,7,48,287,37,27,211,41,7,46,24,66,0,20,53,49,14,30,27,322,17,24,91
OG_07252,FUN_033014,118,84,41,68,30,84,189,69,36,147,63,364,46,150,270,59,0,61,32,159,5,89,122,13,63,113,67,0,37,100,96,16,20,65,94,0,86,201,93,18
OG_15086,FUN_033015,78,74,7,154,73,104,195,102,63,139,39,432,83,142,256,115,83,69,38,378,31,38,85,17,102,92,43,0,131,64,59,87,25,66,77,12,272,224,55,41
OG_15087,FUN_033017,21,20,0,5,22,44,18,33,20,42,42,43,0,37,40,16,0,44,0,108,0,64,56,8,15,31,20,0,10,49,38,32,6,67,51,17,0,67,23,0
OG_12645,FUN_033043,246,43,65,403,61,106,52,138,27,131,214,106,66,152,82,32,23,104,28,50,26,191,108,28,105,246,184,18,121,132,117,28,25,11,78,13,50,168,138,5
OG_15089,FUN_033043,246,43,65,403,61,106,52,138,27,131,214,106,66,152,82,32,23,104,28,50,26,191,108,28,105,246,184,18,121,132,117,28,25,11,78,13,50,168,138,5
OG_07265,FUN_033056,18,23,11,0,20,3,56,0,0,17,23,2,8,21,27,0,0,16,6,20,0,6,9,6,21,30,26,0,0,5,8,0,0,35,4,20,0,0,23,33
OG_12647,FUN_033061,0,0,0,0,0,22,0,0,0,16,63,77,6,44,23,0,0,27,0,0,16,3,3,0,11,14,23,0,43,14,53,0,0,29,55,20,0,20,13,0
OG_12646,FUN_033057,12,8,8,20,67,0,0,16,20,8,13,0,21,0,0,0,0,58,14,17,21,23,9,6,23,12,26,31,0,5,2,0,20,16,65,21,85,32,69,31
OG_07330,FUN_033731,99,39,112,116,167,53,90,78,135,59,165,159,113,43,171,96,21,78,102,158,96,46,146,104,146,119,116,159,174,48,105,220,99,113,88,133,268,130,111,222
OG_07331,FUN_033732,90,155,462,529,118,66,31,18,162,82,166,257,95,190,181,837,145,340,182,524,229,117,167,432,585,93,227,316,767,108,159,426,287,120,292,259,198,52,155,472
OG_12683,FUN_033789,391,807,520,203,358,204,156,186,45,483,526,559,71,433,199,122,84,515,133,243,280,292,634,124,492,364,520,130,226,169,747,130,125,287,642,114,172,429,644,88
OG_07389,FUN_033818,964,2334,743,739,377,791,449,239,356,738,1119,1858,183,1419,1534,1175,0,1936,392,813,471,759,450,283,847,1103,763,371,1112,629,1133,518,652,655,1626,406,201,914,1568,701
OG_07394,FUN_033824,1477,463,579,4478,641,436,248,1166,1681,884,8,1662,1508,1063,212,941,424,343,97,2554,201,452,237,959,1105,238,256,364,611,330,225,548,115,322,375,341,1092,185,325,783
OG_07404,FUN_033855,768,1842,566,410,257,660,130,118,250,551,1052,821,121,1068,340,170,68,649,145,499,99,414,489,42,596,424,709,135,160,440,1221,146,84,599,1227,74,54,456,433,221
OG_07531,FUN_034107,41,54,11,28,61,57,65,40,0,163,16,67,14,99,189,51,16,101,19,105,31,13,73,0,41,45,17,0,26,0,17,14,30,28,32,0,37,56,8,0
OG_07508,FUN_034050,912,1517,1669,1186,615,745,1585,1231,290,839,1357,558,353,656,1398,328,272,1935,1297,1563,696,1237,1402,496,997,1912,1617,352,509,1098,1123,1334,693,1677,1722,785,872,2471,1172,572
OG_12722,FUN_034203,3361,3269,4713,5040,1773,1448,1895,3607,1562,1806,2823,3629,2431,2652,2609,1592,809,1555,1979,5113,3062,3424,5075,3045,4169,1850,3119,1847,2763,1805,2790,2805,1373,1649,2430,2428,3077,2953,3307,2180
OG_15121,FUN_034203,3361,3269,4713,5040,1773,1448,1895,3607,1562,1806,2823,3629,2431,2652,2609,1592,809,1555,1979,5113,3062,3424,5075,3045,4169,1850,3119,1847,2763,1805,2790,2805,1373,1649,2430,2428,3077,2953,3307,2180
OG_07620,FUN_034361,536,993,563,482,842,647,330,191,272,905,542,850,309,614,438,184,516,1802,350,596,481,540,458,235,1183,704,591,291,447,532,623,465,248,844,832,362,714,812,432,297
OG_15137,FUN_034365,695,1236,1063,797,2055,1009,1576,1067,1476,1593,1173,1530,693,883,1079,1109,170,2096,775,665,995,1900,1017,806,1646,2487,950,725,1608,1407,1255,1442,546,1634,963,919,1409,2278,1080,1642
OG_15140,FUN_034403,96,128,24,33,34,105,51,52,27,117,171,112,40,96,63,23,0,107,22,59,60,43,30,23,63,53,63,0,78,64,58,33,31,151,147,13,110,73,81,9
OG_07641,FUN_034420,2756,2653,1201,1876,1163,1799,465,502,975,2651,1770,1469,660,2726,1661,1564,450,851,306,2064,230,1103,1796,662,1814,1264,1200,864,694,1102,4153,552,253,1777,2310,309,593,621,823,1286
OG_12785,FUN_034923,359,477,523,430,424,58,281,381,33,249,39,219,190,292,410,387,39,93,76,180,461,399,731,492,452,264,450,343,341,98,104,58,1159,1326,2286,1348,602,354,672,539
OG_07772,FUN_034983,380,271,116,133,394,201,605,542,38,374,374,241,43,146,116,39,0,156,56,105,150,507,220,64,349,428,407,76,126,402,366,168,122,612,552,106,395,1182,430,152
OG_07807,FUN_035052,1272,851,1271,1310,4388,980,1192,667,900,1703,242,2300,468,1437,836,730,801,754,333,816,566,959,493,902,2091,602,355,995,1030,688,1036,728,329,233,230,227,1104,1148,751,776
OG_07822,FUN_035090,121,62,13,147,48,0,0,44,0,31,6,13,4,4,0,0,0,35,9,155,2,13,17,3,53,7,27,0,0,0,10,0,9,9,28,7,54,45,5,0
OG_12805,FUN_035132,19,10,21,9,15,12,0,0,16,6,9,11,34,8,0,10,0,19,20,0,44,7,6,5,52,24,11,0,15,7,0,28,22,7,18,0,25,0,7,0
OG_07836,FUN_035166,1503,2692,666,2068,2071,1970,556,684,310,1244,1790,6788,611,984,594,456,104,2239,529,2000,2931,698,1013,1718,1131,1050,1722,859,3534,743,1984,2034,1962,784,2364,3588,1571,1251,2654,1734
OG_07892,FUN_035271,1173,1863,1534,1490,725,974,1018,941,395,1221,1666,1801,497,1248,1363,406,188,1142,795,1693,773,1475,1999,571,1339,1128,1557,322,926,1190,1880,890,460,1876,2284,608,873,1706,1462,619
OG_12837,FUN_035383,23,10,8,15,22,3,0,9,7,27,25,0,36,22,8,18,0,0,3,0,0,29,13,16,14,22,11,20,9,10,24,20,0,38,37,0,0,18,21,19
OG_12844,FUN_035431,20,30,8,37,33,25,20,28,15,29,61,39,65,42,45,10,0,41,4,55,4,66,31,0,20,39,21,0,4,39,32,9,14,14,77,0,0,63,47,0
OG_07958,FUN_035508,120,192,81,131,0,54,0,32,0,49,96,70,55,316,76,58,0,46,24,80,153,151,550,211,87,48,73,0,29,81,138,55,50,302,504,21,0,72,47,42
OG_12878,FUN_035728,1502,1614,1471,1618,1869,530,338,306,1167,486,2012,3085,2236,857,743,897,345,3404,405,1811,3773,507,605,2294,5391,478,2217,3914,6274,573,1167,2995,3197,957,3001,6076,1962,453,938,1184
OG_12880,FUN_035733,2990,4293,5138,6681,5855,3610,4506,2967,2465,3587,6769,7506,3694,2749,8164,4587,1180,4693,4139,8311,9067,1707,10355,7386,13173,3486,8851,6169,7017,2979,7093,10363,7262,2762,9792,10656,5963,3479,7454,7071
OG_12889,FUN_035809,53,39,37,4,4,15,0,0,0,80,44,0,2,73,0,0,0,18,0,24,0,22,9,3,14,22,45,0,2,6,83,15,0,49,70,3,0,28,0,0
OG_08083,FUN_035810,149,166,24,23,27,91,0,3,85,62,121,18,86,98,13,22,0,53,0,99,2,45,34,5,45,69,124,0,3,62,109,11,0,180,143,16,0,96,64,0
OG_12888,FUN_035808,2679,2662,1483,1869,923,1457,232,516,497,1529,2535,1663,779,2451,702,341,298,920,277,2256,363,637,871,183,1558,1204,2275,286,359,991,2433,430,174,1883,3454,161,207,1233,1326,325
OG_08077,FUN_035801,109,97,74,113,79,45,56,59,49,181,87,183,93,97,234,111,41,194,86,329,104,0,11,44,289,79,153,249,109,39,106,148,63,9,14,14,124,79,93,150
OG_08096,FUN_035837,8,16,5,99,19,6,0,55,0,0,6,0,8,9,0,7,0,2,0,32,0,0,10,0,7,11,0,0,0,3,13,0,0,6,3,0,0,16,0,13
OG_08143,FUN_035908,210,509,64,442,123,310,381,324,129,819,463,1218,183,444,922,240,49,186,102,671,346,319,484,84,344,487,205,28,158,241,367,241,103,225,353,23,157,439,107,114
OG_15208,FUN_035910,252,476,42,436,206,221,326,341,182,892,246,1108,223,541,774,165,62,278,88,815,305,152,407,121,358,271,122,11,130,67,187,190,125,157,273,34,183,497,193,101
OG_08144,FUN_035913,115,207,24,121,22,90,135,164,63,313,83,277,49,198,222,57,0,109,13,162,69,25,100,30,123,130,66,0,37,46,129,73,37,99,67,14,0,213,71,33
OG_08145,FUN_035914,70,77,25,35,32,83,0,57,51,72,78,48,37,73,85,38,0,17,9,57,56,65,28,27,168,49,70,0,30,97,96,90,31,114,141,21,51,44,56,40
OG_08192,FUN_036035,52,98,26,6,120,45,23,21,46,35,115,203,35,104,59,27,9,76,18,69,105,31,63,38,93,18,31,41,37,39,140,38,68,44,53,0,21,29,28,28
OG_08259,FUN_036171,464,427,88,290,56,66,42,146,24,106,197,83,98,304,91,55,0,220,61,206,47,107,93,40,179,139,162,0,27,78,81,42,11,405,322,18,172,263,95,61
OG_08271,FUN_036183,781,622,312,584,127,319,163,152,102,368,636,320,132,677,317,85,28,429,154,605,139,652,782,48,412,742,778,24,98,285,524,124,100,637,1102,58,104,434,375,66
OG_12927,FUN_036236,78,31,0,81,57,78,19,21,3,116,20,139,29,154,31,12,0,56,0,140,31,119,65,44,120,34,68,29,20,54,74,14,11,24,70,5,13,41,51,0
OG_08331,FUN_036817,14,49,0,38,15,7,0,4,0,32,27,0,50,85,27,0,0,14,0,21,22,68,44,0,54,31,15,0,0,29,27,0,6,83,45,0,0,28,14,0
OG_12952,FUN_036876,2186,2190,2042,2082,5575,1207,1196,1551,843,695,1559,2353,1755,4232,2327,1717,205,1219,768,2948,1725,1150,1257,662,4628,1678,2444,314,1776,908,2576,984,955,1436,2195,646,1166,1906,1227,1000
OG_08347,FUN_036881,1497,1532,2119,1915,2724,451,2622,2322,2527,916,1260,1429,2108,954,1984,1932,3405,871,2368,1968,2911,1044,1554,2412,2643,930,1672,4545,3104,748,995,3376,1996,1191,1610,2759,5968,1258,1813,3809
OG_08432,FUN_037097,576,389,396,411,441,131,311,247,124,315,483,356,310,295,551,276,71,271,274,347,577,1005,954,630,866,589,517,226,293,355,313,303,343,803,646,212,221,457,322,256
OG_12972,FUN_037103,90,91,32,28,9,17,0,0,19,35,64,27,20,41,22,10,15,62,12,24,5,71,21,0,35,50,52,53,27,30,58,35,0,45,99,0,0,34,17,0
OG_12990,FUN_037296,100,43,67,268,17,7,100,42,44,85,219,61,41,41,160,34,0,41,105,188,23,33,136,32,126,153,339,35,0,116,439,124,60,147,377,13,40,113,93,85
OG_08497,FUN_037377,233,368,501,452,742,152,292,161,642,248,375,517,403,282,346,449,479,318,248,470,628,125,445,453,1064,187,324,544,814,243,400,919,414,203,423,533,699,180,309,553
OG_08528,FUN_037469,49,539,10,20,29,0,111,75,0,324,42,26,24,82,522,36,0,10,0,0,36,31,348,124,10,10,20,64,0,6,60,0,87,12,53,6,0,7,49,179
OG_13013,FUN_037479,330,464,272,130,215,223,42,0,101,220,540,346,146,326,159,101,220,191,41,119,140,115,238,81,435,280,333,201,189,141,397,142,105,290,458,69,176,187,192,174
OG_08545,FUN_037499,235,185,229,276,163,373,83,88,128,285,542,89,178,351,122,126,62,47,54,247,135,322,531,136,596,481,819,0,39,346,326,154,68,371,446,27,77,395,166,72
OG_13016,FUN_037510,270,144,95,208,112,128,22,25,0,126,209,121,197,185,71,94,11,73,26,95,30,147,74,17,179,159,194,0,60,59,122,47,9,121,272,28,222,133,110,0
OG_13031,FUN_037730,0,0,5,0,0,5,0,0,0,0,7,5,0,0,4,0,0,0,0,0,0,0,0,0,0,0,0,0,0,0,7,0,0,0,0,0,0,0,0,0
OG_13032,FUN_037735,0,3,0,3,0,5,0,0,0,0,2,0,0,9,0,0,0,0,0,0,3,0,0,0,9,3,0,0,0,10,17,9,0,9,0,0,0,5,0,3
OG_13033,FUN_037736,3,0,0,0,0,0,0,0,0,0,4,4,0,3,0,6,0,7,0,0,37,7,8,4,75,0,8,0,0,0,0,20,0,0,0,0,32,0,0,0
OG_13026,FUN_037679,27,4,0,21,36,10,0,0,44,0,39,13,35,30,0,9,0,0,0,0,16,33,14,0,13,15,0,0,0,0,28,8,0,27,76,0,26,0,31,11
OG_08622,FUN_037777,1795,1847,743,1574,529,1174,336,286,266,1270,2434,1364,432,1786,566,370,214,867,365,2156,354,1213,2441,343,1789,1716,2444,393,330,1121,2495,442,248,1611,3233,405,310,1505,1122,379
OG_08639,FUN_037812,10923,12264,4483,6254,4196,11323,1257,1309,648,3557,7808,8655,1235,11645,3102,1646,1221,9792,1767,5878,3060,3005,3198,1825,8718,4908,8850,2164,3682,3030,9301,2730,2149,7012,12448,4395,3326,2179,4668,2116
OG_08658,FUN_037870,1171,1211,1194,1068,896,949,698,462,737,1408,1190,1389,782,853,1054,719,615,1166,580,994,524,555,1588,431,1402,868,1187,487,893,672,1415,932,438,989,1428,494,624,987,844,840
OG_08663,FUN_037896,101,35,27,36,79,46,36,99,58,100,125,48,86,123,37,29,0,26,0,44,207,510,223,149,140,113,31,62,67,103,142,58,37,306,180,25,64,197,97,24
OG_15283,FUN_037939,20,0,0,0,49,0,0,14,0,15,0,16,12,0,0,9,0,4,1,7,9,17,0,25,19,0,82,0,9,0,11,0,0,0,0,0,0,0,11,0
OG_13050,FUN_037940,20879,28404,15612,38593,97618,11881,8556,8366,60200,7702,23117,79691,35866,17939,19481,46585,30031,19691,9602,51426,55791,3236,11455,44562,90734,10902,21415,63098,100166,11620,30174,63741,50694,11239,26063,48432,57103,9048,18593,59254
OG_08717,FUN_037969,271,289,423,401,269,158,470,223,280,199,381,461,91,156,264,252,79,237,153,301,226,255,288,141,404,213,443,210,382,311,327,398,212,235,588,253,603,330,285,283
OG_08768,FUN_038045,12,22,16,8,18,22,0,0,0,5,4,17,9,4,0,0,0,13,0,0,0,14,0,0,5,29,24,0,0,1,24,0,0,16,7,0,0,31,13,13
OG_13059,FUN_038046,0,0,0,0,6,0,5,0,0,8,0,0,0,6,0,0,0,0,0,0,0,0,0,0,7,0,0,0,1,0,0,0,0,0,0,4,0,0,0,0
OG_08793,FUN_038089,167,279,298,147,61,129,1,39,151,76,10,70,21,87,50,58,221,292,6,91,20,76,15,5,86,90,57,0,26,48,91,67,9,97,67,6,28,43,27,56
OG_13066,FUN_038124,1540,1923,887,1630,6786,604,637,418,1958,412,1445,6547,2146,648,487,1876,341,858,201,1421,4855,221,963,2438,6891,1231,1486,2604,5094,1122,1401,5170,3108,843,1112,831,4842,1390,548,4876
OG_08842,FUN_038187,981,742,528,283,704,620,83,145,132,243,305,444,400,592,114,201,49,107,23,693,1052,472,376,189,1585,314,157,31,153,323,278,333,160,1512,446,65,78,89,67,256
OG_08849,FUN_038210,0,0,0,0,4,0,0,0,0,0,20,50,15,0,9,0,0,0,0,0,0,49,4,0,0,0,0,0,6,8,0,13,0,9,29,0,0,0,0,0
OG_15303,FUN_038219,1107,1289,2278,1917,8484,461,2533,2532,7515,557,1091,3167,8944,902,3465,9807,15174,585,1010,2034,9310,528,1074,10038,3766,410,1427,32140,15492,510,596,10406,6251,712,1310,8014,29753,741,2143,9428
OG_08856,FUN_038241,875,877,458,727,307,513,94,162,118,690,1160,727,378,1190,342,178,98,339,131,569,219,478,748,147,752,504,1034,226,161,453,905,170,123,1076,1521,167,244,584,490,197
OG_08874,FUN_038271,705,658,666,609,905,334,331,477,311,457,872,772,382,594,500,363,154,256,108,686,707,416,486,183,949,460,771,178,635,392,559,370,289,489,604,197,1440,525,769,263
OG_08878,FUN_038277,1705,1281,1424,2175,2343,710,1488,1767,384,1517,1970,944,1238,3185,2642,861,264,377,512,2255,1147,3378,4323,1562,2645,3028,3778,1260,898,1706,1516,1267,705,3843,4742,967,1421,2750,1844,688
OG_08914,FUN_038348,999,623,430,1417,221,430,271,334,727,429,782,304,446,669,574,391,601,141,135,553,600,754,726,627,1143,873,838,1250,980,683,719,1258,822,1805,1556,919,284,587,370,196
OG_15312,FUN_038364,114,67,27,99,66,36,81,268,97,89,139,114,23,116,60,2,16,14,0,37,21,156,165,22,100,112,147,33,37,82,137,4,18,138,192,29,44,292,234,30
OG_08920,FUN_038376,236,320,326,297,204,134,80,109,336,220,261,205,89,184,131,131,313,245,52,233,161,91,295,125,270,227,223,312,94,108,255,166,137,213,317,59,104,119,119,89
OG_09003,FUN_038548,124,88,107,127,46,110,10,72,29,88,212,104,13,119,34,21,0,59,21,54,29,104,71,23,124,103,167,0,34,236,140,54,10,83,183,11,24,175,69,8
OG_13091,FUN_038506,485,835,380,545,135,444,146,81,175,288,1068,919,0,0,0,0,0,397,83,381,143,256,381,41,249,451,439,48,415,470,1161,340,0,0,0,0,199,206,174,187
OG_09024,FUN_038614,2827,1961,1368,3197,882,1238,1567,1321,646,1706,2520,1483,1344,1744,1790,722,395,761,926,2495,1493,1268,2783,1305,2955,1846,2744,546,784,1803,2175,2473,1258,3218,3536,914,885,2221,1910,1103
OG_15334,FUN_038814,376,622,498,392,256,273,198,221,205,493,830,466,307,465,267,161,83,318,278,462,243,320,862,268,782,325,745,134,306,409,935,353,173,446,1204,244,247,434,670,216
OG_09106,FUN_038933,1069,525,263,895,276,511,108,411,154,830,570,580,150,813,247,99,87,238,79,807,181,406,536,136,448,240,377,152,97,363,595,77,66,553,809,83,189,318,483,107
OG_13149,FUN_039285,48,20,6,14,22,16,0,0,0,59,21,21,0,26,0,0,0,0,0,0,0,0,0,0,0,0,0,0,9,0,27,0,0,0,8,0,0,42,11,0
OG_13153,FUN_039330,360,431,186,85,27,113,20,28,102,160,331,153,25,157,44,14,31,5,15,12,84,257,303,26,129,178,236,65,48,153,355,81,47,504,608,57,1,55,90,0
OG_13154,FUN_039344,77,117,47,64,25,10,42,32,0,86,8,6,8,11,0,3,0,11,0,0,0,15,8,0,0,0,6,0,0,4,9,5,0,20,46,0,39,84,53,58
OG_09174,FUN_039850,86,153,55,91,16,70,0,16,29,41,213,64,0,120,27,3,0,50,18,41,15,76,84,0,46,56,73,0,22,87,189,31,7,210,286,3,0,43,35,13
OG_13190,FUN_039881,247,184,78,72,87,99,141,126,260,419,185,65,188,339,36,87,232,117,0,169,129,202,110,117,102,178,89,189,58,132,267,92,54,351,444,147,312,100,87,94
OG_13191,FUN_039882,639,460,191,279,121,374,75,232,135,514,394,240,99,586,154,71,63,152,46,272,85,431,324,67,280,437,385,83,50,494,486,18,21,632,617,24,152,424,218,61
OG_13197,FUN_039969,8091,3773,1604,5221,616,1698,517,491,674,1589,3203,410,1119,5721,1320,716,467,899,369,2791,886,3019,5129,789,2230,1611,2604,271,231,1814,2757,749,569,4881,5933,221,240,1611,1042,426
OG_13201,FUN_040002,8,8,15,37,326,0,289,232,0,54,21,32,0,10,9,0,0,4,0,21,24,0,0,0,6,0,6,0,0,0,0,0,0,0,3,0,365,191,226,151
OG_15375,FUN_040013,5,3,0,41,20,13,0,0,18,0,25,15,35,16,0,26,0,7,15,28,68,42,32,27,42,20,39,0,28,22,4,103,126,33,108,83,89,0,6,37
OG_15374,FUN_039983,2,0,0,14,4,0,0,0,0,20,11,13,0,7,10,0,0,7,8,16,14,41,0,44,5,3,0,0,3,0,5,17,26,41,21,17,0,14,14,0
OG_09247,FUN_040037,12289,9009,8233,17474,19182,10575,4650,5945,6450,9883,11916,11626,7616,11731,5260,5737,3569,7037,4617,9959,6705,2336,7132,9343,12000,4452,9326,4229,8063,5656,16803,6785,11126,12809,16037,17080,11879,6018,11246,13261
OG_13211,FUN_040120,567,349,283,145,93,75,120,100,70,193,321,516,63,198,101,67,0,27,7,31,365,24,44,67,381,75,228,126,883,115,139,191,114,197,194,132,62,235,213,88
OG_15383,FUN_040121,191,413,5,220,1344,597,1257,2548,965,2495,66,222,330,365,221,517,1182,339,340,680,1031,748,150,135,1198,850,18,44,174,131,63,593,102,280,39,24,625,573,80,561
OG_13215,FUN_040162,17,0,18,11,92,0,0,0,0,0,25,15,5,0,22,26,0,0,0,0,15,9,0,7,9,0,0,0,20,0,0,0,8,0,0,0,184,0,20,0
OG_09310,FUN_040209,123,158,70,330,49,93,89,93,17,247,334,313,82,197,142,94,0,136,52,329,58,212,404,82,231,333,562,41,156,139,366,83,75,231,434,87,50,451,325,122
OG_13239,FUN_040419,173,219,70,32,21,42,75,62,7,138,101,54,22,144,63,0,0,68,6,7,36,200,158,16,17,52,64,35,14,19,171,12,31,107,175,0,22,174,140,30
OG_09423,FUN_041212,652,833,668,755,383,417,281,271,123,1259,473,491,327,611,435,246,149,984,258,627,148,671,686,285,463,907,475,174,228,362,552,198,90,459,362,103,248,907,398,235
OG_09424,FUN_041213,963,1086,417,706,123,320,103,82,29,907,477,332,150,622,266,139,136,584,112,665,178,408,950,117,446,625,712,71,68,245,600,122,45,288,563,22,113,433,625,114
OG_09455,FUN_041463,2699,2414,1670,2785,543,1033,286,448,378,1234,1383,814,920,2217,748,714,278,521,113,1141,1213,1872,3196,830,1832,1274,1982,235,263,644,1810,582,492,1788,2454,468,142,831,596,282
OG_09486,FUN_041519,1171,1202,739,1550,1860,641,225,334,516,589,1198,1734,357,1165,564,483,663,348,289,2411,428,295,736,282,1834,858,793,212,642,557,2203,367,365,841,975,168,247,400,348,476
OG_09487,FUN_041521,1331,1453,774,1414,2656,1233,305,435,2699,920,950,2098,710,1500,730,968,2793,530,339,2422,1015,391,756,731,2073,1252,946,1927,1004,691,2971,832,1044,782,1285,464,1660,407,395,946
OG_09511,FUN_041565,621,853,660,666,864,479,297,331,1159,498,689,890,461,735,417,544,914,249,197,712,571,428,723,441,1629,527,575,626,625,500,776,872,361,639,780,456,968,445,459,1014
OG_09596,FUN_041743,46029,33965,27295,95579,51869,28785,12744,52370,157408,43642,12838,48413,93839,61899,24061,55003,75449,14864,6940,122961,29349,36113,19281,41550,80819,23314,16616,25259,31424,16080,24742,22917,19913,33683,26973,15554,49760,16741,21293,22955
OG_09597,FUN_041744,3926,2483,850,1940,1460,1704,408,1267,3034,2969,1600,1864,1827,4761,875,866,1864,825,223,2561,796,1855,925,985,2302,1089,1268,1070,852,995,2479,827,470,1654,2069,327,1148,925,680,765
OG_09598,FUN_041745,6128,4503,5304,7545,6217,1409,2495,4551,8078,3646,1271,1498,8078,5811,4198,4640,10635,656,715,3439,6043,1726,1613,3014,11381,2389,2176,2991,2080,907,711,2620,5775,3534,2250,1698,9633,3552,1599,4066
OG_15459,FUN_041813,175,129,36,106,160,53,251,122,89,361,67,134,356,313,115,83,33,101,15,251,675,50,129,263,627,83,61,13,114,63,95,339,209,251,236,112,133,321,98,245
OG_13334,FUN_041831,83,119,28,39,97,26,84,0,0,38,143,131,75,135,24,27,0,52,0,80,42,45,37,5,167,37,103,0,64,33,57,0,25,105,172,0,121,30,83,0
OG_15462,FUN_041831,83,119,28,39,97,26,84,0,0,38,143,131,75,135,24,27,0,52,0,80,42,45,37,5,167,37,103,0,64,33,57,0,25,105,172,0,121,30,83,0
OG_09638,FUN_041833,57,10,69,20,53,24,7,0,14,6,18,2,77,63,69,34,47,18,5,38,11,25,15,22,15,4,20,20,14,0,23,27,18,19,31,41,76,22,4,8
OG_09657,FUN_041862,1800,3411,2108,1829,1759,1186,1382,944,1049,2336,1756,1389,1151,1838,1879,1251,813,1377,745,1215,1084,1186,2386,867,2764,1723,2326,894,880,1125,1929,1307,1591,2159,2925,1312,1286,1662,1367,1681
OG_09796,FUN_042604,430,472,593,728,246,549,1077,347,260,1486,835,523,290,331,1410,572,258,665,554,601,373,1105,1898,993,1214,1434,1282,238,247,1718,1118,1456,390,1068,1574,783,262,3259,1341,473
OG_09806,FUN_042624,5622,5685,6190,6292,10109,3060,1541,2072,2941,2335,4827,5754,2117,5971,3124,2837,1618,2042,1590,6891,3787,1241,2392,1950,10728,2780,4745,768,4551,2012,7786,2932,2516,3260,6648,1349,2389,1900,3111,2873
OG_09896,FUN_042991,2397,2081,4933,3872,7126,1612,5529,2939,5114,1940,2004,4397,3967,1577,5436,4603,1796,2921,4738,6021,8946,2599,5372,6535,7088,2701,3204,5949,9104,1731,1921,9346,4951,2459,3065,11153,12810,3148,2970,7340
OG_09897,FUN_042992,25,18,10,31,116,11,0,9,0,12,0,44,4,3,24,0,0,7,6,0,32,16,15,0,20,13,3,30,16,16,5,0,7,27,16,0,65,8,40,39
OG_09942,FUN_043106,334,233,309,187,751,206,273,194,756,283,325,212,399,234,268,594,1266,262,128,200,514,255,289,383,333,222,362,1560,633,196,351,668,475,358,581,530,1460,225,232,601
OG_09969,FUN_043151,598,988,468,436,675,529,506,347,94,754,699,731,126,800,457,163,0,576,588,820,270,612,575,171,664,823,682,70,364,387,1037,330,124,597,916,339,219,982,898,286
OG_13428,FUN_043166,754,542,331,411,30,129,23,7,40,149,171,133,93,302,76,40,0,19,0,6,31,15,17,43,473,121,230,48,83,56,137,25,103,300,195,80,33,75,53,0
OG_09986,FUN_043179,375,346,518,251,747,137,132,185,111,68,232,417,261,491,214,126,101,313,136,305,365,90,291,144,719,241,201,248,540,109,314,286,278,138,289,167,454,160,262,147
OG_10002,FUN_043236,4264,6494,4398,3583,12366,1995,2661,1148,2986,2322,2596,5474,4493,7175,7014,9546,3881,2351,2681,5611,5157,1282,3165,2938,11169,4395,4440,1442,3579,2212,4525,5476,4931,2542,5135,948,1302,2110,1806,5069
OG_10004,FUN_043238,357,415,567,389,662,117,718,419,285,225,123,139,586,192,672,518,1300,257,183,177,756,132,213,533,751,409,375,2152,565,88,169,464,600,230,235,688,2298,199,212,747
OG_10007,FUN_043242,4489,4664,4387,7857,23616,4385,5174,5945,15128,3216,4728,11758,10709,5109,6306,11766,9204,4383,6802,10681,17730,1613,3736,17571,18096,4075,7543,77191,19994,2103,7862,28923,11084,4645,6317,31978,34059,4244,8743,51363
OG_10008,FUN_043243,532,496,520,699,1291,336,123,92,204,186,359,1055,275,379,201,336,342,710,467,1431,997,151,383,557,2611,340,786,472,388,290,633,653,346,388,591,747,521,253,399,1698
OG_10039,FUN_043309,502,548,31,237,133,218,127,86,32,303,513,328,38,260,99,37,37,157,130,175,156,247,366,58,473,273,182,144,51,274,544,158,64,359,302,38,6,308,107,0
OG_13451,FUN_043348,825,749,435,522,513,407,215,340,501,629,738,564,277,826,327,241,246,292,166,325,254,530,520,143,563,479,448,238,335,493,573,346,146,576,652,186,551,585,564,163
OG_10055,FUN_043349,1216,1109,1423,927,4282,851,2043,2075,871,787,863,1221,1391,1881,2047,1825,576,715,1276,1285,2203,781,1413,1308,3502,1797,1300,1104,2104,961,1251,1662,1242,1599,1471,604,1591,960,1218,1415
OG_13465,FUN_043460,322,602,217,191,169,427,125,89,180,606,717,536,157,376,222,117,58,649,93,257,56,184,216,94,246,498,426,162,171,288,797,201,154,785,948,113,103,377,332,139
OG_10121,FUN_043499,307,660,286,609,182,306,121,352,96,337,556,288,99,981,332,73,12,255,49,652,116,947,1030,79,397,562,734,97,42,265,603,162,58,607,781,53,58,272,213,9
OG_13466,FUN_043461,161,114,160,376,90,70,168,216,30,182,171,190,85,70,67,55,26,100,54,204,95,496,306,110,71,58,106,0,126,95,191,62,136,139,231,51,77,527,271,76
OG_10109,FUN_043479,672,334,143,323,159,231,96,250,152,524,259,155,98,201,55,71,137,133,70,379,38,323,133,111,264,206,210,184,139,168,362,235,76,233,227,30,182,198,182,173
OG_15544,FUN_043547,271,370,155,129,395,69,500,200,59,685,262,174,379,774,934,246,0,742,743,1048,1383,1102,1938,1160,498,130,335,59,126,69,472,253,1045,1210,2478,915,290,588,798,253
OG_13481,FUN_043576,15,22,0,15,7,11,0,4,0,14,15,33,0,26,8,4,0,12,0,19,10,4,7,3,0,0,4,0,0,26,32,8,8,39,38,0,0,11,21,20
OG_15550,FUN_043596,472,619,505,471,1090,245,147,92,40,350,442,971,177,393,279,211,0,301,189,398,488,158,225,285,1059,222,325,145,401,224,488,418,235,232,499,272,188,278,319,210
OG_13484,FUN_043594,585,713,491,817,325,624,39,41,330,119,754,1502,123,241,152,86,41,373,435,669,148,98,312,113,768,259,309,22,963,663,1458,1488,117,538,488,107,0,135,205,178
OG_10183,FUN_043598,25,82,11,75,52,61,42,18,0,57,159,246,34,38,28,50,0,13,8,38,104,61,92,96,326,75,205,78,108,52,129,217,15,48,31,65,30,24,94,291
OG_10205,FUN_043638,933,2495,890,917,720,1568,544,387,826,2874,1476,1794,199,1554,1868,1769,143,1410,407,1150,370,822,2432,1127,3410,1647,1694,223,707,1260,1976,903,776,2076,1932,507,244,474,361,1246
OG_14295,FUN_012614,0,0,0,0,2,0,0,0,0,0,0,0,0,0,0,0,0,0,0,0,0,0,0,0,0,0,0,0,0,0,0,0,0,0,0,0,0,0,0,0
OG_14763,FUN_025521,0,0,0,0,10,0,0,0,0,0,0,0,5,0,12,0,0,0,0,0,14,5,8,0,0,6,15,0,0,0,0,0,0,0,0,0,0,0,0,0
OG_07821,FUN_035089,0,9,0,7,9,0,23,0,0,36,11,12,12,6,0,0,0,12,0,26,59,3,7,8,9,29,21,0,0,18,6,7,0,15,14,0,0,27,4,0
OG_13214,FUN_040159,0,0,0,0,0,0,0,0,0,0,0,0,0,0,0,0,0,0,0,0,0,0,0,0,0,0,0,0,0,0,0,0,0,0,0,0,0,0,0,0
OG_15551,FUN_043637,0,25,6,3,9,135,29,13,36,51,110,33,27,16,11,8,0,38,0,16,58,42,143,196,91,31,62,0,0,85,53,200,30,68,126,80,0,0,12,57
