group_id,gene_id,POR-216-TP1,POR-216-TP2,POR-216-TP3,POR-216-TP4,POR-236-TP1,POR-236-TP2,POR-245-TP1,POR-245-TP2,POR-245-TP3,POR-245-TP4,POR-260-TP1,POR-260-TP2,POR-260-TP3,POR-260-TP4,POR-262-TP1,POR-262-TP2,POR-262-TP3,POR-262-TP4,POR-69-TP1,POR-69-TP2,POR-69-TP3,POR-69-TP4,POR-72-TP1,POR-72-TP2,POR-72-TP3,POR-72-TP4,POR-73-TP1,POR-73-TP2,POR-73-TP3,POR-73-TP4,POR-74-TP1,POR-74-TP2,POR-74-TP3,POR-74-TP4,POR-83-TP1,POR-83-TP2,POR-83-TP3,POR-83-TP4
OG_08920,Peve_00000077,2201,1336,752,667,1371,469,1500,520,301,1168,1743,650,820,918,1478,1344,1321,788,2404,939,708,797,1635,1451,1169,1961,1158,503,411,649,1277,476,967,465,2361,960,870,1399
OG_08914,Peve_00000084,63,24,26,29,25,7,16,14,6,106,43,7,25,41,12,69,10,13,36,17,45,7,151,14,53,37,49,26,0,12,29,13,24,10,73,15,14,26
OG_12248,Peve_00013346,7,35,0,8,20,22,122,93,8,182,37,20,13,6,104,159,61,63,67,65,34,36,179,90,94,178,0,0,10,5,20,22,10,11,65,21,11,26
OG_11296,Peve_00022433,0,26,3,9,5,0,21,4,0,0,56,0,34,13,8,42,0,10,4,18,0,0,0,18,5,21,3,0,0,7,0,10,12,0,17,0,0,9
OG_03289,Peve_00022425,5,15,6,0,25,8,2,9,8,0,17,0,13,0,29,32,0,27,18,27,4,0,13,13,0,43,0,0,0,5,21,16,27,12,44,12,3,0
OG_03288,Peve_00022430,27,12,0,8,0,0,32,13,3,12,18,0,12,0,10,30,26,13,7,0,12,0,42,41,10,18,14,0,0,0,12,19,7,4,63,9,24,13
OG_07389,Peve_00028736,96,513,120,103,224,161,253,170,275,24,450,190,176,399,222,363,153,114,181,213,40,10,233,536,35,490,32,6,18,114,470,260,562,172,278,299,55,48
OG_07394,Peve_00028770,102,25,7,2,21,8,76,0,7,266,276,28,35,60,53,22,15,3,8,126,109,25,53,76,47,68,210,13,0,53,65,33,48,36,9,8,23,7
OG_12160,Peve_00028781,37,5,5,5,13,0,15,5,5,159,52,3,6,14,18,39,16,3,50,15,59,24,72,36,26,61,36,22,4,21,54,24,5,4,80,9,73,21
OG_08663,Peve_00028733,11,8,0,0,6,5,13,5,8,7,54,6,19,9,8,47,12,9,17,27,4,2,24,69,0,86,0,0,0,5,88,40,27,11,14,0,0,8
OG_00430,Peve_00036941,2258,329,176,1226,423,187,2264,145,503,174,1976,178,640,906,2783,454,421,206,1669,1384,151,881,422,2532,668,2884,214,266,150,1221,3073,858,621,1487,1000,2542,217,932
OG_17806,Peve_00036953,172,54,13,19,61,15,12,5,2,5,44,7,30,41,82,44,24,20,69,15,8,9,10,0,0,23,4,0,0,8,57,32,8,29,40,36,10,25
OG_01630,Peve_00039581,2799,1516,1594,1666,2041,1174,2386,944,1020,1709,2778,992,2016,1584,2279,3844,1979,1877,3700,1780,769,1171,3229,2739,1355,5096,1519,773,883,1235,2693,1738,2135,1373,7989,2573,1868,2607
OG_08878,Peve_00041700,1805,672,2069,2018,1308,673,3479,1066,926,3002,2638,1084,3221,3087,1335,4419,1523,952,2333,1399,1343,1002,2043,1440,2173,3352,1603,685,1350,1548,2580,1360,4378,1135,11555,3151,3083,2856
OG_18223,Peve_00043691,213,132,24,64,65,27,68,52,39,244,76,36,60,33,39,101,29,44,54,44,36,45,146,162,69,184,42,21,11,55,86,90,52,54,208,73,39,49
OG_18224,Peve_00043693,9,0,2,0,11,0,0,0,0,0,5,0,0,4,0,0,0,0,0,0,0,5,0,0,0,7,0,0,0,0,0,19,0,0,2,0,0,0
OG_06908,Peve_00043673,0,0,0,0,0,0,0,0,0,0,0,0,0,4,0,4,0,0,0,13,0,0,0,0,0,0,0,0,0,0,57,18,5,0,0,0,0,0
OG_15682,Peve_00000174,60,135,29,28,34,28,23,19,0,50,47,18,40,34,70,132,47,25,34,29,18,10,19,47,39,60,22,21,25,33,22,13,40,10,18,55,23,7
OG_01354,Peve_00003352,2748,693,130,228,125,116,291,65,195,4752,413,152,273,326,336,291,123,96,576,181,1221,717,674,1433,2140,1539,1674,415,93,240,422,204,271,219,522,722,741,354
OG_01353,Peve_00003353,1218,627,66,182,220,94,325,86,108,1498,542,297,169,318,509,634,179,124,285,177,195,189,959,1475,787,1420,252,120,65,137,661,334,209,211,397,396,238,190
OG_08497,Peve_00006192,198,531,123,49,297,147,162,198,106,210,532,188,144,187,180,234,305,216,225,179,138,113,232,159,194,229,108,64,69,61,135,65,170,68,125,55,113,37
OG_10039,Peve_00007495,137,47,49,33,77,38,87,31,35,78,119,68,44,85,121,328,52,67,129,120,13,22,114,257,15,301,40,9,18,19,240,182,59,35,216,59,16,20
OG_16122,Peve_00007506,16,0,0,11,29,0,14,4,0,25,77,11,14,22,26,47,14,22,5,8,16,5,184,79,6,90,0,0,4,9,18,8,12,0,34,6,0,14
OG_00466,Peve_00008766,2314,2996,1239,741,2463,889,2214,847,680,1098,2948,838,1064,1308,2215,2157,2200,1437,1726,1472,749,1036,1578,1907,1086,2150,884,746,595,804,1924,577,1452,672,1584,1192,454,887
OG_13647,Peve_00010012,8,0,4,0,7,0,0,0,0,6,7,0,4,2,9,0,4,0,0,15,0,6,3,4,7,11,0,0,0,2,15,13,0,0,16,0,2,0
OG_08192,Peve_00011097,103,73,29,45,40,25,148,69,23,24,130,31,28,56,109,260,52,48,109,61,4,133,70,30,26,72,6,7,16,19,71,62,24,8,63,22,0,11
OG_07807,Peve_00011121,971,2614,980,172,2286,1036,392,185,615,749,3294,1245,635,692,122,2003,3084,592,359,902,555,299,239,174,512,245,597,675,400,102,296,108,965,67,99,114,138,138
OG_16469,Peve_00013516,0,0,2,0,0,0,0,0,0,0,0,0,0,0,0,18,0,0,0,0,4,0,0,0,0,0,0,0,0,0,0,0,0,0,0,0,0,0
OG_11907,Peve_00017468,7,0,0,0,0,0,0,0,0,0,0,0,4,0,0,6,0,0,6,0,7,0,11,0,0,0,13,0,0,0,16,12,0,0,7,3,0,0
OG_16707,Peve_00017425,76,381,147,84,541,144,268,116,293,21,344,129,115,174,223,344,430,151,145,190,168,17,214,204,93,205,120,37,131,152,204,76,283,135,48,215,103,55
OG_05308,Peve_00020888,196,532,294,159,622,158,416,171,74,174,706,206,232,326,450,610,597,322,225,349,98,61,220,125,179,203,96,40,126,130,306,80,315,88,175,62,37,61
OG_05304,Peve_00020879,6,5,4,6,13,2,19,0,11,12,10,0,0,0,9,28,15,4,0,0,0,0,35,11,15,0,0,0,12,8,46,26,12,0,27,0,0,8
OG_17015,Peve_00023327,7,20,38,11,168,63,134,95,36,90,256,60,138,128,68,146,71,38,33,147,13,6,44,72,23,98,30,11,42,31,98,67,22,30,13,35,13,0
OG_17058,Peve_00023981,762,1631,578,322,564,160,2191,971,335,154,2923,804,813,975,870,1030,1718,885,538,900,405,317,260,577,618,683,320,325,418,739,580,181,678,262,295,801,380,168
OG_17098,Peve_00024627,8,0,4,0,14,3,22,5,2,4,0,0,2,0,24,0,5,25,0,23,0,4,0,0,0,16,0,0,0,0,0,2,0,0,0,0,2,0
OG_06719,Peve_00026552,334,148,79,428,74,40,368,59,183,345,1050,213,439,966,498,271,110,157,526,541,209,217,314,753,1514,1582,510,170,81,467,946,439,386,464,724,787,99,714
OG_06717,Peve_00026558,931,866,788,348,1151,458,605,370,271,1652,1017,395,684,694,616,2039,1007,786,1301,560,470,564,783,851,824,1213,632,251,180,245,616,372,884,172,1583,302,296,593
OG_06712,Peve_00026516,216,233,191,245,208,103,287,92,138,275,536,120,225,243,270,630,242,190,286,207,108,84,682,369,304,628,113,71,83,77,456,310,255,101,603,178,74,157
OG_10579,Peve_00026526,749,305,251,142,601,379,353,151,357,85,582,128,229,235,414,539,519,216,234,149,108,50,200,616,328,539,103,109,105,143,364,48,733,119,68,129,54,47
OG_07330,Peve_00027617,19,19,4,12,12,11,4,16,0,32,21,5,3,3,16,8,15,12,9,0,7,16,38,23,0,9,0,4,0,9,4,4,7,0,22,0,0,7
OG_07331,Peve_00027618,360,2305,854,181,1950,785,1057,658,358,820,1918,941,848,843,551,2416,1467,316,130,1269,512,38,214,266,510,219,221,200,640,242,584,130,1100,139,51,257,110,52
OG_12447,Peve_00028164,980,1436,972,496,1763,814,1750,693,645,1094,2410,747,950,1160,1047,1278,1564,726,555,1367,811,304,730,779,1084,1067,618,475,469,793,977,277,1192,385,501,605,750,265
OG_06922,Peve_00028791,749,459,210,277,375,119,646,116,291,1544,1738,188,538,668,1080,658,476,201,218,781,318,313,619,1123,876,1005,554,538,71,302,1004,301,620,187,1098,414,133,170
OG_10938,Peve_00028802,52,65,85,104,95,46,183,85,58,12,373,113,88,165,264,488,113,74,88,71,19,0,95,82,30,163,18,7,47,79,271,296,83,53,248,70,39,22
OG_02149,Peve_00028805,181,164,101,187,259,52,267,68,30,395,199,21,78,151,274,351,128,175,157,204,70,85,265,112,148,193,59,25,52,56,203,119,186,70,278,52,74,66
OG_00305,Peve_00029366,127,480,126,84,277,90,164,91,34,88,149,81,78,99,147,161,296,170,116,148,76,39,108,138,96,177,77,36,49,67,117,31,70,33,104,19,86,54
OG_00314,Peve_00029370,340,7533,1948,1097,1658,1566,1593,1893,2431,1868,1221,939,1295,1359,837,2155,3833,3675,853,1235,788,299,1426,2383,1143,4214,307,191,1344,1272,1553,1612,2264,2753,1437,2149,1866,677
OG_17453,Peve_00030921,13,8,14,34,2,2,5,1,1,12,4,1,4,7,14,25,20,15,2,1,0,2,5,1,1,6,0,0,1,3,13,8,14,6,7,6,3,7
OG_02537,Peve_00031460,54,175,46,34,3,2,0,0,8,0,30,0,7,0,0,3,13,13,6,10,7,0,7,0,0,5,15,47,66,25,0,8,17,0,4,26,10,14
OG_04209,Peve_00032297,55,119,64,18,154,60,152,69,32,38,144,65,60,72,98,110,140,115,50,82,32,52,18,9,37,27,63,51,37,81,30,0,47,10,36,40,43,37
OG_11074,Peve_00032727,82,212,70,54,238,100,70,50,49,52,354,71,144,159,17,115,45,46,44,261,15,7,18,91,3,25,25,99,14,159,113,37,41,27,12,39,6,19
OG_17556,Peve_00032707,41,54,18,17,44,34,10,0,16,110,14,0,5,13,10,29,60,17,29,26,4,13,24,42,13,53,25,19,14,15,13,12,11,20,40,10,5,10
OG_09511,Peve_00033117,1013,960,555,282,1169,558,690,421,287,539,996,338,465,320,565,962,901,629,955,543,365,352,828,742,472,845,360,237,263,367,482,304,528,226,639,318,231,416
OG_01117,Peve_00035114,512,315,152,64,340,150,391,161,157,806,488,130,173,129,277,292,531,150,163,345,1331,662,100,89,936,123,1423,1535,85,259,332,37,231,102,138,206,677,115
OG_01121,Peve_00035122,769,1247,1070,350,2142,638,889,704,473,656,1805,478,913,625,615,1843,1787,1132,1053,828,391,303,1088,767,464,1300,455,239,747,297,506,406,951,235,1459,401,477,544
OG_02967,Peve_00035474,0,3,0,13,0,3,35,12,8,2,5,3,0,2,2,15,3,7,0,10,0,0,8,0,43,14,0,0,0,37,4,8,0,0,11,6,0,7
OG_04443,Peve_00035796,264,151,209,260,190,111,254,95,191,237,253,118,270,272,206,383,212,199,229,191,120,223,320,147,156,267,165,72,140,168,213,259,250,156,322,222,175,194
OG_11794,Peve_00037626,75,121,64,10,170,101,169,75,113,60,385,87,228,164,155,122,113,49,81,105,92,11,811,113,141,239,42,38,21,34,235,14,338,61,94,55,23,91
OG_04651,Peve_00037603,563,454,229,34,143,297,97,45,45,147,357,235,122,73,269,87,145,121,68,193,25,15,264,470,156,236,28,45,28,96,157,11,35,162,13,35,46,27
OG_09310,Peve_00038127,772,187,146,182,122,65,385,119,158,323,293,222,141,110,328,265,215,88,372,303,585,281,189,524,781,537,977,413,131,459,360,104,235,130,645,537,538,540
OG_13214,Peve_00038140,147,318,79,76,35,34,120,74,46,93,197,67,90,129,84,125,94,45,63,172,67,50,97,92,47,111,70,33,14,35,108,28,121,95,84,33,61,23
OG_01452,Peve_00038389,2054,2340,1688,1388,2769,921,2927,1011,1235,1976,3098,1120,1492,1800,2403,3237,2475,1489,1694,1878,956,769,1624,1757,1544,2820,988,1056,962,1457,2187,999,2023,893,2018,1290,636,1125
OG_03628,Peve_00038815,638,879,311,198,636,304,604,349,285,381,738,284,262,232,492,566,672,395,575,440,480,273,333,553,592,725,475,235,222,299,559,244,348,293,592,323,443,287
OG_11381,Peve_00038824,0,0,2,0,0,0,79,17,0,0,19,1,13,0,0,9,0,6,0,6,7,0,5,6,0,0,0,0,0,6,3,19,0,5,120,86,22,41
OG_11380,Peve_00038822,0,0,3,9,14,6,97,49,7,20,99,0,4,9,0,25,4,12,8,34,3,5,18,24,0,20,0,0,8,36,35,22,6,6,326,86,86,90
OG_11379,Peve_00038834,78,92,196,57,532,284,176,70,185,35,815,67,107,106,382,1706,93,52,129,212,33,32,278,570,0,337,2,11,152,243,430,858,223,31,203,47,0,58
OG_03626,Peve_00038835,78,27,24,9,14,11,86,54,12,31,29,10,16,10,72,54,63,20,9,7,0,0,46,55,45,109,18,15,10,45,49,28,82,13,47,55,18,74
OG_02090,Peve_00040489,181,857,400,712,305,150,403,312,83,55,0,0,0,0,828,1654,2109,1296,122,264,34,16,227,638,31,1091,485,624,311,637,2146,1387,751,1128,2377,1626,231,1330
OG_13149,Peve_00040657,18,13,24,14,0,0,0,0,0,0,41,32,38,25,0,0,0,0,0,0,0,0,0,0,0,0,0,0,0,0,20,25,40,0,0,0,0,0
OG_00246,Peve_00041033,252,510,473,101,494,96,492,99,179,0,543,80,163,67,177,197,493,81,189,224,9,4,75,119,10,223,25,48,32,235,126,17,167,49,72,271,120,74
OG_12611,Peve_00041052,76,121,24,13,180,101,349,166,55,54,554,245,121,227,362,430,407,178,190,917,138,67,319,409,298,515,111,101,136,262,214,63,190,131,135,271,38,63
OG_12612,Peve_00041053,15,42,9,11,441,131,278,175,122,55,613,208,233,235,224,538,517,357,138,739,157,81,178,272,151,318,183,68,144,246,237,54,211,95,86,233,81,90
OG_03291,Peve_00041996,656,800,331,311,556,203,355,191,152,652,600,233,324,348,620,991,569,546,724,217,227,287,887,600,239,558,421,101,107,182,423,428,288,246,498,348,203,299
OG_03268,Peve_00042384,103,315,41,26,57,25,145,52,25,26,79,45,30,31,177,143,219,74,25,93,20,19,0,32,39,44,11,35,24,108,57,33,7,68,55,91,39,32
OG_03269,Peve_00042391,1052,1459,491,122,461,547,603,493,125,151,516,401,159,148,802,217,439,227,250,1071,198,33,211,599,151,438,6,88,69,257,379,89,110,278,66,87,99,63
OG_03270,Peve_00042385,45,0,14,7,59,55,33,37,107,22,44,45,28,42,60,250,51,30,13,13,0,7,0,20,9,9,47,3,0,11,74,59,79,15,54,6,25,6
OG_04165,Peve_00042745,1974,726,592,624,1092,313,832,232,249,1050,1353,379,800,959,1101,1458,914,624,1222,409,281,282,895,1302,391,1528,831,305,267,350,557,327,539,396,1100,1701,246,1511
OG_10681,Peve_00043735,107,175,32,32,101,65,82,35,33,3,128,67,25,77,142,139,57,38,21,118,0,0,0,35,4,66,0,0,14,59,96,178,44,74,5,23,15,0
OG_18229,Peve_00043713,13,12,22,0,20,34,6,4,12,11,9,0,14,5,16,4,15,4,15,13,5,4,44,63,57,123,0,0,0,0,5,8,40,3,0,0,16,0
OG_12878,Peve_00044110,5495,2302,1598,1323,7010,3381,5429,3349,2434,2568,4497,1877,1893,2887,6353,3788,4788,1887,2858,3515,1591,1865,3993,4399,3671,3752,1625,1858,1704,3144,3996,928,2916,1827,975,3059,1383,2200
OG_12880,Peve_00044114,5939,7672,3429,2258,17530,6555,12972,6559,4367,4116,17833,4344,3477,7036,8666,6613,9817,5934,4038,4725,1525,921,3810,4999,981,6814,517,562,2848,4597,4451,1599,4587,4475,1607,5206,1959,1984
OG_18262,Peve_00044240,0,0,7,0,0,0,0,0,0,0,0,0,0,0,0,0,0,3,0,0,0,0,0,0,0,0,0,0,0,0,0,0,0,0,0,0,0,0
OG_18263,Peve_00044241,0,0,0,0,4,0,2,6,0,3,0,0,0,5,0,0,9,0,3,6,7,0,0,0,0,10,0,0,0,10,0,13,3,0,0,2,5,0
OG_00752,Peve_00044262,3778,761,1669,1134,1465,845,3773,630,882,1790,2609,798,2095,2241,2450,1428,1719,779,2042,1893,2021,1098,1357,2110,2984,2394,2771,2311,540,1759,2559,1013,1308,1016,1645,1745,2003,2025
OG_10818,Peve_00044432,105,153,30,39,32,22,19,22,7,82,47,21,56,43,85,88,68,41,17,39,31,22,34,56,19,61,16,25,20,85,67,26,47,59,26,40,58,22
OG_18275,Peve_00044434,600,1177,364,325,381,251,512,259,213,391,590,251,335,430,541,681,344,246,325,781,258,127,169,371,239,340,217,223,217,387,444,177,411,308,360,207,240,191
OG_00807,Peve_00044933,3193,898,497,322,1003,407,971,382,335,1085,1167,417,713,514,1551,790,815,520,4785,656,629,1993,1741,3447,1549,4725,1015,443,252,627,1065,475,754,829,1885,1818,668,2570
OG_11019,Peve_00000231,136,75,22,19,138,53,108,53,69,31,148,34,66,50,131,44,83,28,62,78,25,5,57,87,29,79,24,0,0,51,70,11,26,6,30,73,18,64
OG_07153,Peve_00000682,221,77,112,48,75,75,401,133,88,49,256,86,61,48,149,550,123,26,328,249,68,57,142,149,145,263,89,8,35,45,251,46,92,16,375,128,96,150
OG_06236,Peve_00001297,69,104,56,42,86,47,100,54,41,41,222,45,70,39,75,213,62,51,94,71,50,0,114,159,27,308,17,25,51,36,112,93,79,40,142,47,15,57
OG_15759,Peve_00001303,213,4111,842,1129,1860,380,2187,546,283,311,3467,844,401,1425,3232,1027,2599,2359,627,1627,46,68,2558,3946,339,4656,54,60,410,1277,6409,1029,868,3035,618,1869,232,1896
OG_10002,Peve_00001435,895,3329,1433,1802,3744,1128,2320,754,1919,275,4450,645,2411,2500,1965,4550,2156,1705,792,1803,194,17,1033,1200,41,1163,223,38,1139,1451,1503,953,1803,986,903,797,487,348
OG_10004,Peve_00001438,186,221,119,84,270,98,189,90,70,220,124,90,64,122,126,236,146,138,257,197,46,36,295,233,94,197,17,34,43,77,159,98,71,67,90,85,57,160
OG_10007,Peve_00001436,2890,1413,1020,523,729,363,577,241,659,11620,752,261,285,467,448,758,888,566,1037,1301,5443,5340,203,316,7666,432,3478,6522,209,517,1147,344,1311,521,659,925,2538,810
OG_10008,Peve_00001453,10498,1481,952,720,1925,854,2283,812,847,11660,2567,1031,754,1128,1938,1732,1744,817,2973,1428,11807,7178,837,2628,21244,2937,14616,15657,581,1459,2064,723,1176,869,1156,1515,5840,2298
OG_04331,Peve_00001588,38,40,18,22,30,24,65,5,0,33,73,18,19,35,51,183,15,20,37,15,0,0,73,39,42,24,6,0,3,12,56,40,9,7,36,8,0,16
OG_04327,Peve_00001593,2004,2286,883,421,2099,920,1864,759,694,645,2681,916,893,1281,1694,971,1813,787,1268,1464,1030,614,789,1155,1028,1692,810,655,511,918,1227,317,1266,588,599,865,641,563
OG_13066,Peve_00003034,17699,37684,22024,6557,43188,16190,32684,13578,17529,17196,51780,10337,26144,23624,24389,21111,38965,21393,11626,25698,9477,11653,6755,14016,16540,20134,5114,10771,11018,23060,15253,3908,22206,11099,4506,16871,8900,6519
OG_00297,Peve_00003176,35,35,26,12,34,18,41,7,13,12,35,19,21,20,37,66,35,32,39,17,19,7,9,30,0,71,11,8,4,34,38,45,15,2,34,39,17,0
OG_00298,Peve_00003177,15,42,10,20,12,19,61,16,0,2,7,20,0,5,20,48,27,3,37,48,0,4,8,57,19,26,7,4,0,10,32,11,19,0,29,25,0,2
OG_00302,Peve_00003157,0,6,0,0,0,0,0,0,0,0,0,0,0,0,0,0,0,0,0,11,0,0,0,2,0,0,0,0,0,0,0,0,7,0,18,0,0,0
OG_03671,Peve_00003523,3165,25729,13942,6708,9427,5799,7495,10633,15555,7031,6814,7452,8993,7204,5281,11598,27788,13108,3595,7725,16038,1673,16408,9643,9702,14809,12392,1634,3533,5540,10970,4311,13629,4687,8602,8833,16042,2736
OG_00842,Peve_00003956,3,39,9,5,10,15,14,18,11,42,24,11,5,0,8,35,31,32,20,9,22,3,12,11,6,33,7,2,5,7,13,19,5,3,3,0,15,0
OG_00843,Peve_00003934,2087,5120,2872,3976,6686,4685,3086,2606,4126,11391,8543,3651,3055,5902,4862,17796,4384,5173,1985,2632,1936,299,8950,5096,1557,5916,2941,668,2286,1974,8072,4191,4102,3758,8563,2935,3035,1234
OG_10522,Peve_00005215,21,10,0,10,24,15,44,0,55,40,23,13,32,16,52,44,21,12,29,22,13,21,65,78,123,87,11,14,0,12,12,12,25,8,26,41,9,26
OG_16000,Peve_00005199,3940,2644,734,2081,2503,861,4568,617,3093,3446,3498,1366,2674,2219,2518,3200,1234,953,3968,2491,1488,2873,3457,5561,8138,5731,1952,2122,639,2397,2795,934,3426,1336,2811,2614,764,1641
OG_12805,Peve_00005899,2,11,7,7,19,4,13,0,0,4,26,17,27,11,3,20,0,0,3,7,9,3,16,3,0,19,0,0,9,6,14,24,16,4,6,0,0,0
OG_03673,Peve_00006268,1052,311,403,599,632,230,653,155,242,683,777,295,264,430,1309,779,665,350,609,424,189,211,469,1167,634,1235,503,197,93,250,1355,512,438,451,499,1204,303,535
OG_08145,Peve_00006728,0,3,6,10,26,8,30,9,0,12,75,18,37,40,29,55,23,18,0,35,8,7,0,30,11,34,7,0,7,10,22,27,17,18,24,0,0,11
OG_08144,Peve_00006734,808,617,396,89,231,348,1216,630,170,63,708,739,212,231,263,1108,434,73,1197,1024,220,173,611,846,788,1381,237,65,99,206,1146,585,304,103,851,828,325,229
OG_08143,Peve_00006733,942,674,523,107,259,397,1245,547,179,107,674,720,239,247,424,1339,567,123,1207,1016,190,145,1367,1130,788,1294,269,81,137,197,1299,585,326,111,920,745,209,420
OG_08347,Peve_00006965,1206,821,690,414,1207,254,822,341,154,1850,1374,423,762,876,781,1730,889,678,1173,499,320,534,1795,1106,773,1190,583,350,180,248,811,523,740,133,1117,252,252,534
OG_01147,Peve_00007775,618,174,79,51,172,62,113,83,41,223,253,60,41,95,75,206,315,88,147,58,104,197,146,302,130,450,102,52,37,36,258,76,104,86,119,115,36,124
OG_10675,Peve_00007777,2408,598,334,630,673,337,1061,256,698,1739,1148,218,475,553,772,322,570,266,2309,660,749,2054,815,2109,2073,2184,882,1651,256,744,626,412,583,508,1087,1397,503,1416
OG_07772,Peve_00009294,43,0,0,0,0,0,0,0,0,7,10,0,13,0,0,0,0,0,2,6,3,0,18,3,8,11,0,0,0,0,0,0,12,0,10,2,0,0
OG_12927,Peve_00010254,7,0,16,0,3,0,0,0,0,69,0,0,0,0,0,3,0,0,0,0,126,5,0,0,0,0,111,88,0,0,0,0,0,0,2,0,59,0
OG_16270,Peve_00010264,28,24,19,24,9,7,11,3,0,19,69,8,9,26,41,93,13,13,56,76,8,5,16,36,36,28,9,3,2,16,85,64,47,7,26,13,9,0
OG_02439,Peve_00010355,24,528,174,147,18,0,26,0,0,0,775,42,204,87,1852,622,6090,1354,60,182,5,2,5,16,0,16,0,0,30,583,649,82,1987,561,0,118,0,12
OG_16289,Peve_00010574,10,36,8,8,45,20,13,12,0,34,18,20,3,17,23,50,6,0,0,16,0,0,41,0,0,27,8,0,0,0,9,13,0,19,21,21,14,16
OG_02163,Peve_00010577,57,69,41,35,25,9,31,12,14,3,29,8,34,41,42,44,33,11,0,45,0,0,7,28,0,8,4,4,0,33,38,12,19,6,48,4,0,6
OG_10937,Peve_00011012,9,3,11,0,26,0,0,0,0,6,0,0,0,4,0,13,21,7,7,3,0,0,12,0,22,3,0,0,0,2,7,0,0,0,13,0,3,0
OG_16307,Peve_00011002,12,3,0,22,25,14,16,8,7,3,25,0,6,15,33,13,12,0,0,12,5,0,9,0,0,24,0,2,11,30,18,23,15,18,19,16,0,5
OG_10936,Peve_00011003,105,19,50,55,64,40,61,13,67,127,96,17,59,72,124,169,82,62,138,56,32,92,135,85,41,131,76,36,25,97,150,86,66,53,229,116,40,75
OG_02148,Peve_00011006,341,111,76,131,231,44,155,61,28,163,178,47,117,217,170,192,141,86,251,120,76,97,281,136,109,275,56,29,55,104,277,97,112,81,233,204,26,174
OG_03850,Peve_00011271,16,4,5,0,215,61,35,18,35,531,8,5,0,0,0,13,7,3,7,35,7,0,206,107,69,134,144,112,59,67,12,14,5,0,13,13,7,0
OG_09969,Peve_00011388,3254,518,458,224,1002,524,801,366,592,4062,962,563,272,405,686,945,1011,401,680,634,1318,792,286,535,2329,667,2713,2953,258,473,950,172,729,297,615,517,1217,965
OG_13481,Peve_00011686,257,57,110,105,261,102,511,102,130,555,465,101,290,227,481,357,360,134,54,113,134,158,31,11,256,11,409,511,72,114,304,55,327,43,91,200,210,147
OG_11429,Peve_00011812,330,289,80,15,85,69,95,44,35,64,219,37,15,49,97,55,137,75,51,184,53,36,35,133,96,133,12,24,22,66,87,38,42,80,24,35,43,15
OG_16359,Peve_00011819,638,24,13,22,10,3,46,0,3,7,9,0,6,6,210,22,34,28,0,0,0,0,0,0,0,0,0,2,0,5,0,0,0,0,0,0,0,0
OG_16383,Peve_00012112,201,256,3,32,0,9,0,0,6,15,45,0,0,9,0,28,0,30,0,0,15,0,15,0,5,0,386,11,0,13,6,2,12,4,0,0,51,5
OG_00510,Peve_00012117,735,1336,445,215,989,445,773,456,486,1566,1334,466,254,497,502,660,1107,639,193,404,344,171,317,908,1161,1200,380,802,348,664,644,438,555,539,355,722,486,360
OG_00514,Peve_00012118,84,85,94,12,153,74,31,55,20,110,60,13,26,14,35,212,69,81,47,32,65,41,62,68,13,69,15,5,10,5,29,53,38,12,63,12,20,18
OG_11852,Peve_00012295,8,18,18,0,0,3,20,10,0,12,23,5,0,8,42,5,12,10,9,27,0,2,0,27,0,6,0,0,2,9,0,0,4,14,0,0,0,0
OG_16389,Peve_00012296,24,58,31,9,20,49,28,11,0,10,21,0,10,10,38,16,13,14,24,73,9,0,0,27,0,10,0,0,0,10,11,3,6,8,7,0,4,0
OG_02190,Peve_00013775,6580,953,383,1080,565,188,1229,113,673,296,2151,623,1040,1386,860,308,233,167,858,457,134,658,1117,3702,2878,3756,323,402,33,318,2095,477,483,1043,702,4200,540,1596
OG_16489,Peve_00013849,40,22,28,16,0,0,338,67,0,0,0,0,0,0,45,79,26,24,120,141,82,52,25,30,23,55,137,40,38,84,156,86,191,28,0,0,0,0
OG_07252,Peve_00015570,233,247,157,45,87,177,559,140,88,14,171,168,61,70,118,615,173,42,632,476,70,55,167,297,199,497,103,19,61,113,301,45,158,48,344,260,135,117
OG_16585,Peve_00015572,21,8,10,0,18,0,25,0,7,11,14,0,11,3,8,31,10,3,50,25,0,0,28,13,7,32,12,0,0,8,24,0,16,6,51,0,5,4
OG_16586,Peve_00015573,0,0,0,0,0,2,0,0,0,0,20,36,9,16,14,127,48,0,13,0,0,0,0,18,12,0,0,0,0,7,0,0,0,0,6,8,0,0
OG_07183,Peve_00015953,91,172,95,137,71,40,157,43,51,103,278,52,160,141,195,460,143,118,249,244,87,23,488,392,88,874,53,20,56,90,229,242,99,46,199,71,46,51
OG_12616,Peve_00015967,39,62,21,2,22,4,26,5,9,5,7,6,3,8,8,23,15,4,14,66,15,6,0,8,16,24,0,0,0,11,15,0,18,4,0,0,15,0
OG_01384,Peve_00016030,174,102,59,57,133,50,162,39,35,82,158,77,112,87,163,279,74,72,132,108,47,49,141,100,116,118,26,29,18,48,184,92,130,33,199,63,61,92
OG_12837,Peve_00016213,0,3,35,45,54,30,62,9,62,56,55,27,30,16,40,107,47,46,61,56,8,15,0,2,17,0,8,0,5,10,8,0,0,0,59,23,11,31
OG_16627,Peve_00016142,0,6,4,7,35,18,0,0,26,17,36,9,35,58,0,0,0,0,4,5,0,0,12,93,0,118,14,0,0,0,43,28,24,3,15,19,0,0
OG_04799,Peve_00016555,9628,1730,452,1628,774,347,3670,307,1148,816,2315,675,1683,2084,2849,763,801,597,5989,2648,467,3239,3771,6651,3995,7971,1257,3611,233,2467,4293,1453,1680,1909,2436,3881,300,2837
OG_01277,Peve_00016734,42,68,71,28,53,15,55,33,10,94,81,30,51,58,41,171,95,48,36,54,37,5,55,22,50,83,23,14,0,36,45,44,48,19,118,31,29,26
OG_13684,Peve_00018981,0,9,3,0,0,0,0,0,0,0,0,0,0,0,0,0,0,0,33,0,0,0,0,0,4,0,0,0,0,0,0,0,0,0,0,0,0,0
OG_00460,Peve_00019358,84,99,59,11,45,58,203,67,18,16,101,90,41,23,33,242,68,15,174,156,29,14,136,151,99,218,68,7,17,24,191,88,55,34,133,95,24,62
OG_06607,Peve_00019493,220,403,248,79,400,213,282,209,211,498,521,178,177,227,272,341,349,321,112,231,368,162,184,157,542,259,228,157,124,194,355,127,397,162,173,106,243,81
OG_06610,Peve_00019501,43,60,34,18,102,30,62,41,48,71,119,21,44,40,35,94,86,88,41,60,47,17,123,94,45,71,27,21,21,35,58,34,41,38,101,36,25,17
OG_01748,Peve_00019894,54,27,15,6,32,14,124,56,27,0,20,11,20,12,16,53,38,7,105,83,26,16,26,33,36,66,26,4,0,26,49,42,22,0,48,37,20,14
OG_01747,Peve_00019897,3046,873,465,438,552,439,2744,354,395,3193,1370,473,848,1241,1315,688,1001,660,1594,1228,2929,1171,529,932,4443,1739,3348,2879,401,1501,1872,257,1163,658,1110,1444,2677,735
OG_13013,Peve_00020429,556,431,412,332,655,178,402,140,141,3672,564,205,378,493,472,1906,621,429,364,170,321,222,765,352,440,462,438,298,148,81,259,173,381,75,829,186,197,216
OG_10267,Peve_00020564,24584,12110,5146,4900,13852,6410,13854,4206,12771,18179,23550,7568,8766,12739,15582,13719,10401,7757,11616,10480,5076,6996,4554,13790,12621,19340,6897,7544,3209,10568,13942,6031,9266,10032,6210,21150,7023,11060
OG_06754,Peve_00021513,925,895,593,657,845,257,1061,318,266,1263,1202,275,559,698,888,1668,652,529,1064,714,306,687,1496,858,591,1390,403,191,237,299,1000,554,829,392,2507,510,268,617
OG_13466,Peve_00021723,171,178,105,118,169,73,11,11,65,181,4,0,5,0,211,318,138,106,111,191,56,34,86,134,73,84,78,36,21,58,0,4,0,0,55,26,18,12
OG_10109,Peve_00021731,263,357,174,151,342,87,328,147,69,333,623,130,241,395,370,668,467,371,386,197,152,151,230,275,157,319,261,120,97,156,221,86,130,56,340,94,87,96
OG_13465,Peve_00021733,232,352,164,63,333,155,278,218,53,214,323,127,122,115,198,415,274,287,294,249,194,155,181,232,213,297,176,150,66,87,153,124,107,97,311,130,107,80
OG_10332,Peve_00021856,500,2570,1041,1492,2835,976,1744,857,1034,113,3710,549,2330,2300,1816,5057,1852,1678,641,1814,169,9,1058,1392,6,881,113,4,989,932,1272,992,1419,673,978,580,337,220
OG_11245,Peve_00022125,30,168,176,96,268,111,52,26,44,64,300,119,202,128,1,0,0,0,16,122,33,0,0,0,0,1,27,34,43,131,17,0,28,0,2,16,0,0
OG_16944,Peve_00022132,239,339,396,217,485,188,113,100,91,832,302,110,291,230,121,343,106,118,146,88,90,60,399,168,224,356,196,61,138,63,135,82,181,22,381,38,136,122
OG_02000,Peve_00022340,60,255,47,219,297,78,399,183,105,12,421,81,114,309,152,124,46,68,193,255,21,15,240,483,7,883,17,0,104,239,461,380,219,239,333,291,26,213
OG_17027,Peve_00023470,0,0,0,0,0,0,0,0,4,0,0,0,4,5,0,0,0,0,5,0,0,0,5,0,0,0,0,0,3,5,0,0,7,0,0,0,0,0
OG_17045,Peve_00023719,9,51,43,45,48,29,40,23,9,36,68,49,57,49,48,149,81,67,129,35,24,20,48,22,5,68,12,0,9,4,85,119,97,36,154,18,0,10
OG_01177,Peve_00023831,2142,4944,3110,2343,3250,1673,4178,1620,1438,209,4156,1709,1257,1794,3492,7006,2020,3501,1845,2160,403,12,3238,1554,24,3333,411,11,1822,936,3371,1809,2085,1654,3643,1524,1262,510
OG_09486,Peve_00024151,1313,2166,837,1520,2479,846,2819,718,1074,4530,4019,759,2224,2569,1999,3276,1335,1789,1120,1483,536,1286,1521,2108,1023,1883,412,1261,670,970,2109,1010,2114,1136,1911,1217,539,661
OG_09487,Peve_00024136,1354,2048,787,1733,2584,874,2646,618,1125,5200,3788,894,2251,3357,2546,4002,1407,1922,1571,1751,433,1795,2362,2553,1454,2383,494,1834,658,983,2457,1340,2332,1213,2567,1537,539,1021
OG_04115,Peve_00024202,83,163,46,7,141,55,92,64,40,114,223,80,48,67,99,75,118,84,137,98,86,47,141,148,123,122,98,55,20,63,132,33,69,40,51,53,46,29
OG_01023,Peve_00024319,534,387,299,328,387,164,483,186,217,68,419,123,93,222,423,384,378,156,114,511,271,28,87,267,114,381,175,80,130,444,417,124,351,162,126,268,143,122
OG_08658,Peve_00024531,325,710,156,123,419,233,490,246,106,250,745,178,182,298,325,409,395,219,153,301,84,70,218,342,97,368,75,98,79,171,407,64,251,120,157,186,37,61
OG_10812,Peve_00024779,699,285,446,208,170,62,457,108,85,1140,942,288,497,539,494,508,411,213,469,273,184,53,226,225,1125,255,167,367,19,0,360,128,439,147,107,131,155,106
OG_17106,Peve_00024781,73,133,127,150,420,116,446,92,62,32,1176,132,717,619,488,475,392,401,54,29,21,11,131,51,12,109,0,3,31,46,201,53,235,76,50,119,52,25
OG_10121,Peve_00024907,803,432,253,258,308,103,432,148,221,135,343,96,219,181,555,391,299,230,716,294,157,557,318,783,414,942,198,241,147,257,463,350,309,427,585,741,150,472
OG_17150,Peve_00025727,5,7,0,0,0,0,0,0,0,0,0,0,0,0,0,0,0,0,0,0,0,0,0,0,3,0,0,0,0,0,0,0,0,0,0,0,0,12
OG_09986,Peve_00025843,35,27,45,34,70,33,61,11,47,14,134,25,36,61,122,88,45,33,29,41,10,10,56,86,33,81,13,4,13,28,106,40,117,49,63,37,37,10
OG_05568,Peve_00026081,75,76,32,10,80,25,66,29,35,73,72,20,18,52,54,106,58,37,32,56,35,30,92,102,57,102,43,23,11,30,64,51,62,20,78,32,42,12
OG_17186,Peve_00026244,17,10,20,22,17,11,20,9,3,41,10,4,5,7,21,33,27,26,12,1,3,3,54,46,27,72,4,8,1,9,30,16,20,5,21,15,6,15
OG_06279,Peve_00026233,1855,1020,154,856,494,177,2015,85,1252,932,3120,1151,1545,2378,3350,1756,428,184,750,2219,339,708,644,2389,4081,3498,2421,605,147,864,3156,954,1804,1145,588,2422,294,951
OG_05874,Peve_00026728,3200,11682,6494,8815,14512,4977,7776,3263,6018,1289,15818,3472,9130,10768,8793,28160,9091,9430,3297,6195,759,194,6169,5183,74,4211,483,55,5228,4646,6949,5352,7016,4260,4873,2863,1767,1457
OG_05875,Peve_00026729,1024,6533,2063,4189,5703,1720,3414,1452,1966,134,7254,1186,4524,4685,3099,12132,3355,3503,1079,2748,174,5,2110,1939,7,1644,174,0,1257,1509,2904,1776,3803,1919,1445,1121,600,386
OG_13153,Peve_00027003,48,26,26,10,27,19,59,19,5,30,92,22,64,20,29,112,19,25,24,68,10,11,45,7,61,32,20,10,18,25,41,20,33,17,33,4,7,30
OG_17245,Peve_00027101,127,10,50,55,22,13,55,19,11,27,12,14,35,61,46,38,25,19,56,34,17,14,51,32,36,29,41,27,7,27,21,25,37,9,42,15,21,13
OG_13594,Peve_00027113,4,0,0,16,0,0,0,0,0,6,6,0,0,8,7,3,7,9,0,0,0,0,0,0,3,0,0,0,0,13,0,7,3,0,0,0,0,4
OG_08259,Peve_00027208,72,66,56,40,47,15,80,33,32,35,82,26,48,60,90,76,39,76,31,43,13,14,88,50,31,113,47,6,38,68,104,70,93,40,85,46,36,52
OG_12722,Peve_00027542,737,281,258,416,521,166,1026,215,194,425,917,189,439,541,746,485,406,278,560,421,153,413,634,825,207,810,183,187,104,427,920,307,366,255,376,635,105,250
OG_05856,Peve_00027752,269,594,177,143,362,160,484,212,105,43,624,198,264,386,625,660,533,541,186,359,62,20,199,253,41,270,42,31,135,177,337,158,283,125,210,276,52,69
OG_17285,Peve_00027793,30,98,28,22,23,18,19,31,40,22,79,35,37,48,37,32,27,23,18,100,27,13,49,45,9,52,14,3,0,7,44,32,77,21,10,40,37,6
OG_10480,Peve_00027794,284,506,120,12,191,137,156,78,91,53,303,100,111,102,121,190,134,17,49,508,60,15,168,273,82,235,8,46,44,43,137,112,82,62,48,26,34,5
OG_05228,Peve_00027827,19,0,32,8,24,7,9,3,11,3,12,0,33,16,8,46,11,12,0,0,0,6,0,17,0,4,0,0,3,17,12,0,0,0,15,0,0,18
OG_17286,Peve_00027836,0,0,0,0,0,0,0,0,0,0,10,0,0,0,0,0,0,0,0,0,0,0,0,0,2,0,0,0,0,0,0,0,0,0,0,0,0,0
OG_01781,Peve_00028245,165,222,97,34,178,110,207,99,88,146,335,94,251,232,106,266,136,114,248,120,54,91,225,289,92,210,66,69,75,112,125,84,175,54,166,89,63,73
OG_13239,Peve_00028307,40,70,122,60,70,51,156,92,21,158,0,0,0,0,139,305,164,126,42,43,52,23,6,4,6,7,137,42,99,70,100,57,155,39,44,32,29,26
OG_13016,Peve_00028559,221,95,42,104,56,31,47,18,10,137,50,21,47,58,60,159,50,31,64,72,27,34,210,101,69,123,40,13,4,20,167,80,86,66,207,65,55,60
OG_08545,Peve_00028563,695,601,410,257,1081,466,816,367,239,689,1082,433,655,605,975,1131,847,560,423,350,161,140,774,651,312,1522,292,260,244,393,647,418,476,177,1119,544,393,384
OG_01223,Peve_00028658,43,152,62,45,213,130,167,70,123,36,299,65,141,135,271,470,150,187,78,135,28,37,113,143,0,122,37,8,115,106,185,127,142,63,155,81,36,19
OG_01608,Peve_00029039,924,1395,1376,672,1903,878,1368,884,544,876,1706,765,1115,956,945,2176,2028,1348,1224,1010,735,422,862,774,620,1338,603,506,685,403,745,519,1237,344,2134,389,823,617
OG_01611,Peve_00029042,562,260,105,124,155,74,476,136,135,493,231,58,85,109,416,237,206,171,408,267,243,375,139,266,411,412,344,178,61,233,351,148,105,165,231,373,100,258
OG_06373,Peve_00029291,0,15,0,0,13,7,9,11,9,12,34,6,5,0,4,54,6,20,0,22,0,0,6,0,0,7,0,0,0,0,5,32,18,2,0,0,4,0
OG_08856,Peve_00029455,504,619,499,259,604,265,532,279,251,821,845,445,525,415,559,1070,865,589,695,754,724,623,636,407,1068,662,776,341,288,245,298,152,465,164,737,216,359,165
OG_05666,Peve_00029478,85,170,161,101,101,53,222,71,54,40,280,110,149,154,151,347,151,57,44,144,35,15,102,103,79,158,51,9,40,63,187,102,149,79,226,153,53,53
OG_17389,Peve_00029697,0,14,9,0,162,37,41,12,75,0,73,44,129,39,113,19,98,23,40,252,13,0,92,69,12,273,0,0,5,22,81,9,250,12,37,32,0,17
OG_09657,Peve_00030448,474,755,242,281,711,255,577,267,239,645,1201,319,358,530,478,1004,661,474,412,573,270,211,417,487,509,805,290,239,137,314,569,171,459,172,368,289,174,187
OG_10475,Peve_00030488,91,123,27,21,51,20,37,15,15,0,40,31,6,6,45,37,11,12,0,39,9,0,5,47,0,26,0,5,2,3,25,70,11,22,12,18,0,0
OG_00643,Peve_00030489,139,371,89,16,79,94,111,31,11,37,207,68,14,37,222,46,84,59,73,161,21,6,56,175,47,95,7,20,0,39,138,15,6,58,0,9,18,4
OG_11419,Peve_00030497,0,36,0,0,0,0,3,1,0,28,16,0,0,0,0,0,0,0,0,0,0,0,0,0,0,0,0,0,0,0,0,0,3,0,0,0,0,0
OG_09897,Peve_00031062,39,121,11,10,35,12,22,23,14,42,39,14,6,32,15,63,32,23,6,48,9,2,22,56,31,38,21,5,0,8,17,8,24,20,11,8,9,0
OG_09896,Peve_00031067,8861,1895,1131,376,1808,1314,1559,733,677,2723,2901,1739,674,1010,2076,2120,1409,641,1101,964,1744,2278,929,1763,7956,1857,3733,1347,385,571,3267,370,1985,469,857,1192,2008,1204
OG_17479,Peve_00031620,46,39,60,30,65,16,96,30,18,0,125,22,35,40,102,117,86,57,23,32,0,0,48,82,3,56,0,0,0,30,67,72,44,7,34,54,0,7
OG_17483,Peve_00031656,403,669,457,175,626,333,651,289,234,228,1073,193,331,507,806,637,614,447,186,632,150,109,216,377,143,376,65,73,212,348,534,171,470,231,174,354,66,123
OG_06181,Peve_00031660,1836,12999,4927,2656,9880,3987,7416,4901,5051,1294,8469,3726,6083,5495,6104,8080,10103,10368,3439,5620,2217,1159,5950,5578,2386,8368,1364,774,2637,2496,6123,2389,8158,4023,2931,4496,2457,1558
OG_17497,Peve_00031834,0,8,0,0,0,0,0,2,0,3,0,0,4,4,5,10,0,0,0,10,0,0,30,7,3,8,0,9,0,0,0,2,20,0,0,2,0,0
OG_06875,Peve_00031835,17,20,14,0,18,9,12,14,10,6,30,7,38,24,28,22,31,47,20,27,18,21,25,39,31,55,0,8,10,10,32,21,44,4,29,17,0,15
OG_08096,Peve_00032517,275,268,86,116,554,205,171,58,246,363,191,8,82,83,184,217,202,208,553,136,24,66,136,188,22,284,32,25,81,261,206,95,167,97,513,205,45,97
OG_06775,Peve_00032677,155,175,74,78,74,52,228,18,53,67,155,41,105,121,152,213,69,55,206,130,33,205,85,309,156,272,25,71,28,94,158,97,121,123,125,180,44,95
OG_05717,Peve_00033139,146,18,6,20,29,0,34,8,15,12,68,10,13,13,15,13,21,22,13,78,10,12,0,16,16,44,0,2,6,45,7,25,7,31,3,22,15,0
OG_17591,Peve_00033140,236,70,47,12,104,18,77,12,27,0,95,21,18,24,28,45,44,29,98,72,65,13,28,88,7,70,0,0,8,28,34,12,50,14,16,28,17,23
OG_17596,Peve_00033182,24,34,10,27,28,12,19,8,0,52,43,23,19,44,14,48,15,17,19,41,11,16,35,25,55,32,21,7,11,16,54,42,51,9,29,11,5,13
OG_13026,Peve_00033288,31,22,17,55,55,11,180,20,25,0,109,8,108,93,69,73,0,25,16,0,0,4,28,41,5,70,6,0,53,38,38,15,37,4,39,11,5,29
OG_17600,Peve_00033297,119,186,199,67,123,19,180,46,25,7,173,41,29,78,208,192,127,69,71,343,40,17,117,186,70,165,22,0,35,102,125,49,169,45,102,50,78,37
OG_00030,Peve_00033366,264,113,55,74,195,52,216,70,55,45,273,22,125,109,216,154,179,142,39,124,18,11,109,109,37,71,29,28,64,144,136,78,172,43,43,42,15,29
OG_01981,Peve_00033650,918,3510,1500,1575,2587,1173,2972,1569,1529,1566,4584,2527,2057,2516,2671,3828,2587,2112,1141,2535,1003,867,3282,2246,1471,2449,659,627,1459,1643,2714,879,3816,1247,1187,1941,947,1053
OG_01758,Peve_00033792,364,828,347,164,231,118,211,168,135,155,352,116,209,131,163,289,265,77,166,433,118,84,108,238,152,168,137,126,165,258,191,80,264,203,169,125,167,77
OG_11084,Peve_00033908,19,33,6,4,22,5,77,39,29,47,66,66,52,23,29,85,56,48,18,26,39,15,0,8,41,95,49,17,11,26,40,10,38,7,42,31,74,62
OG_17640,Peve_00034068,30,34,7,6,23,12,22,9,0,10,4,17,13,4,15,41,29,26,8,13,27,13,16,20,24,16,21,5,0,10,0,15,21,0,13,19,9,0
OG_17646,Peve_00034212,7,0,3,0,10,11,4,0,0,5,11,8,5,8,0,24,3,0,0,0,5,0,7,21,5,7,3,0,16,0,0,92,8,0,21,4,3,5
OG_10367,Peve_00034268,449,228,199,211,205,67,349,105,110,294,347,149,272,181,158,469,208,201,143,117,101,63,281,196,213,368,240,165,93,135,158,98,159,44,255,156,148,119
OG_17666,Peve_00034555,12,0,34,7,21,2,10,0,0,526,48,6,23,10,0,17,9,4,0,0,3103,17098,7,0,12147,3,5270,7210,15,26,71,28,23,47,50,52,791,120
OG_11984,Peve_00034565,1112,121,64,132,47,19,338,46,36,111,200,36,37,109,216,56,73,31,709,242,98,425,232,777,282,1103,359,436,42,530,328,197,114,467,217,1713,150,953
OG_05366,Peve_00034622,431,94,42,42,538,239,669,173,263,426,763,176,314,345,173,66,118,74,937,271,315,394,527,1469,915,1742,299,312,79,378,434,179,283,366,185,263,107,176
OG_12032,Peve_00034882,625,439,567,936,834,542,714,313,549,2008,673,239,701,702,937,1961,543,789,1052,514,293,368,861,461,374,987,422,306,261,288,916,560,923,320,2508,622,410,457
OG_09796,Peve_00034911,212,233,109,77,292,125,294,45,93,78,433,108,194,257,537,251,369,132,56,195,50,32,196,281,138,257,89,73,25,160,566,128,259,108,40,107,34,67
OG_13685,Peve_00034973,37,55,173,142,291,134,226,68,178,38,220,146,288,149,131,80,183,66,49,335,30,2,205,85,18,293,0,20,78,165,233,115,369,56,69,58,32,89
OG_06101,Peve_00034984,57,104,158,123,600,317,77,35,310,66,405,486,538,183,528,303,336,179,179,219,9,3,263,154,30,942,29,18,75,128,323,112,362,67,162,351,18,152
OG_02260,Peve_00034989,120,212,124,76,195,110,128,70,56,337,282,82,162,108,255,533,268,233,257,92,55,71,290,119,93,169,94,39,54,35,136,90,149,42,410,44,35,43
OG_07531,Peve_00035269,15,122,6,11,11,27,59,15,10,54,43,0,2,6,14,82,19,8,16,22,9,6,5,30,6,21,0,0,0,10,8,23,19,7,8,26,14,0
OG_02666,Peve_00035837,1305,656,318,115,613,365,710,331,298,907,593,149,324,355,284,254,677,404,1453,348,208,375,328,1353,203,1736,121,275,143,324,626,159,383,570,489,458,195,482
OG_17739,Peve_00036018,73,759,173,74,415,239,220,313,435,45,153,133,191,166,145,378,370,356,63,290,84,18,123,101,0,143,37,22,96,66,400,137,619,119,70,152,76,41
OG_08528,Peve_00036019,8,589,39,51,260,165,189,209,390,3,108,66,125,96,36,288,201,123,0,195,30,0,22,57,0,27,0,0,68,28,141,96,551,41,32,85,26,14
OG_07620,Peve_00036161,4947,1688,387,406,805,784,804,400,229,2366,1771,893,311,597,1218,1319,574,597,547,382,660,791,963,816,2006,762,1080,691,145,250,1722,331,395,216,426,978,660,675
OG_07836,Peve_00036194,8523,3810,5473,2281,5220,2265,2272,577,2491,1055,2645,670,1059,1368,3649,3760,4492,2084,3137,5038,1565,353,2884,1986,536,2893,420,320,955,2787,1172,324,1067,272,1872,1995,1087,1067
OG_17751,Peve_00036268,30,164,133,120,397,188,147,111,168,37,280,165,155,198,16,18,21,9,93,231,15,0,0,15,0,17,5,10,152,120,235,143,214,178,185,198,56,74
OG_05819,Peve_00036290,11,12,8,5,15,7,14,13,26,0,32,5,5,23,11,37,6,15,12,43,7,14,49,79,7,57,0,0,5,12,49,22,40,20,104,39,0,17
OG_13428,Peve_00036514,123,451,199,227,758,396,479,319,249,12,957,412,494,750,524,991,708,151,265,968,13,0,331,453,21,1281,16,0,109,290,884,695,637,211,877,646,66,285
OG_04547,Peve_00036602,1405,1412,1042,448,1612,816,1511,762,754,2608,1987,738,718,829,941,1449,1568,789,698,1295,1974,726,444,834,2809,1262,2085,2233,628,689,1022,272,1557,427,645,781,1263,453
OG_17800,Peve_00036861,41,63,54,83,5,0,0,0,13,30,0,0,0,0,344,279,204,196,9,0,4,0,88,90,12,86,7,0,0,7,0,0,13,0,9,14,4,15
OG_01727,Peve_00037183,4,176,183,49,679,120,241,114,119,3,261,34,77,100,79,231,404,135,2,46,8,0,26,13,5,19,0,0,72,54,95,16,128,23,0,8,7,0
OG_09003,Peve_00037483,132,94,71,66,134,49,100,14,21,137,180,34,112,106,140,138,69,50,63,75,57,28,57,62,58,78,64,30,19,23,153,179,120,125,223,97,41,126
OG_12889,Peve_00037791,0,12,10,0,14,8,7,0,19,8,13,10,10,4,0,13,0,22,11,7,10,9,26,0,11,18,25,5,16,3,34,5,16,10,46,13,7,4
OG_08083,Peve_00037792,20,19,46,25,12,0,29,9,0,33,54,17,48,56,51,125,43,28,31,101,58,7,93,23,15,92,13,0,26,7,41,33,45,26,149,9,24,39
OG_06592,Peve_00037895,671,755,129,619,239,88,1124,235,256,1330,901,316,574,837,890,583,374,298,359,962,241,344,564,863,1649,1123,605,445,142,346,919,374,558,349,1013,974,307,464
OG_07821,Peve_00037966,10,21,10,9,17,4,14,9,16,20,23,23,23,26,10,39,21,37,27,26,11,0,6,0,6,17,0,7,4,11,7,15,8,3,15,3,6,11
OG_12125,Peve_00038506,58,91,44,67,143,14,81,30,10,206,140,16,66,77,62,203,128,62,12,19,8,0,27,46,30,51,29,13,9,0,65,25,66,0,70,0,19,7
OG_03330,Peve_00038575,828,549,136,246,292,168,486,148,74,613,704,259,307,473,674,383,246,278,446,641,285,406,507,850,809,1104,642,219,90,293,724,329,307,283,378,595,263,298
OG_11900,Peve_00038653,0,17,13,11,14,4,5,0,4,19,33,7,0,4,10,4,24,14,7,8,0,4,0,6,0,4,0,2,9,9,9,4,4,0,3,11,4,6
OG_11899,Peve_00038670,200,444,81,85,80,63,119,106,126,99,256,127,90,115,228,257,203,147,283,175,95,101,81,232,36,286,60,13,63,115,254,168,175,127,479,188,162,141
OG_04538,Peve_00038682,449,1399,575,220,942,549,899,403,213,34,1089,569,517,678,1046,1753,714,483,204,1216,43,9,347,589,38,619,9,0,187,400,808,1317,228,281,155,194,104,22
OG_04537,Peve_00038681,124,18,0,0,18,8,15,4,16,47,0,3,11,18,30,15,17,23,11,25,15,0,0,13,16,51,148,0,12,11,0,13,4,4,14,6,53,11
OG_11762,Peve_00038685,0,0,0,0,0,0,0,0,0,0,0,0,3,0,0,0,0,3,2,0,0,0,6,0,0,0,0,0,2,0,0,0,0,0,0,0,12,11
OG_06599,Peve_00038759,1602,344,287,548,718,341,969,287,576,766,1195,305,577,653,915,827,649,374,1161,1170,692,720,800,1113,605,1184,617,442,168,714,1069,545,781,437,922,1443,414,877
OG_06655,Peve_00038787,69,61,30,16,8,17,8,0,8,6,14,6,5,0,0,0,4,0,10,20,0,0,0,0,0,0,0,0,0,9,0,5,0,5,0,0,0,0
OG_11870,Peve_00038937,64,408,224,203,1238,365,614,223,489,33,731,130,195,250,616,433,926,321,227,531,89,17,228,300,169,406,21,89,63,52,638,372,404,337,243,469,136,61
OG_13334,Peve_00039121,0,217,116,33,387,119,190,109,106,0,264,21,128,82,102,290,261,122,12,168,16,9,4,22,0,37,0,4,84,87,51,25,92,44,11,36,0,9
OG_17961,Peve_00039185,8052,7542,2688,2878,5532,3005,4376,2120,2270,11828,7942,3401,4603,6626,5953,8750,4938,4060,3410,2534,2443,1825,6632,5557,4406,5557,2703,2370,1017,1507,5961,3660,4163,1628,4601,2803,2058,2784
OG_11642,Peve_00039206,280,38,42,173,16,15,108,23,15,44,113,26,109,131,149,103,45,44,129,70,22,77,127,105,58,217,22,34,25,99,208,107,78,106,243,191,30,141
OG_05210,Peve_00039446,428,1088,206,257,465,376,429,427,308,794,607,366,342,410,418,767,522,386,434,359,346,231,461,520,383,593,307,156,185,330,325,285,390,261,528,364,341,289
OG_05498,Peve_00039513,366,360,294,151,591,140,239,139,59,1277,541,145,226,179,304,897,569,246,482,110,242,167,599,331,164,264,164,154,59,82,240,162,262,87,568,71,103,160
OG_12050,Peve_00039839,67,1001,69,72,692,208,0,0,140,79,443,202,115,271,171,136,485,418,22,244,22,7,134,542,242,984,13,26,167,270,278,238,121,298,126,546,193,116
OG_07404,Peve_00039888,934,791,602,306,1648,604,987,349,562,447,1593,397,769,507,658,1440,1265,696,1085,648,363,609,835,778,400,1119,435,328,355,541,813,439,1015,355,1247,689,536,727
OG_07958,Peve_00039971,32,39,30,33,122,40,365,97,83,30,65,17,26,45,73,74,75,53,30,64,71,27,22,34,35,52,17,13,19,41,37,30,89,39,51,45,27,35
OG_10516,Peve_00040090,12,0,0,0,0,0,56,0,2,54,3,0,33,68,0,0,0,0,19,0,16,383,21,5,259,45,54,67,0,18,0,0,33,10,3,10,0,5
OG_02219,Peve_00040315,248,454,205,147,515,163,502,150,95,376,664,148,238,308,340,477,482,348,350,344,156,121,281,264,272,308,234,100,138,153,282,125,287,77,241,90,107,101
OG_02690,Peve_00040405,18,46,7,20,125,45,22,21,52,182,62,17,41,40,131,264,49,80,28,28,5,24,67,80,8,87,136,21,14,34,82,53,23,8,34,22,8,13
OG_09247,Peve_00040431,27794,30301,25592,20434,48268,33953,30708,19307,31679,31424,49722,24344,31107,33716,34115,81039,28328,19077,29497,22310,20745,8479,45694,37280,13300,37126,22345,3128,13054,15535,42549,20842,38815,13677,49092,24400,33491,20855
OG_08622,Peve_00040703,1543,581,796,402,1319,623,971,380,867,2330,1189,887,881,573,1309,1182,1200,482,881,1158,1675,1074,695,1334,4511,1888,2386,2499,448,638,1030,479,1295,371,1720,1188,1763,1015
OG_13211,Peve_00040880,0,64,15,14,35,9,49,18,26,0,64,13,20,16,50,70,86,26,26,24,0,0,127,42,0,120,0,0,0,10,44,0,19,29,0,0,0,0
OG_18057,Peve_00040879,40,66,19,39,33,18,78,58,17,3,99,28,91,83,115,151,119,54,34,39,0,0,249,99,0,288,0,0,36,29,111,73,45,36,36,23,18,12
OG_18058,Peve_00040882,101,39,97,54,106,54,122,49,48,15,183,59,132,79,178,269,86,54,20,142,21,0,43,105,0,87,11,0,20,66,301,388,86,53,92,72,21,31
OG_00355,Peve_00040986,547,241,111,320,148,111,267,72,166,188,309,124,118,183,403,232,200,182,525,269,154,378,654,660,435,1194,202,102,39,126,340,340,151,188,469,625,85,310
OG_05713,Peve_00041095,332,393,169,81,380,110,318,132,66,150,523,110,174,181,238,374,350,128,68,176,78,39,95,115,85,248,63,22,85,153,186,71,205,40,70,76,53,40
OG_05514,Peve_00041134,3578,2433,1750,1751,2972,1206,1771,660,942,5837,1267,538,436,748,2024,3917,2425,1450,2848,2134,1914,795,1870,3121,1760,2604,891,655,637,941,3349,1753,1698,1324,2053,1494,854,809
OG_18078,Peve_00041156,77,136,59,21,118,81,177,64,30,50,146,49,42,30,122,96,127,39,56,39,56,42,26,97,49,85,36,26,34,22,47,43,94,43,76,84,37,66
OG_04560,Peve_00041449,4459,23372,10223,12881,24961,8086,12618,4916,9313,1611,26737,4985,14850,16661,14710,37171,14997,15614,3899,10455,1029,88,8517,7333,313,5565,1046,302,7619,7236,10071,6369,10563,6924,5232,3706,2620,1471
OG_12242,Peve_00041522,200,445,562,254,0,0,315,195,0,0,766,274,420,311,273,420,854,294,23,42,0,0,39,65,2,111,8,3,20,34,58,0,99,6,15,6,10,0
OG_12646,Peve_00041591,4,26,0,7,6,2,0,0,3,8,20,0,0,14,0,0,0,0,0,0,0,0,3,0,0,7,0,0,3,5,0,0,0,0,3,14,0,0
OG_18118,Peve_00041906,522,1105,261,257,213,139,245,155,105,177,259,148,146,188,309,369,324,114,197,387,166,96,109,211,176,218,142,77,145,381,243,120,255,159,209,180,200,122
OG_07150,Peve_00042404,266,77,46,59,102,50,138,17,19,8,135,19,19,69,156,70,94,45,254,120,21,17,74,459,6,449,18,0,21,58,184,122,44,74,89,135,25,41
OG_18159,Peve_00042634,3,3,0,1,5,1,0,0,1,3,0,0,0,0,3,2,7,5,0,0,0,3,4,6,0,4,0,0,1,0,1,0,0,0,7,1,0,4
OG_18179,Peve_00043034,83,194,95,69,115,29,173,43,83,160,244,53,135,159,125,269,103,136,101,78,11,58,133,113,20,140,11,45,31,46,166,82,157,70,261,109,36,70
OG_04698,Peve_00043033,47,63,128,159,191,48,189,87,177,193,201,26,185,196,183,378,114,149,63,219,14,72,137,68,100,152,6,138,124,183,108,142,295,139,415,110,52,132
OG_13451,Peve_00043039,565,488,319,371,463,211,603,206,121,415,734,223,355,374,758,1041,415,383,418,491,232,143,859,604,473,684,312,177,146,224,765,353,404,196,1100,424,203,423
OG_10055,Peve_00043040,53,65,62,101,148,47,99,38,53,63,189,49,163,130,164,511,88,113,65,115,53,21,171,221,57,162,18,0,39,56,118,52,135,19,94,47,14,21
OG_12046,Peve_00043845,29,11,60,24,153,67,100,72,90,66,85,24,50,25,153,212,130,128,64,81,64,28,32,47,65,63,18,4,35,14,43,0,53,15,80,47,31,70
OG_11307,Peve_00043953,10,0,3,7,7,5,21,5,3,6,17,6,14,14,19,6,5,8,0,0,0,0,9,7,14,2,2,6,10,6,8,6,16,1,8,2,4,8
OG_09106,Peve_00043963,535,239,86,222,224,129,540,138,133,665,603,159,244,326,558,422,281,147,341,326,165,165,237,482,263,841,275,192,78,350,804,332,351,339,316,247,121,129
OG_10355,Peve_00044033,21,55,0,0,0,4,0,0,0,4,0,0,0,0,0,0,0,7,16,17,6,0,0,7,6,0,0,0,0,0,0,0,0,0,4,0,7,0
OG_10251,Peve_00044193,23,4,40,18,45,29,100,12,24,40,62,16,46,35,55,20,22,22,56,30,32,30,94,38,41,72,0,14,10,5,71,64,42,41,58,39,46,52
OG_18258,Peve_00044195,54,27,35,45,82,21,238,36,25,163,123,47,114,128,4,12,9,7,82,95,56,27,175,93,106,115,2,1,8,7,158,81,84,56,64,86,40,48
OG_04756,Peve_00044337,38,95,66,44,166,50,132,20,43,31,188,58,101,94,152,265,80,75,25,113,11,10,66,54,36,75,12,6,24,39,123,66,124,27,65,24,0,24
OG_11812,Peve_00044332,138,52,55,25,13,0,40,0,42,9,110,28,43,40,77,93,238,66,19,44,28,15,7,54,50,45,7,0,31,47,46,18,20,40,45,0,8,15
OG_03451,Peve_00044380,12689,7853,5002,4807,6113,3956,6286,3410,3038,10100,8231,4358,4700,6635,7787,9718,5976,5636,6644,4188,4776,4759,7683,6984,7391,8461,4179,2859,1733,2551,7925,4298,5160,3277,6760,5165,4542,5879
OG_10759,Peve_00044540,33,50,23,24,285,86,1,0,126,261,188,148,196,174,68,71,70,76,195,159,99,60,708,238,241,543,98,75,76,61,277,100,191,132,19,44,13,37
OG_02184,Peve_00044625,232,226,107,124,171,92,270,112,40,104,336,157,104,167,249,294,283,126,239,146,128,116,342,800,355,1040,92,34,35,108,282,95,211,84,512,302,278,266
OG_18285,Peve_00044637,117,29,62,18,35,27,158,100,31,92,118,52,65,51,112,65,101,41,65,248,404,118,60,74,423,116,490,348,28,73,183,73,149,33,144,104,388,46
OG_13484,Peve_00044642,1367,280,96,50,753,303,713,276,317,8850,587,198,156,251,264,373,357,190,735,846,5256,3708,534,636,10282,846,4186,5758,172,546,541,157,468,162,435,443,2876,476
OG_05950,Peve_00044664,30,61,28,59,53,15,26,24,86,48,56,7,47,33,55,135,43,71,73,35,13,15,66,80,29,106,0,11,14,20,64,21,52,22,57,28,5,20
OG_12107,Peve_00045068,3306,178,83,206,88,19,346,25,97,159,152,36,135,156,415,161,104,105,2439,117,51,1206,937,1188,322,2252,41,523,19,294,717,255,119,472,531,788,33,890
OG_18325,Peve_00045329,37,67,14,8,99,27,24,46,16,57,192,81,106,63,31,23,42,14,34,23,29,22,146,219,147,346,111,84,40,74,252,145,140,85,38,13,27,25
OG_09598,Peve_00000338,1119,1895,358,1129,817,257,1588,498,181,1585,3534,566,763,3115,1976,2880,910,1400,1496,1117,94,530,8028,5407,898,4579,52,43,311,292,4165,1270,992,676,1147,1182,71,1052
OG_09597,Peve_00000340,5321,2134,2855,4604,3156,912,4506,778,978,20892,4834,952,3874,5457,3926,8834,2838,2469,4671,2026,1216,633,8097,4491,2239,6680,1783,1470,459,1057,5697,1848,2964,1037,10036,2737,772,2965
OG_13197,Peve_00000415,134,547,308,518,420,226,416,224,204,0,593,249,331,592,435,781,411,284,428,664,57,23,706,496,15,1709,0,0,425,283,886,815,563,338,1116,870,376,711
OG_11291,Peve_00000442,30,320,68,44,86,71,157,142,63,29,171,120,107,81,76,188,132,112,61,134,72,20,151,77,64,109,44,31,75,90,127,25,180,42,57,34,25,26
OG_05749,Peve_00000455,4770,1543,1059,547,3793,1606,2407,1041,1403,3771,3662,952,1710,1688,1847,2097,2533,1224,1425,1995,5028,2016,1001,972,6598,1555,6336,5084,634,1711,2357,417,2126,729,2256,1163,5033,1178
OG_10814,Peve_00000656,76,0,21,0,95,63,47,11,76,66,34,198,211,16,73,6,32,12,17,52,25,0,85,110,98,403,0,44,0,12,55,0,97,0,20,54,9,30
OG_05637,Peve_00000776,1087,116,40,67,30,41,76,90,56,22,16,24,8,12,48,95,25,4,222,30,183,125,228,346,82,459,91,9,7,63,60,33,29,53,263,147,467,225
OG_15738,Peve_00001069,5,5,0,4,126,81,49,38,56,189,97,55,25,58,49,73,80,47,40,34,34,39,0,0,0,5,45,40,11,19,20,23,14,12,59,76,79,52
OG_03298,Peve_00001191,86,269,150,33,311,135,164,132,99,158,332,97,125,131,158,265,258,156,58,220,118,51,149,100,157,176,82,68,53,99,97,42,157,46,103,49,46,30
OG_11983,Peve_00001222,0,0,16,11,9,0,36,7,13,0,20,0,24,0,39,34,21,17,16,11,4,0,0,0,0,0,0,0,0,0,0,0,0,0,0,0,0,0
OG_15754,Peve_00001250,0,7,0,0,0,0,0,4,0,0,8,5,0,8,0,0,0,0,0,10,0,0,0,0,0,0,0,0,0,7,3,0,0,0,0,0,0,0
OG_11359,Peve_00001492,6,4,4,0,5,3,21,0,0,12,16,0,15,0,0,12,10,0,15,11,12,0,0,7,0,10,0,0,0,6,9,7,18,0,11,0,0,0
OG_11360,Peve_00001484,34,14,0,0,2,9,26,6,6,12,19,9,4,21,22,12,27,0,26,20,7,7,24,25,21,13,10,0,4,4,12,3,5,0,20,18,6,3
OG_03484,Peve_00001489,29,19,39,17,56,10,62,5,5,60,30,16,38,51,65,67,31,26,59,19,14,26,51,14,26,59,36,8,6,12,37,25,38,11,51,8,8,26
OG_15796,Peve_00001974,131,22,30,27,6,0,0,7,7,89,8,5,6,0,4,7,26,9,0,0,92,22,80,30,273,33,67,198,0,0,83,33,102,51,11,0,110,19
OG_02102,Peve_00002115,38,146,48,36,126,24,76,36,19,234,121,35,55,94,33,213,98,103,21,43,20,9,44,25,29,27,45,12,22,22,55,33,42,11,48,8,8,0
OG_09596,Peve_00002188,569,645,307,431,300,122,249,119,90,1035,568,176,249,287,473,866,151,265,323,298,289,144,3066,371,905,220,43,20,12,37,661,239,725,209,436,317,231,524
OG_15815,Peve_00002251,44,28,29,13,58,27,26,26,23,93,79,36,10,49,20,98,66,52,15,6,32,13,61,8,49,47,38,10,5,6,19,15,21,2,33,14,9,9
OG_15816,Peve_00002255,79,91,103,40,125,39,95,45,41,212,207,66,105,120,86,231,134,71,42,49,51,35,57,27,83,87,64,13,30,20,98,51,91,14,50,20,36,40
OG_15831,Peve_00002488,340,138,179,57,253,65,328,75,98,0,305,122,132,251,254,74,245,109,175,117,117,52,117,141,70,79,44,25,88,154,170,137,120,92,61,116,191,97
OG_09174,Peve_00002765,109,128,113,81,94,113,87,78,87,118,210,34,63,85,166,97,125,100,135,161,129,51,76,60,132,189,138,150,78,137,48,57,148,69,162,126,160,114
OG_09024,Peve_00002807,197,146,81,65,248,66,151,105,67,130,261,74,191,132,174,331,206,136,128,148,102,37,537,248,255,367,87,45,55,47,220,165,147,47,322,96,109,91
OG_04694,Peve_00002926,490,415,253,180,540,191,564,179,108,491,567,199,254,293,368,559,431,290,447,266,202,203,571,585,487,502,376,183,64,121,341,182,335,94,398,250,98,228
OG_10205,Peve_00003079,118,1299,284,177,334,152,936,248,505,66,686,232,648,389,232,354,549,353,220,412,140,73,377,494,91,759,71,57,138,306,371,201,1266,272,524,614,246,119
OG_06384,Peve_00003118,46,231,64,145,255,109,213,173,186,551,250,49,195,153,91,370,214,107,108,122,88,18,158,166,182,205,330,37,179,151,124,112,206,69,574,181,306,43
OG_15877,Peve_00003205,43,85,60,4,119,21,19,17,13,0,118,12,4,12,33,0,63,10,0,46,0,0,0,4,0,0,0,3,13,15,27,0,36,0,0,8,0,0
OG_07000,Peve_00003236,1971,3242,842,805,2811,421,3472,39,3209,3068,7947,1497,2664,4068,3802,2846,2200,257,970,7702,1712,757,1344,1614,4887,1710,2327,758,750,2581,3250,446,7155,1304,192,2261,731,526
OG_12972,Peve_00003257,25,69,58,58,41,12,108,15,34,34,63,9,34,63,61,69,69,33,15,66,26,17,17,49,32,25,31,12,28,108,114,9,45,41,23,27,34,14
OG_04243,Peve_00003282,97,216,412,89,467,171,93,86,106,275,82,57,75,59,82,147,137,124,44,47,52,19,66,118,65,148,83,81,90,94,158,55,240,45,213,46,90,51
OG_12286,Peve_00003601,23,0,5,0,9,7,208,105,0,24,22,5,0,20,31,6,7,17,130,21,26,59,28,146,70,201,43,63,48,152,15,19,10,9,46,80,38,84
OG_15906,Peve_00003739,3,0,3,3,5,1,2,1,0,5,4,0,10,4,0,2,1,2,3,5,2,0,7,5,8,3,0,0,0,0,1,9,2,1,6,0,1,2
OG_12102,Peve_00003740,7,12,14,9,22,0,32,14,0,48,16,17,9,6,27,26,5,20,5,18,7,0,25,23,24,7,16,3,0,0,6,7,0,5,25,6,0,8
OG_11831,Peve_00003748,430,333,302,336,623,257,539,150,380,598,601,216,492,413,584,846,469,327,396,442,298,177,299,409,503,449,378,210,205,410,490,296,692,302,737,509,341,418
OG_13032,Peve_00004122,2,0,0,0,0,0,4,0,3,0,0,0,0,0,0,9,5,0,0,9,0,0,0,0,0,5,0,0,0,0,6,7,0,0,0,0,0,0
OG_06004,Peve_00004180,726,717,575,509,991,373,1235,437,277,1604,1086,436,845,649,892,1709,892,640,750,607,354,477,729,873,800,1253,590,388,343,492,842,443,773,365,1350,537,241,608
OG_06198,Peve_00004260,332,1195,416,425,1415,699,1322,718,661,437,1987,687,824,1049,1281,1916,1229,1585,767,1021,359,200,897,811,454,1592,273,144,438,627,1020,555,1214,750,976,649,407,311
OG_05087,Peve_00004283,35,90,51,48,155,111,206,77,58,27,51,33,27,27,65,39,81,28,29,150,31,3,223,103,108,508,0,0,43,51,151,107,157,42,71,145,31,45
OG_12990,Peve_00004413,296,105,108,22,71,34,37,14,32,32,55,28,71,55,107,29,91,28,120,89,95,65,22,112,121,131,108,73,31,89,34,12,49,53,55,60,75,95
OG_00171,Peve_00004526,1024,828,468,338,1101,469,730,265,297,651,1059,451,519,599,719,600,766,703,919,513,434,541,1104,1018,881,1087,644,345,175,374,885,299,618,236,867,594,386,687
OG_13201,Peve_00004712,1110,1208,833,717,2086,681,2034,537,623,271,2808,497,1014,944,1712,1624,1712,852,703,921,306,89,360,732,82,700,153,155,429,778,1136,381,1126,472,397,978,395,336
OG_05952,Peve_00004859,87,357,116,63,280,127,156,123,163,48,359,60,169,107,125,217,141,173,236,135,93,21,134,195,23,290,55,22,191,198,116,58,228,93,407,178,33,122
OG_13190,Peve_00004945,114,168,157,95,143,64,130,73,68,141,245,76,137,137,165,247,148,116,169,170,81,49,220,164,175,221,126,46,105,60,212,186,217,67,355,99,66,111
OG_01414,Peve_00004974,56,9,16,6,0,0,23,5,7,14,9,6,0,0,12,12,21,5,11,36,0,7,13,31,6,12,5,0,0,6,6,0,11,4,7,0,0,4
OG_16011,Peve_00005475,15,23,32,7,5,1,2,2,3,10,26,0,38,26,14,25,24,11,0,6,3,3,7,4,0,0,1,7,4,0,34,0,27,8,16,6,3,6
OG_10265,Peve_00005547,467,386,431,283,686,287,537,227,270,436,663,143,396,324,526,505,481,330,304,380,297,222,318,203,477,467,343,294,238,290,405,185,761,258,481,216,234,164
OG_10509,Peve_00005707,0,7,7,0,691,294,19,11,92,625,97,45,79,96,24,31,15,25,88,98,70,31,111,62,113,95,61,52,52,45,185,158,157,52,15,0,0,3
OG_08842,Peve_00006347,566,449,282,340,522,224,475,466,224,21,888,231,296,524,903,1520,731,312,599,498,20,19,1240,864,43,2523,173,0,249,309,1023,1141,379,327,2473,678,782,495
OG_08331,Peve_00006527,38,88,76,108,265,52,152,78,52,0,148,29,75,101,141,282,136,113,54,127,63,13,57,26,19,54,25,21,49,81,149,49,142,28,39,65,49,62
OG_01999,Peve_00006537,154,49,12,71,15,6,58,11,2,5,36,4,37,36,25,33,56,42,50,29,0,16,55,70,14,91,0,11,0,15,56,38,10,21,141,16,0,44
OG_16092,Peve_00006922,101,17,7,22,7,0,8,0,7,16,14,9,7,9,0,17,10,14,9,4,7,9,0,17,18,41,5,3,0,4,44,29,11,18,20,5,14,0
OG_02358,Peve_00006948,159,138,148,190,269,47,297,72,50,819,368,47,414,279,205,655,159,287,93,62,46,11,494,202,92,143,73,33,37,22,353,109,226,14,99,23,18,26
OG_08793,Peve_00007107,179,167,48,40,34,24,95,16,64,206,206,35,76,119,255,48,74,45,164,85,79,207,357,292,266,374,92,74,13,65,331,100,176,103,158,249,74,88
OG_10523,Peve_00007257,0,21,33,0,47,16,18,21,16,24,35,15,0,30,22,36,33,39,0,25,10,0,31,15,25,20,16,6,12,16,15,11,12,0,34,19,7,0
OG_10525,Peve_00007258,96,21,0,7,0,0,23,0,9,8,25,10,8,29,0,14,10,11,86,10,0,66,16,36,13,131,9,0,12,16,32,22,9,19,275,34,22,65
OG_10183,Peve_00007613,808,225,151,73,236,141,280,58,142,8397,399,109,216,189,205,240,183,161,299,217,2820,3221,245,155,7537,171,5924,9207,34,109,203,35,195,32,191,96,814,122
OG_08639,Peve_00007681,3964,1190,3349,2512,5796,2020,5889,1695,3353,10027,3223,2029,2736,3152,5926,7002,3721,3571,2719,2705,4088,1818,1615,1125,5618,2260,5142,8219,4095,2622,3068,1564,4398,1240,6933,3322,2897,2652
OG_16145,Peve_00007857,44,180,243,49,10,0,104,112,0,0,111,49,81,48,81,420,220,147,79,81,80,44,52,32,39,87,72,30,67,28,31,35,25,0,152,22,67,15
OG_06998,Peve_00007908,7018,2976,799,3360,1983,628,16308,126,6555,2444,21746,5456,8164,9639,12386,4374,2546,241,3398,11746,2008,2265,7535,12204,15076,7681,7953,7252,1252,11138,17025,3563,10598,5583,1390,8980,866,2622
OG_12645,Peve_00007969,0,0,0,0,0,12,40,8,5,1,0,3,6,4,50,42,22,20,0,10,0,0,5,12,0,0,0,0,0,0,15,13,0,3,0,10,4,2
OG_12007,Peve_00008004,17,8,36,75,205,61,197,67,62,50,114,84,139,56,141,294,140,94,0,0,0,2,12,38,0,26,0,7,13,69,4,0,0,0,16,16,3,20
OG_02619,Peve_00008042,28,9,8,23,8,5,45,17,0,5,23,24,5,2,11,36,0,7,27,21,4,5,22,33,5,33,0,3,0,16,24,21,11,2,23,20,12,4
OG_16158,Peve_00008076,80,28,12,22,28,20,114,24,16,3,135,27,81,60,74,113,30,41,0,43,0,9,26,69,0,67,0,0,18,34,31,63,40,24,22,14,8,0
OG_16159,Peve_00008079,34407,5164,1356,4518,3679,857,21867,92,8538,2824,23241,2918,6039,7529,15295,9818,4134,174,6183,9742,1580,6170,2066,17025,6916,14761,3901,4436,1160,10318,12019,3481,7412,5694,2054,13657,833,3850
OG_12568,Peve_00008075,2071,2593,761,680,2753,514,4671,82,2894,812,6481,1187,2189,2213,3046,2116,1659,91,720,3892,1048,632,421,1826,3181,1639,2966,1330,600,3022,3407,571,4860,817,340,1460,337,483
OG_10450,Peve_00008198,21,10,0,7,8,4,13,5,0,15,9,0,0,24,0,5,4,3,10,0,20,0,12,16,22,8,5,0,6,0,0,10,0,3,11,0,2,0
OG_10758,Peve_00008285,47,44,36,58,70,33,0,0,17,0,36,34,54,22,33,48,56,23,63,59,0,0,104,152,0,311,0,0,0,0,179,56,68,60,10,5,0,0
OG_12318,Peve_00008464,40,34,28,8,7,21,0,0,19,3,0,0,0,0,2,0,0,0,0,0,0,0,46,65,46,47,19,6,15,30,25,0,32,0,0,0,0,0
OG_16192,Peve_00008841,504,553,477,679,149,50,164,85,20,79,68,106,61,59,58,201,44,15,156,203,104,48,247,257,93,349,24,60,13,41,245,90,151,24,815,454,117,271
OG_11215,Peve_00008846,3,0,7,28,7,0,14,0,22,22,0,0,13,10,0,22,4,0,7,0,0,3,0,9,0,21,0,0,9,25,15,16,2,5,0,0,0,13
OG_12371,Peve_00008925,21,53,69,20,0,0,0,0,0,0,160,34,121,69,0,0,0,0,116,46,60,16,66,8,30,39,0,0,0,0,0,0,0,0,0,0,0,0
OG_11839,Peve_00009023,0,83,44,5,33,71,34,62,39,0,38,95,91,39,86,146,155,98,42,93,0,0,0,34,0,276,0,0,41,48,79,39,189,21,30,87,70,52
OG_16209,Peve_00009143,29,25,23,3,42,53,47,21,13,15,31,22,6,0,35,0,21,13,22,67,11,5,56,95,19,31,0,0,0,29,43,0,7,22,0,0,12,0
OG_10815,Peve_00009371,226,0,151,10,101,25,0,0,66,64,132,414,744,23,229,20,102,51,9,0,56,14,134,185,228,484,0,29,0,0,84,5,495,23,30,62,25,28
OG_12163,Peve_00009442,603,245,242,654,783,285,479,94,139,644,358,212,265,235,0,2,0,0,313,756,187,120,15,26,24,58,114,74,116,77,559,391,342,299,350,106,180,70
OG_05718,Peve_00009537,9458,872,554,1379,126,47,2209,429,37,432,156,50,76,98,2152,564,567,267,2862,524,465,1287,3191,3363,1700,3987,756,1036,109,822,2154,879,513,903,1667,1815,528,1659
OG_02124,Peve_00009794,4826,5600,2783,1602,5156,1944,4641,1873,1426,2031,6247,2045,2545,3594,4787,3182,4560,3116,3213,2861,1694,1150,3873,3272,2383,3794,1260,951,980,1436,3525,835,2900,1347,1850,1414,967,1283
OG_10811,Peve_00009908,7,11,17,13,43,18,56,19,12,33,52,16,40,25,55,75,33,23,4,6,10,0,13,11,8,31,0,3,8,9,21,22,10,0,6,21,0,12
OG_08874,Peve_00010406,177,79,104,51,69,16,99,30,40,100,110,42,48,72,77,76,87,32,90,123,44,44,100,119,100,120,29,31,15,19,78,45,60,38,150,57,57,29
OG_12369,Peve_00010684,903,814,282,697,602,208,570,139,328,538,1223,346,271,447,284,281,271,230,255,1762,86,169,143,279,282,328,68,319,111,586,807,143,563,328,183,592,88,114
OG_13702,Peve_00010985,17,3,4,9,2,0,0,0,0,8,0,0,0,0,10,14,5,6,0,0,0,0,0,0,5,5,0,0,0,0,2,0,2,0,0,3,1,0
OG_06152,Peve_00011299,1356,889,1016,1316,1471,530,1584,547,760,3822,2056,698,1656,2203,2002,5093,1123,1130,1595,1213,256,386,3558,2955,912,3941,433,424,612,664,2447,2246,1442,861,6213,2013,1215,1465
OG_07892,Peve_00011446,94,167,64,46,839,456,787,288,338,334,779,257,318,352,115,108,129,94,250,403,170,67,175,171,124,284,394,157,220,298,553,208,488,159,304,212,213,205
OG_13191,Peve_00011732,108,58,53,46,32,16,34,4,17,25,41,10,19,18,76,105,35,23,22,46,23,5,55,32,60,65,15,14,0,10,48,30,29,15,53,16,19,25
OG_01312,Peve_00011874,654,388,728,348,4936,1652,967,217,1912,61,2484,352,1955,925,248,224,702,112,586,2395,196,52,413,298,151,594,46,80,92,573,789,114,1428,210,369,480,288,291
OG_16380,Peve_00012086,216,1704,361,416,361,215,247,254,83,19,904,308,329,533,30,74,65,27,150,848,32,9,25,14,0,69,8,34,282,322,1406,627,671,558,273,316,46,126
OG_11038,Peve_00012206,0,0,15,15,377,193,543,308,102,297,5,13,8,7,354,1243,395,331,314,351,236,122,22,0,11,31,381,177,237,261,92,34,171,41,426,455,176,245
OG_11957,Peve_00012378,253,98,11,70,45,31,90,25,113,54,131,30,56,63,102,56,65,44,215,58,42,90,0,171,149,186,82,101,21,107,83,33,56,87,94,163,89,111
OG_05367,Peve_00012381,3763,2185,1140,726,2393,1208,2487,977,1700,5420,3177,889,1073,1155,2134,1732,2508,1077,2262,1863,2633,5243,915,1957,4813,2565,1496,1640,283,859,1426,647,1711,997,1790,2375,1882,1586
OG_08717,Peve_00012654,31,5,57,22,54,11,22,5,29,33,17,3,19,65,18,22,15,17,59,41,26,32,36,13,36,32,11,0,6,7,27,21,20,16,100,17,37,24
OG_06616,Peve_00013611,628,224,158,132,0,0,71,29,0,19,235,95,90,107,376,204,202,126,194,194,119,144,31,125,86,83,11,22,0,0,287,126,149,105,172,212,189,114
OG_09455,Peve_00013687,4026,3185,2706,1784,5181,2229,5116,2014,3487,3903,5075,2065,2442,2338,3173,3587,3858,2133,3600,3414,3028,1655,2154,3685,5915,6427,3007,3265,1757,2490,3497,1701,3794,1787,4047,4399,2928,2628
OG_03267,Peve_00013805,110,222,91,61,269,73,82,24,70,45,311,110,89,122,46,104,101,55,60,185,56,24,51,147,50,185,26,22,34,61,128,62,88,91,2,6,4,6
OG_16485,Peve_00013808,16,32,0,3,0,0,9,4,0,0,7,0,0,0,6,0,8,0,0,40,0,0,0,38,0,0,0,0,0,3,11,0,0,9,5,0,0,0
OG_11292,Peve_00013809,131,171,63,21,44,32,29,23,0,16,14,10,0,4,40,16,37,4,33,50,23,9,0,30,9,21,0,12,5,29,26,7,29,41,0,0,16,0
OG_12683,Peve_00014253,38,79,39,12,98,23,125,23,85,156,130,23,35,93,115,119,71,63,42,30,24,18,150,90,108,98,17,26,16,41,127,42,78,20,125,44,43,42
OG_12331,Peve_00014381,14030,2874,1459,2414,1922,907,3071,864,1077,1789,4108,1402,2361,2645,6545,2097,2377,1536,11415,2287,1739,4372,5326,14089,5834,18782,1899,2726,731,2833,5909,2769,2587,4420,6602,10048,2900,8680
OG_02186,Peve_00014611,0,0,0,3,5,0,10,0,7,11,0,0,0,0,0,16,12,5,0,0,0,0,7,13,3,30,0,0,0,0,0,0,0,0,6,34,11,0
OG_12785,Peve_00014648,79,0,0,0,7,21,38,5,11,83,0,0,10,0,4,0,17,0,0,11,1896,2559,3,0,383,0,278,175,0,0,17,16,12,9,7,17,1050,28
OG_16539,Peve_00014651,5,0,0,0,0,3,44,0,0,0,0,0,0,0,0,0,0,0,0,6,0,0,0,0,0,0,0,0,0,0,4,0,0,0,0,16,16,8
OG_12613,Peve_00014717,0,4,6,0,0,0,4,2,0,0,0,0,0,0,0,0,0,0,0,6,0,0,0,0,0,0,0,0,0,12,0,0,0,2,3,0,0,0
OG_16544,Peve_00014736,5,14,11,0,13,5,4,3,0,0,22,0,0,0,17,10,0,0,11,34,0,3,0,0,0,0,0,0,0,9,19,7,0,14,0,0,0,0
OG_02408,Peve_00014803,31,0,43,25,8,0,21,9,2,3,50,13,9,20,32,69,36,20,17,23,0,0,68,47,4,25,11,9,16,58,27,57,39,18,23,11,6,16
OG_16548,Peve_00014853,80,466,243,124,298,141,94,84,70,105,311,359,73,177,72,396,237,206,137,192,95,17,82,103,46,133,56,37,74,41,100,39,107,123,179,320,61,101
OG_09942,Peve_00014958,26,76,78,23,69,11,72,57,45,168,121,22,30,34,92,135,112,96,74,37,24,20,113,69,81,78,16,0,0,0,111,26,108,19,42,24,43,27
OG_12165,Peve_00015019,799,554,954,581,815,253,511,164,251,555,289,99,218,145,275,591,234,170,180,197,105,46,226,286,196,401,451,320,549,327,66,74,202,26,1039,521,486,362
OG_12518,Peve_00015112,307,577,608,487,520,334,710,484,133,227,377,482,349,300,327,2070,524,453,609,685,352,146,0,10,0,8,227,131,310,256,495,366,565,206,29,13,17,13
OG_05121,Peve_00015212,5875,4826,1767,1023,3076,1271,4759,1989,1093,2509,6129,1703,1623,2115,680,616,869,396,1714,1827,1418,710,2616,3972,4723,5043,3358,2536,1264,2451,3167,938,2426,1235,900,1756,992,683
OG_02070,Peve_00015340,0,14,0,0,68,29,11,42,15,41,104,23,37,44,0,11,11,6,0,0,0,0,0,0,0,0,0,0,0,0,0,0,0,0,0,4,0,0
OG_16573,Peve_00015353,113,14,0,16,55,12,141,55,24,76,131,35,52,81,256,39,41,23,217,61,34,120,110,482,234,531,0,27,0,55,79,74,31,182,15,68,12,60
OG_02220,Peve_00015389,196,408,336,194,561,221,389,189,137,454,557,185,313,389,338,903,386,421,168,270,97,103,234,196,181,320,76,31,147,81,345,177,304,122,535,165,116,112
OG_11017,Peve_00015471,62,35,30,5,32,11,29,16,10,13,6,13,22,13,29,27,45,15,34,122,14,13,26,8,18,8,10,16,13,14,76,19,82,7,6,3,4,3
OG_08271,Peve_00015587,267,342,274,116,482,120,458,178,180,131,606,175,305,288,397,307,426,271,172,370,89,39,109,304,254,430,110,115,137,347,502,206,355,214,148,209,116,81
OG_16592,Peve_00015650,12609,7003,1647,2711,10261,4056,5922,2295,5315,17995,2382,1213,426,667,7600,4178,3941,5449,6179,2804,2754,4917,6581,15975,9406,19493,1106,882,456,2064,7364,3656,2969,3769,3111,1078,1286,1659
OG_04247,Peve_00016058,217,1617,712,303,794,474,1472,511,2102,177,647,362,979,498,479,881,2022,948,460,869,595,97,1012,748,284,1462,177,79,231,589,799,292,1744,446,1286,1099,1075,249
OG_02935,Peve_00016079,44,67,114,59,142,52,151,62,55,42,80,28,96,38,71,94,165,105,115,148,32,97,76,67,27,43,14,23,25,55,73,46,43,31,31,67,40,38
OG_12560,Peve_00016086,18,29,36,16,35,34,14,21,9,22,49,26,14,18,5,36,42,31,14,8,8,7,14,15,0,14,0,13,9,7,0,3,0,0,19,3,0,0
OG_09806,Peve_00016197,8382,11909,13213,13402,14546,6796,17597,5721,7465,2205,20836,5665,17389,15120,14096,30684,14242,13045,11220,10484,2372,263,14949,9855,295,16602,2425,23,7769,5968,12093,7601,14983,6315,30230,7367,6756,5071
OG_06430,Peve_00016284,459,198,73,90,205,115,370,100,105,285,603,141,209,244,351,463,253,149,344,249,95,155,292,569,364,728,148,162,30,189,346,167,220,128,254,291,74,93
OG_16654,Peve_00016632,24,41,19,26,223,112,0,3,42,237,99,43,73,54,0,4,0,0,76,77,44,28,70,13,94,109,59,21,44,40,122,122,127,40,98,20,59,45
OG_16665,Peve_00016783,6,1,0,0,78,39,0,0,51,129,17,17,11,21,48,161,39,82,53,7,39,27,164,71,64,137,59,13,11,52,53,55,47,10,60,13,5,8
OG_08768,Peve_00016980,77,78,21,38,51,18,41,15,16,110,59,17,6,54,43,42,10,30,61,74,33,30,31,65,43,82,18,16,23,53,29,34,25,22,114,34,33,7
OG_04515,Peve_00017132,14,41,4,22,17,4,26,8,7,29,117,10,6,36,42,94,7,11,11,66,11,6,48,32,16,46,0,0,12,47,78,44,17,24,97,34,14,10
OG_04514,Peve_00017133,108,55,71,30,97,27,57,38,28,102,135,33,81,77,68,150,74,94,90,52,15,54,165,82,92,115,22,15,30,34,73,48,22,49,119,65,222,82
OG_11420,Peve_00017181,6,12,10,0,31,13,0,22,4,12,43,5,22,7,19,78,34,30,10,5,17,15,12,7,3,32,4,5,3,0,15,10,7,0,57,11,15,15
OG_10274,Peve_00017210,10,8,4,15,0,0,12,5,0,0,0,0,11,2,3,10,0,2,2,0,7,0,14,16,0,19,0,6,0,5,7,3,0,7,0,0,0,0
OG_11423,Peve_00017517,8,23,7,0,0,0,20,8,5,0,13,3,31,12,9,38,22,7,18,13,0,6,8,0,19,36,0,13,3,19,9,5,20,6,17,9,0,8
OG_03856,Peve_00017518,0,31,0,3,0,0,11,0,0,2,13,0,0,0,0,16,11,3,10,0,0,0,0,10,20,7,0,0,4,0,12,15,0,2,0,0,0,0
OG_03857,Peve_00017519,30,22,12,11,15,11,52,18,11,12,47,13,10,25,34,74,11,0,29,46,13,7,33,71,25,58,13,0,12,18,76,81,7,21,37,29,9,9
OG_08077,Peve_00017706,15,66,47,9,113,75,0,0,74,22,45,21,36,31,26,112,37,13,30,44,11,11,17,63,28,37,29,10,9,26,27,23,19,21,23,32,7,6
OG_12647,Peve_00017715,18,24,12,3,6,0,20,6,4,36,38,3,16,0,0,6,9,3,9,14,12,9,9,14,7,15,0,0,0,9,21,0,24,7,0,4,5,0
OG_02317,Peve_00017912,440,3156,754,550,1365,446,1321,495,372,127,1980,683,546,1217,1554,827,1618,1615,533,1020,81,144,2198,1468,210,2229,85,49,776,723,2151,559,921,1913,697,1212,190,1206
OG_16747,Peve_00018146,2672,5303,1737,1001,1903,1007,1696,971,2024,1612,2217,939,905,1030,2129,2574,2286,1849,2067,2736,1190,1454,1475,2505,1769,3518,555,1138,914,1597,1786,918,2044,1824,1228,2359,769,1130
OG_04789,Peve_00018677,2280,1387,473,425,1104,426,2086,368,237,417,1947,613,648,1233,1462,866,871,571,999,742,379,490,1186,2244,841,1713,567,1083,268,1095,1802,494,544,498,471,1110,291,493
OG_02012,Peve_00018749,705,244,119,152,198,146,893,59,220,69,1211,336,382,623,740,341,313,60,535,603,203,66,201,738,330,768,457,130,65,580,735,155,512,536,164,1209,236,307
OG_05010,Peve_00018796,63,133,17,0,37,15,34,19,0,12,26,7,4,6,20,13,26,34,19,102,7,0,0,56,6,59,0,17,0,19,26,12,6,15,0,10,11,15
OG_06955,Peve_00018829,583,447,259,229,443,221,341,176,216,306,496,233,236,230,317,318,438,184,361,465,232,211,228,371,415,499,331,238,140,359,505,152,300,162,316,196,205,192
OG_16789,Peve_00018993,95,171,303,153,335,205,364,147,155,398,434,155,362,286,220,518,347,205,97,239,107,57,123,167,157,204,91,165,133,137,197,138,417,84,389,154,33,104
OG_02176,Peve_00019201,131,93,37,117,56,24,223,35,48,96,97,14,188,167,102,338,95,89,28,39,8,31,107,57,0,160,17,19,17,54,123,98,147,52,262,118,3,107
OG_01155,Peve_00019319,2793,879,451,282,1381,493,1098,323,480,2843,1693,367,504,674,771,662,914,459,2594,809,972,2422,1314,1886,1983,2429,1212,1847,209,581,666,376,861,468,1309,1283,809,1486
OG_12109,Peve_00020199,51,77,65,73,194,73,81,50,95,60,138,28,77,102,74,158,72,61,58,98,14,9,55,60,9,94,0,7,52,58,106,66,123,60,73,46,30,17
OG_16856,Peve_00020287,82,38,121,151,192,66,0,0,112,14,95,128,166,78,234,119,167,101,115,162,19,0,244,199,40,722,25,0,0,11,245,157,242,115,14,0,4,0
OG_16862,Peve_00020388,31,4,13,9,13,0,52,19,10,22,21,0,0,11,27,25,26,8,17,0,25,29,7,73,90,48,25,86,10,20,13,32,0,20,60,57,7,80
OG_16879,Peve_00020542,0,7,0,11,3,0,3,0,4,0,2,0,0,0,0,0,0,6,0,0,0,0,0,0,4,0,0,0,10,6,4,8,0,6,0,0,0,2
OG_04723,Peve_00020593,202,388,204,90,399,143,259,133,105,503,489,155,202,216,139,334,190,136,124,131,98,58,158,245,239,305,147,114,56,68,131,86,162,33,328,106,154,149
OG_16883,Peve_00020608,160,197,116,186,249,71,189,84,118,1959,268,46,200,122,101,460,290,202,238,109,30,129,176,101,522,181,26,224,46,99,126,105,72,68,101,47,12,49
OG_10584,Peve_00020940,0,25,7,0,11,8,15,5,9,252,6,0,0,0,0,35,0,5,0,0,0,0,42,39,0,27,5,0,8,18,2,0,0,0,0,0,0,0
OG_12424,Peve_00021149,312,153,104,116,574,362,24,19,235,1702,351,215,219,317,175,327,71,117,93,103,307,259,206,125,631,131,362,487,209,198,349,283,359,113,179,108,82,62
OG_01568,Peve_00021263,57,26,21,34,59,28,49,4,21,110,43,13,35,10,0,15,4,2,44,11,7,7,37,38,38,60,6,7,0,0,9,31,15,7,69,131,5,47
OG_07641,Peve_00021291,1876,7496,3425,2176,4254,1616,4142,2220,4635,2087,3485,1817,3908,2814,2226,7226,7532,5122,1926,2545,1117,1009,2238,2547,2017,4007,881,833,1257,1250,2680,1239,6215,1195,2026,1895,1597,1036
OG_00176,Peve_00021321,12,3,12,3,13,7,24,9,0,0,12,18,0,15,4,26,10,2,36,7,0,2,21,20,16,30,0,0,3,4,14,4,0,0,3,26,5,6
OG_09424,Peve_00021335,1307,1293,728,367,1594,740,1060,668,503,1381,1428,280,553,577,898,1185,1304,988,753,977,361,474,291,496,998,795,617,1207,354,499,639,282,637,233,792,577,310,187
OG_09423,Peve_00021331,2883,808,301,314,565,231,1102,262,190,300,1313,291,454,736,1192,394,484,347,1605,600,153,692,1051,2357,1110,2025,341,797,76,590,1766,420,325,835,445,1997,205,767
OG_12888,Peve_00021613,1676,1824,1374,1183,2219,1103,2119,922,1197,1654,2842,938,1691,1767,2071,3141,1868,1790,1564,1988,981,1000,1573,2246,1419,3933,1328,936,1092,1264,2454,1438,1954,1382,3812,1757,976,1481
OG_01724,Peve_00021641,249,369,72,48,215,112,199,101,105,76,202,72,208,82,138,131,133,100,149,176,41,101,190,165,97,198,36,77,29,72,125,42,150,66,163,76,56,56
OG_11813,Peve_00021937,13,751,567,191,549,356,156,306,1063,22,421,382,443,282,104,512,856,431,217,436,157,3,38,65,3,143,28,2,144,97,268,137,532,63,642,176,453,60
OG_16980,Peve_00022747,49,113,41,86,100,20,206,79,17,33,0,0,0,0,0,0,0,0,75,78,17,4,96,170,88,187,9,9,20,30,173,111,61,21,0,0,0,0
OG_07508,Peve_00022956,55,112,52,22,203,97,36,28,46,130,42,50,15,48,25,137,101,70,60,50,45,21,109,63,11,66,11,14,14,17,73,19,71,22,51,31,23,10
OG_00632,Peve_00023234,23,0,0,0,0,0,11,0,0,0,0,0,0,0,0,11,0,0,0,11,10,0,0,0,0,0,0,5,0,6,0,0,0,0,5,0,0,0
OG_07042,Peve_00023301,129,230,84,60,243,57,206,98,77,76,213,61,68,119,208,178,170,146,95,105,74,77,106,110,207,216,65,129,58,117,67,48,83,58,65,90,73,98
OG_17014,Peve_00023311,8003,6440,3964,2533,8210,5260,4932,2592,4657,9184,7844,4539,4764,5771,5811,5904,5633,4546,3971,3436,3587,3306,5414,5640,6470,8404,3704,3608,2382,3688,5433,3036,4846,3092,4254,3837,3324,4412
OG_01317,Peve_00023411,274,1005,575,292,1374,557,1022,430,1104,231,1514,409,685,550,598,783,864,604,405,786,136,70,305,634,300,807,107,68,406,533,537,332,961,354,369,610,241,190
OG_01475,Peve_00023433,354,485,625,440,1572,1573,1252,1027,2135,647,2143,985,1362,960,3963,6089,2427,3114,448,738,374,151,729,746,268,834,342,130,541,498,1070,271,865,539,927,1200,728,690
OG_01579,Peve_00023430,155,93,80,45,256,88,234,83,88,223,286,109,154,169,218,387,217,229,146,81,76,90,183,69,123,146,68,31,46,42,45,33,59,23,232,101,85,121
OG_01489,Peve_00023607,477,1460,1974,1062,2821,1175,4319,1310,952,1069,3124,865,2291,1650,2903,4579,2882,1818,661,2662,624,488,630,643,668,1019,542,474,1205,1048,1194,779,2263,475,2394,939,515,876
OG_11653,Peve_00023612,132,67,80,88,127,49,116,38,42,24,74,35,51,98,131,180,99,59,6,13,12,0,44,45,81,95,28,17,7,32,45,28,51,14,11,10,5,4
OG_11615,Peve_00023694,0,19,19,16,0,7,68,14,0,6,14,0,0,9,33,124,15,8,9,32,8,5,31,15,0,4,0,0,0,0,12,10,13,4,50,25,3,7
OG_04238,Peve_00023800,8830,1311,1181,606,1613,895,2042,619,1065,51245,2134,785,1009,1227,1155,1358,1609,1001,879,1206,18169,8039,776,838,25383,1068,15034,29158,542,1229,1497,393,1533,460,1037,1016,9218,2364
OG_01486,Peve_00024180,31751,5545,1638,2989,4585,1851,12164,1239,5203,4754,14777,2778,4826,6271,10634,3142,3181,1409,21500,10424,3283,16084,3648,20275,14174,21979,6346,12928,1087,11296,9902,3007,5930,6284,5211,14231,3348,7496
OG_07265,Peve_00024296,18,533,123,105,0,0,0,0,0,11,108,0,0,17,0,0,0,0,0,36,0,0,0,0,0,18,0,0,51,793,0,8,0,0,0,234,0,19
OG_06119,Peve_00024333,337,191,363,326,376,245,386,228,358,150,354,278,349,351,531,553,325,282,647,351,179,143,303,429,298,846,154,180,301,319,604,641,389,449,1422,649,591,573
OG_12108,Peve_00024501,1327,3953,2131,3185,3972,1331,2649,847,1459,378,5085,890,3453,4201,2933,11146,2611,2592,647,1624,174,29,1836,1764,8,1228,158,15,1077,1062,2159,1699,2346,974,1473,738,397,334
OG_12320,Peve_00024570,0,0,0,0,0,2,0,3,0,2,0,0,0,0,50,0,0,0,0,0,1,0,3,0,0,0,0,0,0,0,0,0,0,0,2,0,0,0
OG_06954,Peve_00024738,170,64,29,32,34,16,38,33,34,79,172,7,16,59,46,70,71,20,41,84,11,50,62,72,79,61,103,71,19,27,65,44,19,48,51,25,46,29
OG_03780,Peve_00024794,113,5,189,63,31,8,83,14,39,274,19,3,12,3,28,20,28,26,41,47,41,0,29,6,108,40,1168,458,86,294,33,8,49,10,21,0,46,4
OG_06670,Peve_00025081,565,1618,451,277,1495,439,944,480,405,86,1458,617,470,585,2014,793,1771,558,568,1618,352,169,711,1069,247,1874,150,129,295,424,990,206,897,461,157,506,212,208
OG_17124,Peve_00025114,28,134,16,0,98,41,101,23,30,9,90,26,46,8,58,46,32,26,24,48,0,0,19,105,0,92,0,0,12,25,54,12,51,14,23,53,4,11
OG_12162,Peve_00025343,1256,1406,1358,1598,1232,502,749,260,326,249,864,525,600,757,0,0,0,0,43,313,40,28,1909,1987,680,2675,37,125,174,138,728,253,634,151,196,203,29,87
OG_04372,Peve_00025689,10,30,0,20,16,0,58,8,14,23,28,2,7,0,60,180,17,16,32,20,13,9,0,21,0,13,0,0,0,14,18,15,9,20,44,24,11,9
OG_17157,Peve_00025819,7,0,0,0,1,3,0,0,0,0,0,0,0,0,0,0,0,0,1,0,0,0,0,0,0,0,0,0,0,0,0,0,0,0,0,1,0,0
OG_17176,Peve_00026118,104,208,168,142,478,186,262,70,155,78,467,416,249,316,236,182,155,163,241,444,33,14,72,227,15,80,57,28,52,206,442,66,270,52,72,548,281,369
OG_10350,Peve_00026217,6,4,0,7,5,0,0,0,0,2,6,0,5,0,0,16,5,17,0,10,0,6,8,0,0,10,5,0,5,0,2,8,8,0,3,2,4,0
OG_02088,Peve_00026747,61626,90670,74693,34092,87509,48423,40467,42257,45599,49847,49682,35976,41762,36359,48686,49540,79109,48144,19323,26748,39312,3085,46697,23416,14301,35130,21023,11911,34615,31402,34352,14259,49151,16783,10797,18240,39191,20628
OG_17222,Peve_00026782,93,79,31,17,43,53,32,21,9,20,89,28,37,52,66,15,47,18,33,83,18,33,29,75,53,104,8,8,6,25,62,5,20,36,23,14,38,19
OG_06247,Peve_00027191,22,45,31,0,18,37,59,19,11,7,29,31,16,27,26,91,54,12,58,94,8,9,18,51,33,65,10,0,5,10,66,24,49,12,44,40,20,8
OG_02316,Peve_00027548,0,0,0,0,0,0,604,141,0,0,0,0,0,0,0,0,0,0,0,0,0,0,0,0,0,0,439,370,203,736,0,0,0,0,657,671,76,365
OG_13050,Peve_00027809,28095,20402,22814,9263,46689,17135,74517,21342,34757,22641,81877,18685,38208,45785,72426,48420,76131,47725,31491,42222,14300,20139,23248,52453,40368,69835,23653,30805,23332,64568,58726,17985,63242,37312,30027,53240,22619,35208
OG_11365,Peve_00028117,86,111,13,0,34,17,32,0,0,10,47,19,7,25,49,17,17,12,7,69,4,4,8,30,12,65,0,10,6,29,22,0,0,15,3,10,16,11
OG_13059,Peve_00028869,0,0,28,9,21,7,32,10,0,0,36,0,14,19,19,18,40,24,0,9,0,0,0,0,0,9,0,0,10,0,0,0,16,0,12,10,2,6
OG_00572,Peve_00029327,186,678,379,74,773,289,430,305,108,559,619,317,399,440,235,600,593,456,331,344,383,255,187,194,278,237,411,121,134,86,202,89,331,38,275,86,211,130
OG_06931,Peve_00029553,187,212,137,144,182,56,234,98,241,70,266,148,190,214,176,162,205,149,145,327,129,136,90,145,223,265,68,51,60,83,146,66,206,111,184,147,85,118
OG_12031,Peve_00029676,173,164,126,272,361,169,408,174,124,1025,275,133,277,287,376,1218,240,361,425,204,96,113,390,415,168,473,163,130,94,149,438,433,377,102,1106,214,144,145
OG_12166,Peve_00030203,1874,1518,1325,1951,226,95,207,66,37,95,415,151,369,237,44,76,18,23,65,88,50,11,255,188,136,203,0,0,0,0,90,57,112,15,1077,742,384,354
OG_02146,Peve_00031938,157,268,73,79,212,51,118,85,47,76,232,49,63,78,119,140,172,155,80,149,79,117,24,66,146,70,39,81,39,46,145,76,56,54,90,57,56,31
OG_08432,Peve_00031943,125,65,47,47,101,38,134,24,23,94,5,0,0,0,84,94,61,102,56,214,77,39,27,21,45,48,76,36,12,120,227,30,104,62,48,57,19,10
OG_12844,Peve_00031976,4,5,0,0,0,0,1,4,0,0,4,0,6,0,0,0,5,0,0,0,0,0,0,0,0,3,2,0,0,2,0,0,3,0,0,4,0,0
OG_17533,Peve_00032354,0,8,6,0,0,0,0,5,0,13,0,0,6,0,0,0,0,4,0,5,0,0,0,5,0,9,0,0,0,0,0,0,2,0,6,0,0,0
OG_12476,Peve_00032405,5,4,0,0,3,0,0,0,0,0,0,0,0,0,0,0,3,11,0,0,0,0,0,0,0,2,0,0,0,0,0,0,0,0,0,0,0,0
OG_06999,Peve_00033080,6,7,0,8,19,16,22,16,12,6,80,6,58,21,0,13,15,3,139,14,0,8,74,101,28,34,0,0,0,4,9,1,26,8,6,8,4,5
OG_06158,Peve_00033369,35,141,51,56,107,43,148,81,259,6,125,23,86,53,73,94,206,119,76,88,16,20,31,29,5,104,12,12,52,37,58,20,151,36,20,45,43,0
OG_00378,Peve_00034577,37,21,23,0,10,4,28,11,13,0,14,14,6,19,32,16,18,0,14,6,12,3,19,6,0,18,7,0,3,6,34,4,14,0,13,10,0,0
OG_10515,Peve_00035416,0,4,0,9,7,0,0,0,0,0,0,0,0,0,0,0,0,6,0,0,0,0,0,3,0,0,0,0,0,0,0,0,0,0,0,10,0,0
OG_12496,Peve_00036819,9,12,5,9,10,6,1,0,3,5,0,3,0,0,5,22,11,11,70,191,26,25,27,13,5,8,3,7,2,2,8,4,9,2,50,53,22,35
OG_17841,Peve_00037371,58,42,54,52,11,2,77,41,0,19,55,37,56,37,22,176,82,49,11,7,6,0,56,65,32,135,9,4,8,9,6,20,15,6,145,43,43,43
OG_13154,Peve_00040100,1,0,3,6,6,2,22,0,0,0,0,0,0,0,4,16,1,0,4,0,9,0,6,2,4,0,0,2,3,0,2,4,9,4,5,2,2,4
OG_06234,Peve_00000861,0,3,0,0,0,0,4,0,0,0,6,4,2,5,0,0,13,3,0,0,0,0,9,0,0,6,0,0,0,0,4,14,0,3,0,0,0,0
OG_15761,Peve_00001368,0,0,0,0,51,9,0,0,13,3,0,0,0,0,0,12,7,17,17,20,5,0,28,4,13,4,0,7,0,0,0,0,20,0,0,2,3,0
OG_13681,Peve_00001749,0,0,0,5,0,6,0,0,0,1,0,0,0,0,0,3,0,6,0,0,2,0,0,0,0,3,0,0,0,0,0,0,0,0,7,0,0,0
OG_13673,Peve_00001820,0,0,0,2,0,0,0,0,1,0,0,0,0,3,0,0,0,0,0,0,0,0,0,0,0,2,0,0,0,0,0,0,0,0,4,3,7,1
OG_05303,Peve_00002583,0,0,0,0,0,0,0,0,0,0,0,0,0,0,0,0,0,0,0,0,0,0,0,0,0,0,0,0,0,0,0,0,0,0,0,0,0,0
OG_11644,Peve_00003124,0,17,5,15,30,0,10,0,0,0,23,5,7,10,3,16,4,13,11,24,0,0,0,12,3,12,0,0,4,11,40,15,12,18,19,0,0,0
OG_15907,Peve_00003753,0,0,0,0,0,0,0,0,0,265,0,0,0,0,0,0,0,0,0,0,152,48,0,0,0,0,113,25,0,5,0,0,0,0,0,0,20,0
OG_15920,Peve_00003920,0,0,0,0,0,0,0,0,0,0,5,0,0,0,0,3,0,0,0,0,0,0,0,0,0,0,0,0,0,0,0,0,0,3,0,0,0,0
OG_12406,Peve_00003937,0,0,0,0,0,3,2,0,0,3,0,0,0,0,0,2,0,2,0,0,0,0,0,0,0,0,0,0,0,0,3,0,3,0,1,0,0,1
OG_16139,Peve_00007746,0,0,0,0,0,0,0,0,0,0,0,0,0,0,0,0,0,0,0,0,0,0,0,0,0,0,0,0,0,0,0,0,0,0,0,0,0,0
OG_12019,Peve_00009060,0,0,0,0,0,0,0,0,0,0,0,0,0,0,0,0,0,0,0,0,0,0,0,0,0,0,0,0,0,0,0,4,0,0,0,0,0,0
OG_11234,Peve_00009080,0,0,0,0,6,0,0,0,0,0,15,9,0,7,0,2,0,0,12,9,0,0,21,24,0,46,0,0,2,3,10,12,0,0,0,0,2,5
OG_16279,Peve_00010372,0,0,0,0,0,0,0,0,0,0,0,0,0,0,3,0,0,0,0,0,0,0,0,0,0,0,0,0,0,10,0,2,0,0,0,0,2,0
OG_11171,Peve_00011023,0,36,2,15,3,0,0,0,0,0,7,0,5,0,6,36,0,0,13,0,0,3,47,0,0,0,0,0,0,0,0,15,0,10,15,0,0,0
OG_13691,Peve_00011480,0,0,0,0,8,9,0,0,7,24,0,0,0,0,0,0,0,0,9,0,0,0,0,1,2,3,0,0,3,4,11,5,7,4,16,4,0,0
OG_10472,Peve_00012542,0,0,0,0,0,0,0,0,0,0,162,0,0,0,0,2,0,8,0,0,0,0,6,0,0,0,0,0,0,0,0,0,0,0,0,0,0,0
OG_10520,Peve_00015035,0,13,1,0,0,0,0,0,0,4,0,0,0,0,4,11,7,0,4,0,0,2,0,0,0,0,0,2,2,6,0,5,0,2,6,0,0,0
OG_13518,Peve_00016070,0,2,0,0,10,0,0,0,0,0,0,0,0,5,0,15,3,0,0,5,0,0,0,0,0,8,0,0,0,0,0,0,24,0,0,0,0,0
OG_02924,Peve_00016379,0,0,0,0,0,0,0,0,6,0,0,0,0,0,3,0,0,0,0,0,0,0,0,0,0,0,0,0,0,0,0,0,0,0,0,0,0,0
OG_05250,Peve_00017421,0,0,0,0,2,0,0,0,0,0,8,2,0,2,3,3,4,0,0,5,3,8,0,0,0,2,0,0,0,0,0,0,0,0,4,2,0,0
OG_13529,Peve_00017692,0,0,0,0,0,0,0,0,0,0,0,0,0,0,0,0,0,0,0,0,0,0,0,0,0,0,0,0,0,0,0,0,0,0,0,0,0,0
OG_16731,Peve_00017902,0,0,0,0,0,0,0,0,0,0,10,0,0,0,0,7,0,3,0,0,0,0,0,0,0,0,0,0,0,0,0,0,5,0,0,0,0,0
OG_04467,Peve_00018458,0,0,0,0,0,0,0,0,0,0,0,0,0,0,0,0,0,0,3,0,1,0,0,0,0,0,7,14,4,0,0,0,0,4,0,0,0,0
OG_11543,Peve_00018609,0,0,0,0,12,7,0,0,0,18,0,0,0,0,0,0,0,0,0,2,0,0,0,0,0,0,0,0,0,0,0,0,0,0,0,0,0,0
OG_13526,Peve_00019641,0,0,0,0,0,0,0,0,0,0,0,0,0,0,3,0,0,0,0,0,0,0,0,0,0,0,0,3,0,0,0,0,0,0,0,0,0,0
OG_01753,Peve_00019886,0,0,0,3,0,0,0,0,0,0,0,0,0,0,0,0,0,0,0,0,0,0,0,0,0,6,0,0,0,0,0,0,0,0,0,0,0,0
OG_16844,Peve_00020005,0,0,0,0,0,0,0,0,0,0,0,0,0,0,0,0,3,0,0,0,0,0,0,0,0,0,0,0,0,0,0,0,0,0,0,0,0,0
OG_10988,Peve_00021073,0,0,0,0,14,0,25,8,7,0,64,0,0,0,0,0,7,0,0,0,0,0,8,14,0,20,0,0,0,0,16,22,5,0,0,0,0,0
OG_11833,Peve_00021757,0,0,0,0,0,0,7,0,0,4,0,0,0,0,14,11,11,10,0,0,0,0,12,6,39,0,0,0,11,0,0,12,2,0,72,67,42,32
OG_17006,Peve_00023182,0,0,0,0,0,0,0,0,0,2,0,0,0,0,0,0,0,0,0,0,0,0,0,0,0,0,0,0,0,0,0,0,0,0,0,0,0,0
OG_17012,Peve_00023284,0,0,0,0,0,0,0,0,0,0,0,0,0,0,0,0,0,0,0,0,0,0,0,0,0,0,4,5,7,9,0,0,0,0,0,0,0,0
OG_17100,Peve_00024679,0,0,11,23,8,4,10,0,22,14,23,0,9,0,4,15,0,0,0,0,0,0,6,0,0,0,6,0,0,25,5,5,7,12,0,0,0,0
OG_11541,Peve_00025623,0,0,0,0,0,0,3,4,0,4,6,0,0,7,7,33,4,7,0,0,0,0,4,45,0,0,0,0,0,5,0,0,0,3,9,0,0,0
OG_06711,Peve_00026517,0,7,3,6,12,0,0,5,7,4,0,3,10,8,0,51,14,0,0,12,0,0,17,0,0,12,0,4,7,17,11,3,11,6,17,0,8,0
OG_13667,Peve_00026813,0,0,0,0,0,0,0,0,0,0,0,0,0,0,0,0,0,0,0,0,0,0,0,0,0,0,0,0,0,0,0,0,0,0,0,0,0,0
OG_11964,Peve_00028682,0,0,0,0,0,0,0,0,0,0,0,0,0,0,0,0,0,0,0,0,0,0,0,6,0,12,4,0,7,0,11,3,0,0,6,0,3,0
OG_17347,Peve_00028852,0,0,0,0,0,0,0,0,0,0,0,0,0,0,0,0,0,0,0,0,0,0,0,0,0,0,0,0,0,0,0,0,0,0,0,0,0,0
OG_10838,Peve_00029011,0,0,0,0,0,0,0,0,0,0,0,0,0,0,0,0,0,0,0,0,0,0,0,0,0,0,0,0,0,0,0,0,0,0,0,0,0,0
OG_12475,Peve_00031055,0,0,0,0,0,0,0,0,0,0,0,0,0,0,0,0,0,0,0,0,0,0,0,0,0,2,0,0,0,0,0,0,0,0,0,0,0,0
OG_10907,Peve_00033654,0,0,0,0,9,0,0,0,0,8,2,0,12,3,14,2,0,0,0,0,0,0,3,0,6,4,0,0,0,3,0,10,12,7,6,2,3,4
OG_13752,Peve_00037214,0,0,0,0,0,0,0,0,0,0,0,0,0,0,0,0,0,0,0,0,0,0,0,0,0,0,0,0,0,0,0,0,0,0,0,0,0,0
OG_03429,Peve_00037303,0,19,0,0,0,7,8,9,0,7,53,10,5,12,0,75,11,9,6,10,0,0,18,52,0,95,0,0,2,12,125,162,3,12,5,0,2,0
OG_17849,Peve_00037536,0,0,0,0,0,0,0,0,0,53,0,0,0,0,0,0,0,0,0,0,7,0,0,0,8,0,0,0,0,0,0,0,0,0,0,0,57,0
OG_11156,Peve_00037785,0,4,0,0,0,0,0,0,0,0,0,0,0,0,0,0,2,0,0,0,0,0,0,0,0,0,0,0,0,0,0,0,0,2,0,0,0,0
OG_13033,Peve_00037928,0,0,0,0,0,0,0,0,0,0,0,0,0,0,0,0,0,0,0,0,0,0,0,0,0,0,0,0,0,0,0,0,0,0,0,0,0,0
OG_07822,Peve_00037965,0,21,0,0,12,8,3,7,10,35,0,4,0,0,0,15,15,5,11,19,7,0,21,13,6,8,0,0,0,0,9,9,8,3,38,0,0,6
OG_13215,Peve_00038139,0,0,0,0,0,0,0,0,0,0,0,0,0,0,0,0,0,0,0,0,0,0,0,0,0,0,0,0,0,0,0,0,0,0,0,0,0,0
OG_08849,Peve_00038842,0,0,0,0,0,0,0,2,4,9,8,0,0,0,0,5,0,0,0,0,0,0,21,0,0,23,0,0,11,9,29,21,12,0,10,0,3,7
OG_09638,Peve_00039120,0,0,0,0,0,0,0,0,0,0,0,0,0,0,0,0,0,0,0,0,0,0,0,0,0,0,0,0,0,0,0,0,0,0,0,0,0,0
OG_12952,Peve_00039749,0,0,0,0,0,0,0,0,0,0,0,0,0,0,0,0,0,0,0,0,0,0,0,0,0,0,0,0,0,7,0,0,0,0,0,0,0,0
OG_13639,Peve_00041502,0,0,0,0,0,0,1,0,0,5,0,0,0,3,0,3,0,0,0,0,0,0,0,0,0,0,0,0,0,0,0,0,0,0,0,0,0,0
OG_13091,Peve_00041687,0,44,9,0,14,8,0,0,6,0,34,7,6,22,95,95,93,51,0,0,0,0,0,26,0,49,22,12,22,40,6,6,0,0,0,0,0,0
OG_13566,Peve_00041953,0,0,0,0,0,0,0,0,0,0,0,0,0,0,0,0,0,0,0,0,0,0,0,0,0,0,0,0,0,0,0,0,0,0,0,0,0,0
OG_13031,Peve_00044275,0,0,0,0,0,0,0,0,0,0,0,0,0,0,0,0,0,0,0,0,0,0,0,0,0,0,0,0,0,0,0,0,0,0,0,0,0,0
