group_id,gene_id,POC-201-TP1,POC-201-TP2,POC-201-TP3,POC-219-TP1,POC-219-TP2,POC-219-TP3,POC-219-TP4,POC-222-TP1,POC-222-TP2,POC-222-TP3,POC-222-TP4,POC-255-TP1,POC-255-TP2,POC-255-TP3,POC-255-TP4,POC-259-TP1,POC-259-TP2,POC-259-TP3,POC-259-TP4,POC-40-TP1,POC-40-TP2,POC-40-TP3,POC-40-TP4,POC-42-TP1,POC-42-TP2,POC-42-TP3,POC-42-TP4,POC-52-TP1,POC-52-TP2,POC-52-TP3,POC-52-TP4,POC-53-TP1,POC-53-TP2,POC-53-TP3,POC-53-TP4,POC-57-TP1,POC-57-TP2,POC-57-TP3,POC-57-TP4
OG_02619,Pocillopora_meandrina_HIv1___TS.g25680.t1b,69,15,0,56,12,0,11,52,13,10,10,101,61,12,68,41,25,18,39,48,14,73,12,14,32,59,0,0,32,14,54,54,11,41,4,13,34,56,63
OG_02666,Pocillopora_meandrina_HIv1___RNAseq.g21004.t1,5719,382,434,564,1024,107,2684,1938,5237,913,2442,2788,1510,1289,1287,322,259,1733,810,3764,5399,2270,4078,2446,4371,4487,3852,62,5413,855,946,1585,2142,1229,3440,3427,3899,1376,6985
OG_03673,Pocillopora_meandrina_HIv1___RNAseq.g21081.t1,1379,986,298,491,417,143,635,1657,1977,1098,816,2323,818,322,640,622,1003,654,808,3995,7472,1580,6398,1746,4525,4157,271,134,3566,710,1053,1257,2133,1233,1322,1616,561,1151,3769
OG_03671,Pocillopora_meandrina_HIv1___RNAseq.g21079.t1,12,827,286,35,161,19,0,4142,8882,14398,6419,633,65,40,37,296,40,5,55,57,1114,13,240,13,675,173,148,921,8694,14766,12824,199,608,199,145,46,31,73,19
OG_02537,Pocillopora_meandrina_HIv1___TS.g26115.t1,27,56,0,23,33,0,23,456,324,12,13,616,106,0,15,326,330,214,351,460,222,42,307,107,382,103,93,0,139,63,28,83,56,33,44,27,209,8,76
OG_17556,Pocillopora_meandrina_HIv1___RNAseq.g21507.t1,11,12,0,4,15,0,9,0,0,25,5,0,15,0,35,7,14,5,11,33,2,10,0,3,10,5,0,0,15,22,17,24,15,15,0,46,3,85,19
OG_16359,Pocillopora_meandrina_HIv1___RNAseq.g21658.t1,0,14,0,6,0,0,11,0,5,0,0,14,0,0,17,24,0,14,16,7,0,0,0,0,10,8,0,0,8,0,2,0,0,11,13,26,0,0,7
OG_03857,Pocillopora_meandrina_HIv1___RNAseq.g21710.t1,111,80,0,97,30,0,48,131,49,83,17,36,29,0,57,142,104,43,191,69,13,241,122,48,81,99,7,0,29,51,92,43,92,80,7,48,28,95,162
OG_03856,Pocillopora_meandrina_HIv1___RNAseq.g21711.t1,94,48,0,37,6,0,0,107,21,29,12,16,42,0,18,65,55,4,37,37,15,86,43,32,30,26,22,0,5,22,46,37,16,55,0,5,23,69,66
OG_14408,Pocillopora_meandrina_HIv1___TS.g26462.t2,13,36,0,66,34,0,26,49,44,65,81,22,11,8,14,63,38,57,40,63,21,58,10,19,8,14,0,0,33,57,56,35,6,29,0,37,57,16,31
OG_03850,Pocillopora_meandrina_HIv1___RNAseq.g21717.t1,99,20,4,28,29,11,14,56,35,55,12,25,23,0,21,60,22,2,41,54,27,69,42,67,53,117,24,0,15,18,19,53,34,40,0,61,46,57,57
OG_14407,Pocillopora_meandrina_HIv1___RNAseq.g21724.t1,2033,1612,838,2759,1379,399,1871,1516,1146,4339,1321,1152,2466,1476,3247,1664,1876,1825,2845,545,1090,1364,1211,583,1142,1022,1586,51,1425,1574,4391,1947,914,3029,1572,1138,640,2360,1842
OG_17058,Pocillopora_meandrina_HIv1___TS.g26480.t1,788,657,284,887,549,180,598,338,262,745,244,285,348,354,477,384,397,371,482,181,489,457,305,188,360,401,218,43,589,454,1421,467,289,854,270,417,220,803,491
OG_02690,Pocillopora_meandrina_HIv1___RNAseq.g21821.t1,1386,429,228,424,325,80,386,1136,553,517,678,254,544,168,580,743,1055,213,652,502,255,1229,472,793,484,651,89,125,1070,845,1782,687,301,564,133,540,398,738,822
OG_00314,Pocillopora_meandrina_HIv1___RNAseq.g22341.t1,1445,32465,13874,19344,15380,3874,6845,3066,17612,32266,13040,7113,14979,10531,28946,16739,31844,11721,19692,11894,25844,3401,11337,13666,16799,17640,8309,1142,15926,23458,18828,23878,31093,14449,33662,6589,14478,5057,4423
OG_03628,Pocillopora_meandrina_HIv1___RNAseq.g22389.t1,436,511,68,608,429,28,151,561,394,977,218,460,154,158,459,406,360,172,259,626,617,656,646,548,540,391,43,0,197,343,632,480,291,641,244,159,89,294,391
OG_14382,Pocillopora_meandrina_HIv1___TS.g27157.t1,954,453,175,799,411,32,351,687,319,452,415,125,436,57,383,1291,864,275,721,424,156,841,349,587,197,495,184,75,160,313,636,702,440,914,120,382,540,769,987
OG_14380,Pocillopora_meandrina_HIv1___RNAseq.g22401.t1,166,121,40,64,49,0,77,156,75,178,55,40,67,23,82,296,260,38,171,121,110,243,102,118,122,75,23,0,73,95,163,239,161,164,24,138,73,83,163
OG_14381,Pocillopora_meandrina_HIv1___RNAseq.g22397.t1,5496,253,172,373,129,52,79,799,546,443,222,186,179,47,244,992,619,82,310,206,272,583,362,143,297,266,97,14,408,632,1581,512,280,789,276,710,287,1118,238
OG_03626,Pocillopora_meandrina_HIv1___RNAseq.g22398.t1,2652,175,35,543,375,12,301,273,419,341,310,242,227,66,200,225,210,185,257,145,323,474,293,120,147,219,28,16,601,349,984,538,228,379,281,790,219,710,552
OG_16665,Pocillopora_meandrina_HIv1___RNAseq.g22571.t1,2614,2656,730,1517,1812,244,1198,1672,2120,3045,1831,710,1691,616,1546,2238,3350,2414,2640,2375,1444,1620,1069,1559,1314,1277,72,246,1711,2271,2340,2367,984,1565,306,1837,1400,2388,577
OG_03451,Pocillopora_meandrina_HIv1___RNAseq.g22618.t1,1852,1801,328,813,840,148,728,4166,2169,1886,777,3433,1637,312,1574,1244,1659,906,1634,1829,2137,1458,2036,2359,3100,2761,295,91,2037,1323,1792,1278,2267,1745,916,2011,1130,1566,2604
OG_14365,Pocillopora_meandrina_HIv1___TS.g27478.t1,0,19,0,3,0,0,0,0,7,3,7,7,0,0,2,0,0,0,0,17,9,8,0,0,0,0,0,0,0,0,0,10,0,0,0,0,0,0,10
OG_03484,Pocillopora_meandrina_HIv1___RNAseq.g22723.t1,19,48,4,12,22,0,11,89,50,25,8,45,5,0,56,49,19,10,38,65,29,67,42,16,32,37,0,0,55,26,11,15,40,22,32,5,26,39,29
OG_03429,Pocillopora_meandrina_HIv1___RNAseq.g22811.t1,1056,615,221,1538,284,105,1022,770,294,1081,600,99,517,183,642,579,1519,416,924,324,179,1611,558,611,272,424,242,37,203,377,828,471,266,1083,221,275,420,982,1236
OG_17157,Pocillopora_meandrina_HIv1___TS.g27929.t1,101,121,26,101,21,0,45,55,96,72,73,41,102,11,72,153,128,34,105,124,69,300,72,37,108,42,59,0,72,308,89,68,76,55,13,34,36,34,62
OG_16573,Pocillopora_meandrina_HIv1___RNAseq.g18558.t1,360,309,53,226,154,78,91,200,169,721,156,223,197,74,361,278,392,84,366,156,189,257,191,223,265,256,39,0,209,231,469,278,172,325,74,309,45,369,249
OG_17751,Pocillopora_meandrina_HIv1___TS.g27962.t1a,2218,3252,671,1666,2783,205,1071,770,1418,4333,2651,165,1401,412,2025,2018,1813,1314,1582,1709,1551,3842,639,1063,595,1064,104,33,822,1576,2387,3732,1850,5165,1116,2350,1012,4800,1841
OG_05498,Pocillopora_meandrina_HIv1___RNAseq.g18656.t1,554,1255,178,690,274,64,198,1175,402,1152,147,638,223,129,306,888,985,154,476,279,451,773,396,214,478,167,49,46,376,353,707,472,274,703,137,190,89,838,303
OG_05568,Pocillopora_meandrina_HIv1___RNAseq.g18778.t2,231,172,98,125,121,83,125,113,117,145,239,96,177,101,205,199,274,181,206,158,114,238,134,99,100,68,8,39,105,107,188,141,132,140,72,194,101,197,150
OG_16980,Pocillopora_meandrina_HIv1___RNAseq.g18825.t1,43,39,16,46,22,0,14,55,45,45,33,80,16,0,10,57,80,41,21,38,28,25,52,4,21,9,0,73,590,287,477,70,97,96,35,35,14,74,111
OG_14711,Pocillopora_meandrina_HIv1___RNAseq.g18918.t1,9,13,0,14,20,0,0,40,21,95,34,47,0,18,24,19,41,0,17,21,5,24,30,96,14,12,136,0,24,28,53,56,13,38,7,27,39,0,20
OG_14710,Pocillopora_meandrina_HIv1___RNAseq.g18919.t1b,165,403,62,217,128,21,106,342,178,356,104,349,363,223,418,230,285,151,307,77,65,263,138,180,165,139,166,0,95,144,331,232,83,320,62,205,122,374,107
OG_15682,Pocillopora_meandrina_HIv1___RNAseq.g19046.t1,114,109,16,94,50,23,75,109,89,89,55,121,328,64,149,75,116,190,257,92,149,114,107,141,166,86,180,0,126,49,51,169,168,230,51,158,221,99,142
OG_18118,Pocillopora_meandrina_HIv1___TS.g28432.t1,65,215,51,151,84,54,213,420,262,178,58,215,538,119,323,119,315,405,779,218,449,283,266,91,636,189,388,33,280,158,200,347,311,433,145,126,255,152,255
OG_01758,Pocillopora_meandrina_HIv1___RNAseq.g19049.t1a,106,243,48,137,87,8,136,398,199,151,73,357,697,75,456,98,266,245,619,228,463,220,317,111,489,175,534,0,293,61,184,439,370,422,100,132,226,164,282
OG_17640,Pocillopora_meandrina_HIv1___RNAseq.g19079.t1,44,40,13,9,7,0,9,20,10,50,14,18,27,9,26,22,23,16,12,17,23,41,0,8,0,18,0,0,3,10,38,63,29,31,8,27,0,42,25
OG_05514,Pocillopora_meandrina_HIv1___RNAseq.g19147.t1,1665,1680,610,1605,1059,383,806,1371,1359,2807,1019,1063,1757,698,2994,1885,2122,1313,3799,532,612,1222,408,891,1167,1148,130,64,530,745,1414,1557,1215,2376,854,1091,591,1790,977
OG_15920,Pocillopora_meandrina_HIv1___RNAseq.2731_t,9,12,2,27,16,3,28,7,11,3,4,8,8,1,9,22,29,19,12,21,8,21,7,19,18,9,7,10,10,21,32,3,2,4,2,62,107,42,7
OG_17222,Pocillopora_meandrina_HIv1___RNAseq.g19273.t1,0,10,0,11,0,0,0,0,0,0,0,0,3,0,2,12,8,3,11,30,2,17,3,0,0,0,0,0,0,0,0,0,0,7,7,0,0,0,0
OG_05308,Pocillopora_meandrina_HIv1___RNAseq.g19411.t1,637,766,120,488,301,92,196,666,392,840,232,420,379,271,551,667,621,359,563,288,202,412,305,453,506,345,42,37,309,464,678,411,342,900,220,521,304,738,370
OG_05303,Pocillopora_meandrina_HIv1___RNAseq.g19437.t1,16,6,0,5,5,0,0,0,0,22,0,0,0,0,4,0,34,0,5,7,0,25,7,9,0,4,4,0,10,9,0,10,14,12,0,29,0,13,0
OG_05304,Pocillopora_meandrina_HIv1___RNAseq.g19436.t1,574,304,172,153,81,0,357,249,234,188,242,105,345,96,247,382,968,155,276,290,160,605,188,273,189,240,11,25,249,174,427,388,180,329,65,389,110,363,272
OG_01414,Pocillopora_meandrina_HIv1___TS.g28923.t1a,2,0,0,0,0,0,0,18,9,18,0,14,0,0,13,15,23,0,5,17,0,30,13,15,16,5,0,0,0,0,0,7,22,9,0,14,0,10,8
OG_01452,Pocillopora_meandrina_HIv1___RNAseq.g19573.t1,2748,1554,246,1073,1038,85,454,2154,1124,2550,710,1460,1364,351,1620,1183,1849,573,2067,1808,1736,2204,1685,1461,1791,1079,17,86,1335,1442,2901,1949,1989,2142,577,2227,432,2889,1413
OG_14038,Pocillopora_meandrina_HIv1___RNAseq.g19574.t1,831,1075,162,616,447,79,290,786,506,1676,424,593,477,213,965,841,1223,411,1036,489,489,1030,349,381,645,312,31,20,462,716,1327,919,633,1272,298,564,220,1416,766
OG_14037,Pocillopora_meandrina_HIv1___RNAseq.g19575.t1,2220,859,229,962,1101,69,438,1039,669,1093,1035,520,1018,134,1609,963,1581,597,1958,814,831,2993,538,467,690,568,26,135,574,1116,1827,2190,2107,1527,265,1643,375,2500,847
OG_16627,Pocillopora_meandrina_HIv1___RNAseq.g19691.t1,46,105,13,9,10,0,0,131,22,160,0,59,47,10,21,141,159,5,36,29,10,37,2,0,0,0,0,0,0,0,0,0,0,0,0,0,0,0,0
OG_01781,Pocillopora_meandrina_HIv1___RNAseq.g19717.t1,4779,1991,290,1853,1327,201,735,1330,1271,3300,803,2222,1641,983,1778,891,1622,824,1444,1109,970,1992,998,606,959,1004,368,59,998,1285,4158,2603,1195,3446,793,1758,571,3094,1396
OG_15906,Pocillopora_meandrina_HIv1___RNAseq.g19724.t1,57,67,10,30,25,2,31,124,200,194,64,87,49,26,37,8,14,9,14,118,109,67,78,15,19,22,4,4,35,14,23,26,25,21,18,70,68,44,47
OG_05210,Pocillopora_meandrina_HIv1___RNAseq.g19748.t1,459,655,290,564,310,151,555,383,330,1475,659,181,273,664,715,255,520,824,973,343,521,771,502,495,558,494,657,67,355,395,754,537,628,729,697,420,276,582,576
OG_17106,Pocillopora_meandrina_HIv1___RNAseq.g19816.t3,171,138,0,414,410,26,168,0,0,0,0,575,502,187,381,518,471,266,425,692,672,895,664,356,381,578,80,72,1082,864,1893,0,34,49,27,0,0,19,94
OG_05366,Pocillopora_meandrina_HIv1___RNAseq.g19853.t1,2329,1300,383,1922,1197,120,1228,1364,1561,2060,890,2215,1175,685,1521,935,880,1045,1620,1417,1814,939,2312,1053,1994,1456,1119,30,1463,918,2440,1154,1123,1450,1395,1425,641,1708,3188
OG_05367,Pocillopora_meandrina_HIv1___RNAseq.g19854.t1,2573,2116,534,2687,1551,270,1638,903,1108,3896,1046,1305,1678,1394,1950,1723,1656,2090,2517,877,1368,1349,1126,683,1286,1115,975,51,1281,1157,3820,1549,640,3442,1646,1218,751,3097,2758
OG_01608,Pocillopora_meandrina_HIv1___RNAseq.g19955.t1,1607,1916,349,1501,969,132,411,4639,1439,2726,451,4333,1406,526,1498,2009,1931,559,1489,1719,1260,1226,1637,1532,1667,1647,169,85,1031,1244,1958,1605,1240,1870,555,1000,620,1956,1745
OG_01611,Pocillopora_meandrina_HIv1___RNAseq.3492_t,217,456,25,242,122,14,132,1794,418,682,142,1223,285,62,355,314,420,118,337,700,869,95,1198,1156,1298,919,55,0,736,207,330,177,644,265,618,430,146,201,836
OG_01748,Pocillopora_meandrina_HIv1___RNAseq.g20079.t1,61,24,7,71,27,0,6,63,56,68,48,26,40,0,52,75,74,15,89,83,27,124,62,70,33,34,42,0,41,49,102,60,26,81,0,19,51,61,80
OG_01747,Pocillopora_meandrina_HIv1___RNAseq.g20081.t1,1172,1494,282,612,864,163,874,554,905,1321,453,975,1206,428,1161,501,596,468,1278,737,703,958,707,215,716,655,450,0,979,980,1005,1232,1462,1575,797,920,688,1560,1329
OG_01753,Pocillopora_meandrina_HIv1___RNAseq.g20104.t1,10,4,0,9,0,0,0,5,0,6,0,0,0,0,13,16,13,0,25,5,0,3,0,0,0,0,0,0,0,0,7,0,0,0,0,0,0,0,0
OG_14094,Pocillopora_meandrina_HIv1___RNAseq.g20093.t1,382,645,108,119,57,23,56,197,94,330,104,119,199,269,965,97,159,83,116,70,45,135,76,59,56,37,50,54,541,478,706,128,62,151,124,153,107,196,196
OG_18275,Pocillopora_meandrina_HIv1___RNAseq.g20111.t1,194,365,107,384,164,102,351,698,325,261,147,592,1253,255,763,225,353,588,1082,255,618,382,331,140,1050,269,769,0,496,240,295,639,625,796,249,93,320,383,608
OG_01475,Pocillopora_meandrina_HIv1___RNAseq.g20251.t1,127,210,25,70,139,45,35,697,174,158,22,856,229,23,223,129,115,113,206,121,67,121,352,75,99,305,55,0,53,110,236,68,75,111,79,88,111,114,30
OG_01579,Pocillopora_meandrina_HIv1___RNAseq.g20254.t1,262,468,79,217,243,19,53,645,205,353,133,399,205,59,269,297,519,95,338,204,192,245,244,237,290,205,69,0,235,277,482,316,179,384,91,247,97,390,220
OG_15831,Pocillopora_meandrina_HIv1___RNAseq.g20404.t1,531,94,26,68,115,13,75,159,215,169,127,212,118,50,191,71,71,54,89,85,62,123,27,59,148,45,30,21,65,64,163,144,158,153,78,73,45,116,157
OG_01486,Pocillopora_meandrina_HIv1___RNAseq.g20422.t1,15083,980,991,7043,5038,333,11083,2086,6248,6025,9905,3082,5232,6287,8600,3024,1872,6984,9100,5805,15940,11413,9365,3669,6285,5813,4546,85,9714,4133,15041,10809,4403,15383,8370,6524,2145,14191,23418
OG_01489,Pocillopora_meandrina_HIv1___RNAseq.g20426.t1,2361,4619,629,4198,3015,131,701,6572,2235,6510,1338,4526,2406,1575,2953,4563,3819,1465,2639,1314,1330,2139,1525,1323,2438,1536,149,49,1246,2768,4378,4207,1486,5065,366,1605,975,4803,1018
OG_01630,Pocillopora_meandrina_HIv1___RNAseq.g20530.t1,5445,4146,630,2597,3638,201,1275,21493,6510,3687,1666,14329,4903,844,3747,3407,2763,1815,3493,10814,8886,4149,11770,10447,11432,8626,524,131,5930,3665,3636,4543,7313,3269,2670,5061,2537,4425,5155
OG_01724,Pocillopora_meandrina_HIv1___RNAseq.g20538.t1,166,217,32,122,83,20,67,840,227,430,38,1778,139,13,172,186,132,34,181,146,131,159,518,48,302,152,110,0,151,160,283,180,168,369,88,116,52,237,305
OG_01727,Pocillopora_meandrina_HIv1___TS.g29924.t1,15,17,14,18,11,0,0,6,26,16,17,0,29,22,0,31,19,17,14,0,0,12,11,19,38,17,7,0,13,17,15,39,0,27,0,0,0,15,12
OG_18057,Pocillopora_meandrina_HIv1___TS.g396.t1,270,126,85,162,272,30,132,1360,342,316,226,122,168,64,185,256,303,211,220,124,52,505,98,137,151,229,82,0,130,205,379,303,244,460,158,130,81,424,296
OG_15383,Pocillopora_meandrina_HIv1___RNAseq.g6672.t1,31,14,26,4,4,0,5,34,46,11,7,36,17,0,7,22,9,17,16,23,47,70,16,54,42,47,8,0,9,35,21,36,9,54,5,27,13,0,17
OG_01155,Pocillopora_meandrina_HIv1___RNAseq.g6698.t2,10963,1557,349,1731,901,452,4506,10181,17541,1758,3292,22551,3977,998,2035,1226,1337,2080,1514,15517,14264,2030,12943,6492,12437,14564,11834,984,9846,1117,2594,1167,4816,2150,10137,6869,10000,1948,19563
OG_10007,Pocillopora_meandrina_HIv1___RNAseq.g6708.t1,9054,8387,5970,6417,2442,932,8299,6280,5697,5173,4564,7255,3828,7123,6652,2485,4492,7532,4944,3096,4774,3152,4975,3955,5524,4930,5006,1147,7985,3471,6999,2877,3142,4837,7954,5226,5129,5858,12248
OG_10004,Pocillopora_meandrina_HIv1___TS.g489.t1,98,139,86,189,105,28,83,165,121,123,104,176,95,74,148,114,121,143,109,166,79,106,133,103,98,106,90,57,65,82,117,54,82,98,118,101,67,77,125
OG_10002,Pocillopora_meandrina_HIv1___RNAseq.g6748.t1,40707,6882,4170,13554,20034,4253,4492,5697,17086,17679,7771,14091,24672,7895,12227,10976,8601,9305,7994,15762,9632,12483,8503,3317,7795,10234,2165,2115,9572,14666,19430,24731,10041,23567,6470,15571,10468,21443,6315
OG_09986,Pocillopora_meandrina_HIv1___TS.g546.t1,586,493,32,260,241,20,90,365,164,435,108,154,221,47,273,328,397,94,299,65,92,270,77,156,91,130,70,0,142,204,619,629,173,856,42,161,57,676,167
OG_09969,Pocillopora_meandrina_HIv1___RNAseq.g6826.t2,369,434,271,323,216,28,182,219,244,319,152,275,193,278,452,211,281,167,310,105,143,254,128,66,108,167,154,28,218,188,566,260,142,398,216,292,118,433,384
OG_10183,Pocillopora_meandrina_HIv1___RNAseq.g6952.t1,315,195,43,142,106,34,127,69,152,220,147,232,139,151,179,115,98,94,127,52,71,314,100,129,80,185,50,6,158,131,311,309,225,471,186,210,155,328,219
OG_15550,Pocillopora_meandrina_HIv1___RNAseq.g6954.t1,177,229,12,183,121,16,20,130,64,369,15,217,116,19,97,246,249,33,176,51,38,93,51,17,53,45,29,0,57,162,289,143,43,280,13,42,8,173,26
OG_18285,Pocillopora_meandrina_HIv1___RNAseq.g6970.t1,2943,1520,614,2267,1092,84,1981,1512,1173,1710,1117,2045,1324,1898,2423,727,862,947,981,626,977,1900,1251,1124,1039,1712,1841,37,1040,849,2686,1080,1046,1976,1261,1304,827,2107,2359
OG_17347,Pocillopora_meandrina_HIv1___TS.g736.t1,8,0,0,15,4,0,0,10,5,17,8,0,0,8,4,0,10,0,6,3,0,13,2,0,0,0,0,0,0,0,4,6,0,8,0,5,4,19,0
OG_09942,Pocillopora_meandrina_HIv1___RNAseq.g7005.t1,448,675,398,1032,582,237,534,553,447,1078,421,511,507,696,849,759,615,559,811,256,241,436,347,549,499,451,396,299,314,565,635,731,354,693,407,490,365,819,728
OG_09896,Pocillopora_meandrina_HIv1___RNAseq.g7016.t1,1040,1916,177,1179,655,65,1141,876,1080,2212,663,618,992,605,1488,670,1506,750,1360,521,1037,1075,669,387,799,554,347,27,1059,1156,1823,718,1165,1654,1068,727,329,1125,4434
OG_09897,Pocillopora_meandrina_HIv1___TS.g753.t1,18,46,0,15,21,0,14,34,25,15,5,31,98,28,77,43,53,13,96,30,14,15,35,16,53,22,8,0,36,6,13,41,53,34,6,3,30,17,16
OG_09174,Pocillopora_meandrina_HIv1___RNAseq.g7297.t1b,890,782,165,582,435,14,423,1342,1199,1117,770,1397,645,273,747,724,647,416,649,1343,1497,1072,1516,1709,1682,1793,366,23,776,451,589,678,1087,811,470,1313,777,899,1343
OG_15551,Pocillopora_meandrina_HIv1___RNAseq.g7414.t1,0,0,0,4,0,0,133,0,0,0,0,0,23,24,10,0,4,10,11,10,0,0,0,0,0,0,39,0,0,0,2,0,2,5,141,5,2,0,758
OG_10205,Pocillopora_meandrina_HIv1___RNAseq.g7413.t1,105,995,862,293,579,91,28,102,1925,830,95,1247,423,206,82,868,113,186,273,209,2667,91,756,67,1349,390,308,13,3141,4765,246,554,1143,792,617,244,256,159,41
OG_10332,Pocillopora_meandrina_HIv1___RNAseq.g7367.t1,25627,4992,2652,9018,11829,2674,2599,4718,11470,15023,5280,8680,14238,5717,7890,8323,6506,6654,6161,10043,6729,9789,5621,1831,4881,5801,1927,1004,7088,11126,14036,16642,6081,16589,4099,10816,4240,14909,3131
OG_15140,Pocillopora_meandrina_HIv1___RNAseq.g7495.t1,493,373,253,130,94,253,279,102,534,622,260,192,642,410,467,444,413,537,342,191,417,741,131,78,248,142,42,58,437,414,523,1150,419,1100,45,312,430,1129,174
OG_14180,Pocillopora_meandrina_HIv1___TS.g1292.t2,1605,2069,806,3995,2406,359,1641,2920,2751,5122,2496,4180,3270,1212,4858,1937,2980,2208,3889,1720,2716,3935,3938,2123,2212,5080,840,144,1653,2156,4194,2550,2519,1755,1713,3617,2386,4806,2333
OG_15374,Pocillopora_meandrina_HIv1___RNAseq.g7549.t1,67,138,155,17,17,0,9,59,23,34,33,30,42,0,19,49,84,58,211,24,32,52,112,58,142,55,182,0,33,6,21,94,50,72,20,38,40,54,30
OG_01312,Pocillopora_meandrina_HIv1___RNAseq.g7581.t1,1752,988,15,496,439,23,198,1237,861,1114,209,880,657,110,595,544,818,105,433,516,661,573,566,207,517,359,54,15,701,477,1251,1306,479,1233,162,955,226,1084,357
OG_18078,Pocillopora_meandrina_HIv1___RNAseq.g7624.t1,35,53,2,33,37,14,16,27,6,115,4,14,17,19,11,37,97,42,32,6,4,34,4,0,11,7,5,0,3,25,88,18,29,118,0,13,0,87,10
OG_14994,Pocillopora_meandrina_HIv1___RNAseq.g7669.t1a,14,35,2,3,8,0,0,40,31,70,45,5,26,24,19,13,21,0,0,9,5,9,7,0,0,0,0,7,26,73,85,15,13,8,4,14,0,17,12
OG_03780,Pocillopora_meandrina_HIv1___RNAseq.g7729.t1,12088,832,29,4443,1065,36,1516,2463,353,5354,2168,167,1870,998,4161,378,1224,397,1008,130,175,1262,414,647,10,351,38,78,278,362,8217,2579,96,1896,322,1580,95,2291,2092
OG_09310,Pocillopora_meandrina_HIv1___RNAseq.g7741.t1b,1208,720,249,493,396,38,294,797,960,890,686,1928,688,718,1007,513,509,787,498,2020,2145,913,1634,1418,2035,1181,448,16,1701,390,591,637,533,1211,1166,1160,688,1135,2936
OG_10109,Pocillopora_meandrina_HIv1___RNAseq.g7915.t1,285,297,61,288,244,25,234,1253,309,362,121,815,161,45,177,368,262,174,291,278,167,116,216,159,453,185,55,74,196,182,245,197,156,237,172,240,130,221,242
OG_10121,Pocillopora_meandrina_HIv1___RNAseq.g7964.t1,511,700,135,713,402,22,194,3349,1038,1005,358,2993,443,184,791,594,529,314,685,1227,1484,353,3530,1954,2915,1994,199,13,1172,417,777,533,789,569,644,517,237,761,1036
OG_15544,Pocillopora_meandrina_HIv1___RNAseq.g8011.t1,800,1121,428,1285,1091,177,563,152,673,2734,899,313,814,277,2164,1293,1451,548,2077,321,1051,945,621,533,604,702,183,207,815,1619,2661,1453,955,806,842,686,418,1396,532
OG_09657,Pocillopora_meandrina_HIv1___RNAseq.g15123.t1,1708,1913,443,2128,1169,301,625,2162,809,4344,809,1487,927,433,1695,1754,2292,1088,2235,891,1015,1677,1021,1193,1364,763,50,53,959,1174,3026,1698,1017,1993,643,1273,427,2675,1301
OG_17150,Pocillopora_meandrina_HIv1___RNAseq.g15308.t1,0,0,0,0,0,0,0,2,6,14,12,0,0,0,0,2,2,15,6,0,0,36,28,27,0,0,37,0,0,0,3,16,9,16,0,11,19,4,0
OG_17014,Pocillopora_meandrina_HIv1___RNAseq.g15484.t1,4581,6719,4928,8267,6039,3339,5864,7181,6822,9421,4675,6819,6755,6695,6610,6941,6508,9752,8638,3866,5030,4743,5329,4415,6801,6644,9829,1345,6623,9101,6084,5027,4769,6185,8004,4775,4379,5960,6989
OG_06247,Pocillopora_meandrina_HIv1___RNAseq.g15521.t1,148,110,0,83,44,0,36,178,108,148,88,85,64,30,113,200,216,54,228,215,68,207,131,67,101,106,59,0,59,122,109,104,99,141,5,116,101,164,127
OG_06198,Pocillopora_meandrina_HIv1___RNAseq.g15556.t1,2494,3470,1359,4309,3621,1094,1490,1126,1826,7266,2049,302,1943,1221,3286,3306,3535,3505,4708,2226,1925,2435,610,1306,1068,1038,127,406,1616,4063,3597,2805,2591,2835,1085,3122,1208,5224,879
OG_09487,Pocillopora_meandrina_HIv1___RNAseq.g15591.t1,5774,1770,1580,1655,1982,395,660,3158,2230,3456,861,3432,2434,1327,1536,1795,1665,655,2074,1510,1601,2192,1404,733,1584,1469,281,512,1752,1995,5498,3246,2249,3241,652,3538,630,2870,1647
OG_09486,Pocillopora_meandrina_HIv1___RNAseq.g15592.t1,4311,949,216,1106,1083,101,456,2099,1580,2520,556,2522,1386,290,1188,1084,1210,439,1291,1051,1422,1665,915,429,1128,955,59,95,1278,1586,4363,2592,1556,2848,564,2389,294,2444,1212
OG_09455,Pocillopora_meandrina_HIv1___RNAseq.g15689.t1,4749,4733,589,2448,2344,441,1630,5822,4244,5392,1923,5532,4004,627,4024,2862,4814,1327,3900,4434,5492,3971,5139,3504,5061,5386,278,386,3440,2940,5986,4911,6147,4358,1719,4949,1238,5370,4377
OG_15459,Pocillopora_meandrina_HIv1___TS.g10820.t1,2398,633,246,714,572,177,935,736,1086,1080,1159,69,991,193,1099,1099,1476,473,932,1745,376,5329,689,2148,531,1033,64,139,314,762,1551,1295,656,1501,186,1746,1261,1885,1273
OG_09638,Pocillopora_meandrina_HIv1___RNAseq.g15818.t1,0,0,0,0,0,4,0,0,0,0,0,0,0,0,0,0,0,0,3,11,0,4,13,4,0,0,7,0,0,0,0,12,0,0,0,8,10,0,0
OG_15462,Pocillopora_meandrina_HIv1___RNAseq.g15815.t1,84,58,13,97,47,9,31,176,20,130,69,22,23,47,65,79,98,54,80,14,6,56,5,13,23,9,14,0,21,40,94,67,41,74,5,54,16,127,27
OG_09596,Pocillopora_meandrina_HIv1___RNAseq.g15788.t1,106963,21050,11872,63026,51171,11055,44090,45028,50426,53487,66237,11238,41760,22412,81750,34408,23286,50245,73328,77116,60929,87917,41294,64083,47016,40244,2774,10590,33621,42165,59971,67939,67662,50944,49183,81731,30091,106421,89698
OG_09597,Pocillopora_meandrina_HIv1___RNAseq.g15789.t1,15956,2251,817,3019,4818,706,3042,9898,6328,4142,5598,3322,5969,726,5750,2909,2838,3831,5041,9718,7198,9942,5020,8342,5931,4385,42,1103,3223,5278,5660,9315,9353,3156,2669,15748,2879,8674,7071
OG_09598,Pocillopora_meandrina_HIv1___RNAseq.g15790.t1,21187,4587,2307,6094,7536,2313,5902,6872,6089,7471,8303,935,5299,1508,11591,6549,5433,6551,13507,5788,6080,13946,2847,11163,12264,6121,350,4184,5241,7469,8889,6337,9611,5742,3792,13299,4957,14528,8811
OG_09511,Pocillopora_meandrina_HIv1___RNAseq.g15976.t1,979,693,107,415,420,64,187,1133,492,1096,279,711,516,89,605,556,729,374,668,538,409,821,464,570,485,427,43,69,244,520,1067,662,496,854,184,736,175,1087,462
OG_14685,Pocillopora_meandrina_HIv1___RNAseq.g16038.t1,286,309,126,419,268,76,308,256,147,433,239,195,404,676,828,248,413,565,590,342,268,474,354,140,141,221,136,86,269,407,467,277,207,328,261,408,184,540,284
OG_14889,Pocillopora_meandrina_HIv1___RNAseq.g16088.t1,3,13,0,0,17,0,0,2,15,0,0,2,0,0,0,7,0,0,5,0,0,0,0,12,21,0,0,0,7,0,0,13,0,0,4,0,22,0,0
OG_09424,Pocillopora_meandrina_HIv1___RNAseq.g16095.t1,943,984,116,534,323,57,249,1893,554,1845,387,848,428,222,741,642,1181,296,890,769,760,1030,1016,1091,1177,718,129,37,641,704,1303,684,658,1197,304,788,273,1280,999
OG_09423,Pocillopora_meandrina_HIv1___RNAseq.g16096.t1,1396,1099,372,1210,970,258,1014,1325,1334,1242,1091,1032,1103,669,1401,627,1237,1146,1180,1212,1572,964,1301,1330,2250,1265,731,175,2315,1024,1123,693,1192,876,1565,1430,708,936,1666
OG_06279,Pocillopora_meandrina_HIv1___RNAseq.g16195.t1,9426,1598,732,1754,4155,448,3658,1119,4607,1900,9394,1142,6508,1775,8144,924,1375,3774,3957,3187,6113,8291,2228,4812,4992,4082,283,272,6555,4746,6091,12061,10907,4571,2364,17225,5294,25633,9868
OG_18058,Pocillopora_meandrina_HIv1___TS.g11409.t1,561,403,67,256,266,12,299,10,0,0,0,589,337,41,330,408,729,206,397,1189,919,378,369,435,198,224,72,30,469,310,351,330,267,244,124,364,173,255,365
OG_06234,Pocillopora_meandrina_HIv1___RNAseq.g16542.t1,575,400,135,943,275,260,279,170,237,761,389,145,295,187,467,643,1662,503,753,229,173,2221,205,344,196,119,87,35,176,324,729,410,227,715,85,275,198,905,456
OG_06236,Pocillopora_meandrina_HIv1___TS.g11527.t1,221,474,34,176,90,0,10,123,32,217,140,53,203,85,176,173,212,159,196,46,38,149,68,95,82,48,0,0,59,67,175,147,37,158,17,146,70,395,18
OG_15759,Pocillopora_meandrina_HIv1___RNAseq.7251_t,26592,36941,16211,31400,40088,12508,12880,4846,15548,46340,14374,5680,20521,16277,25062,29817,26190,35229,40604,25055,28994,19024,11789,17896,20419,13444,2401,5927,21840,38941,24436,23647,30412,19182,13968,22163,13163,32801,9271
OG_15070,Pocillopora_meandrina_HIv1___RNAseq.g24098.t1,16,16,9,13,9,4,10,54,125,328,232,17,9,38,57,10,16,45,30,73,58,87,89,30,22,32,63,0,3,47,13,24,32,74,112,174,32,87,77
OG_06181,Pocillopora_meandrina_HIv1___TS.g11574.t1,5053,4295,3503,3344,3620,1819,1852,5081,6775,10975,2298,7082,4087,956,4077,4281,5382,2726,5609,4427,7517,5675,5892,2647,5599,4727,365,868,5651,7710,7795,6846,6755,5909,2802,5107,1577,5985,3126
OG_17483,Pocillopora_meandrina_HIv1___RNAseq.g16566.t1,1240,1809,399,1992,1494,229,1150,1082,587,2222,883,528,1585,836,2160,1835,2729,1433,2358,428,272,747,306,443,429,504,166,62,1036,1434,2292,1276,647,1684,415,1097,370,2103,1478
OG_07183,Pocillopora_meandrina_HIv1___RNAseq.g24113.t1,1627,897,139,1185,1072,118,534,939,657,2230,1195,270,1140,615,2025,1485,1545,875,1450,729,374,1551,472,724,212,478,70,0,366,1120,1707,1159,600,1157,180,1625,510,2409,878
OG_07150,Pocillopora_meandrina_HIv1___TS.g12263.t1,440,155,103,116,91,76,175,857,728,220,147,1760,444,303,287,88,100,347,155,420,602,223,816,150,694,729,819,0,749,298,242,290,362,304,614,136,247,151,593
OG_14804,Pocillopora_meandrina_HIv1___RNAseq.g24442.t1,17,23,4,33,26,0,21,71,44,9,12,152,20,0,6,32,31,24,21,103,86,33,77,0,0,0,0,0,21,4,7,0,8,0,8,27,84,30,9
OG_15086,Pocillopora_meandrina_HIv1___RNAseq.g24466.t1,100,113,15,135,104,3,65,278,204,295,70,230,106,113,329,240,170,80,259,290,141,290,154,60,152,114,94,0,192,184,111,129,116,202,42,163,209,147,122
OG_07252,Pocillopora_meandrina_HIv1___TS.g12407.t1,101,167,9,114,67,0,29,236,237,187,45,195,47,101,268,142,139,146,201,307,138,272,111,55,168,105,66,0,166,204,152,104,90,145,26,75,125,120,92
OG_16586,Pocillopora_meandrina_HIv1___RNAseq.g24469.t1,50,60,0,14,8,0,4,107,80,84,21,32,10,0,76,33,58,14,43,106,90,152,40,18,65,40,2,0,64,70,55,49,94,81,0,45,16,29,14
OG_16585,Pocillopora_meandrina_HIv1___RNAseq.g24468.t1,42,58,0,34,10,0,28,129,179,87,39,68,44,0,66,46,22,26,39,119,66,93,57,30,30,24,5,5,37,42,48,30,39,60,2,12,42,59,39
OG_15087,Pocillopora_meandrina_HIv1___RNAseq.g24463.t1,0,10,0,0,7,0,0,16,0,21,12,13,4,3,15,5,7,0,15,10,11,7,9,0,14,2,0,0,5,4,0,11,5,0,0,13,12,0,0
OG_17124,Pocillopora_meandrina_HIv1___RNAseq.g24462.t1,320,362,187,561,378,32,190,148,144,341,160,82,478,370,554,405,319,435,388,92,207,327,94,113,227,184,95,47,437,411,651,199,79,168,73,231,154,425,27
OG_16944,Pocillopora_meandrina_HIv1___RNAseq.g24673.t1,26,52,2,45,21,7,49,28,75,14,13,458,198,23,114,134,300,48,103,116,133,182,95,209,287,266,0,0,64,11,27,50,88,110,13,0,5,0,30
OG_17045,Pocillopora_meandrina_HIv1___RNAseq.g24668.t1,103,200,50,368,299,38,50,35,29,350,60,7,131,61,261,466,773,96,214,187,154,502,153,22,44,18,27,0,21,25,22,339,180,433,80,102,62,227,117
OG_14942,Pocillopora_meandrina_HIv1___TS.g12627.t1,39,385,33,284,265,45,70,454,37,167,16,239,89,8,63,156,188,0,66,220,51,135,128,27,59,70,7,0,86,163,155,298,269,376,65,153,42,368,52
OG_07153,Pocillopora_meandrina_HIv1___RNAseq.g24734.t1,145,98,17,93,47,20,24,365,218,116,65,223,92,14,151,142,166,43,92,383,107,253,106,37,184,44,36,0,127,201,106,136,201,153,34,137,152,72,45
OG_15060,Pocillopora_meandrina_HIv1___RNAseq.g24736.t1a,23,10,0,22,0,0,0,41,40,48,0,20,0,0,20,20,9,8,10,16,9,19,0,5,8,16,0,0,0,51,33,17,20,27,9,22,20,0,0
OG_07042,Pocillopora_meandrina_HIv1___TS.g12785.t1,462,596,124,402,322,138,175,452,369,889,311,150,280,176,420,566,673,316,792,408,300,464,244,390,453,303,55,154,355,519,740,514,471,716,177,555,204,551,265
OG_14189,Pocillopora_meandrina_HIv1___RNAseq.g25127.t1,0,0,0,0,0,0,0,6,13,5,3,0,0,0,4,0,2,2,4,7,0,16,8,9,0,2,9,0,2,0,6,7,1,2,1,5,8,4,0
OG_07265,Pocillopora_meandrina_HIv1___RNAseq.g25129.t1,0,0,0,30,4,0,0,6,20,22,0,0,3,0,4,10,13,0,27,0,1,3,0,0,0,0,4,0,0,0,0,9,10,69,0,0,0,0,3
OG_02439,Pocillopora_meandrina_HIv1___RNAseq.g25133.t1,1145,3413,462,2394,2603,63,779,446,769,1443,456,720,2718,501,3296,432,155,1279,1560,450,715,108,434,146,142,346,132,0,1640,1333,6817,1264,9087,1042,520,760,464,1720,562
OG_03330,Pocillopora_meandrina_HIv1___TS.g15837.t1,1134,1101,217,1124,777,81,256,3376,1544,1624,1174,1570,849,196,1136,805,1193,687,1367,826,1168,1162,1704,526,930,515,327,22,624,864,1326,1009,788,1025,451,962,335,1189,414
OG_03270,Pocillopora_meandrina_HIv1___RNAseq.g23012.t1,1105,586,285,1289,376,90,779,656,759,2651,969,419,184,1123,1145,475,537,733,796,274,755,658,671,204,320,347,333,0,337,417,547,675,263,510,727,290,147,235,538
OG_03269,Pocillopora_meandrina_HIv1___TS.g15900.t1,363,1162,483,1410,213,58,1249,1686,821,606,106,1230,2690,234,1508,793,1224,2003,7053,1027,1962,1533,1356,364,3017,1323,2898,0,3363,791,1168,4145,2643,3557,1080,531,1592,882,2217
OG_03268,Pocillopora_meandrina_HIv1___RNAseq.g23023.t1,21,38,25,29,0,31,99,42,14,25,15,34,36,16,8,13,44,47,45,25,69,60,26,8,30,14,62,21,44,60,24,65,72,70,24,12,16,30,127
OG_03267,Pocillopora_meandrina_HIv1___TS.g15910.t1,99,112,45,225,168,28,75,193,153,359,73,139,146,86,164,148,150,85,228,26,41,61,71,39,69,39,31,19,107,203,470,200,97,252,75,62,43,128,61
OG_16485,Pocillopora_meandrina_HIv1___RNAseq.g23026.t1,12,72,3,53,11,0,15,56,44,28,0,98,106,0,81,12,30,4,137,52,121,22,95,9,39,0,15,0,82,14,19,39,47,16,5,9,48,11,18
OG_16139,Pocillopora_meandrina_HIv1___TS.g15931.t1,5,0,0,0,0,4,0,4,6,0,0,0,0,0,0,0,0,7,0,6,3,7,0,0,0,0,5,0,6,5,0,0,19,0,0,5,0,0,0
OG_05717,Pocillopora_meandrina_HIv1___RNAseq.g23132.t1,0,0,0,0,5,0,0,0,3,0,23,0,0,0,0,0,0,0,9,0,0,6,0,0,9,0,0,0,2,4,6,7,0,6,0,0,0,3,0
OG_17591,Pocillopora_meandrina_HIv1___RNAseq.g23133.t1,0,0,0,0,0,0,0,0,0,8,0,0,0,0,11,0,0,0,0,3,0,0,0,0,0,0,0,0,0,0,0,8,0,0,0,0,0,0,0
OG_05718,Pocillopora_meandrina_HIv1___RNAseq.g23128.t1,2514,1206,144,428,660,24,638,1777,3531,1274,1218,2252,1550,127,1000,497,844,574,985,3325,4521,1479,3967,3124,5519,4166,196,43,2890,783,888,2673,4698,1876,1595,2325,953,1273,4523
OG_05713,Pocillopora_meandrina_HIv1___RNAseq.g23146.t1,559,361,134,474,276,42,323,539,370,707,449,606,482,226,730,383,432,353,680,296,415,630,292,202,288,249,139,25,454,456,824,547,348,766,305,577,366,987,581
OG_14276,Pocillopora_meandrina_HIv1___RNAseq.g23354.t1,1628,853,154,656,1534,237,560,1381,1368,1263,641,852,1894,276,1537,726,779,382,1224,945,919,1620,841,965,752,898,82,207,838,1524,1728,1670,2216,1047,362,1086,348,1641,908
OG_17286,Pocillopora_meandrina_HIv1___TS.g16293.t1,10,14,0,0,9,0,0,0,13,8,0,0,0,0,0,0,0,22,7,0,0,9,25,12,0,0,8,0,0,0,0,10,6,4,0,13,20,0,0
OG_10267,Pocillopora_meandrina_HIv1___RNAseq.g23527.t1,14015,6390,4919,17209,10730,5608,22071,10527,12415,16621,17209,12775,12040,14077,24060,6841,8037,15030,13560,6048,9210,11582,9141,8101,9483,14203,9542,2096,14935,11965,20144,9696,8916,10964,17315,7513,4346,12959,24772
OG_17646,Pocillopora_meandrina_HIv1___RNAseq.g23591.t1,3513,2227,2026,4155,3370,1527,2690,758,1436,7287,2924,440,2679,3137,5753,552,831,558,1008,686,982,1644,569,1194,740,1202,522,718,1265,3018,3302,2645,2558,2954,2540,2367,1149,4048,1690
OG_17666,Pocillopora_meandrina_HIv1___RNAseq.g23619.t1,2163,1204,727,1636,857,232,1887,5508,4010,570,802,10558,961,544,1033,727,593,2053,1247,4658,6543,494,10043,4570,8415,7683,6153,53,8051,762,947,961,4414,656,6619,1810,2489,307,15203
OG_14279,Pocillopora_meandrina_HIv1___TS.g16540.t1,17,29,0,6,22,0,12,35,28,82,20,48,0,0,22,74,17,17,55,40,57,94,98,93,50,60,119,0,23,36,35,61,39,22,15,52,81,12,13
OG_17027,Pocillopora_meandrina_HIv1___RNAseq.g23669.t1,4,5,7,28,25,11,2,4,17,24,9,18,0,2,0,17,21,32,31,75,0,46,90,31,0,16,110,0,17,19,7,69,26,18,10,30,32,6,0
OG_10265,Pocillopora_meandrina_HIv1___RNAseq.g23802.t1,1388,1954,224,1620,1304,76,471,1982,666,2640,631,1600,1144,539,1542,2346,2391,824,1678,590,459,1341,704,718,755,571,107,44,606,1615,2366,1831,685,2144,314,1029,567,2237,781
OG_16592,Pocillopora_meandrina_HIv1___RNAseq.g23895.t1,61937,18484,19279,45274,26473,16052,69452,144376,87122,39418,73622,182419,52689,28188,66868,19178,20683,42811,39006,106514,169885,44459,214868,96307,124082,129493,103034,13481,118053,52087,51523,55731,92630,42377,178504,94939,53988,49824,122616
OG_02967,Pocillopora_meandrina_HIv1___RNAseq.g23920.t1,2923,2447,2116,8173,7580,1532,1892,2591,1893,13895,3170,3012,12052,6671,8397,1890,2341,5591,1336,3972,2505,4097,2204,956,1031,1766,1605,479,1511,3415,4662,4188,4037,7337,5053,4290,1437,6278,1661
OG_14262,Pocillopora_meandrina_HIv1___RNAseq.g23923.t1,159,333,174,1167,943,174,204,842,736,3575,136,952,2533,709,1723,867,983,539,752,895,800,370,940,416,840,1533,503,99,689,709,1273,589,1006,965,1186,748,254,606,231
OG_02924,Pocillopora_meandrina_HIv1___RNAseq.g24033.t1,0,0,0,0,0,0,0,0,0,0,0,0,0,0,0,0,0,0,13,0,0,24,12,0,0,11,23,0,0,0,2,7,0,5,0,24,0,0,0
OG_14257,Pocillopora_meandrina_HIv1___RNAseq.g24031.t1,195,267,91,242,132,63,125,257,668,508,148,1091,377,59,167,179,73,152,240,374,1261,105,879,203,897,395,337,9,1116,361,212,235,615,160,844,245,160,103,144
OG_02935,Pocillopora_meandrina_HIv1___RNAseq.g24061.t1,800,57,12,91,214,40,287,398,475,63,203,232,148,9,252,63,54,173,147,502,311,342,334,562,560,524,34,31,156,169,200,242,370,145,157,486,269,167,620
OG_16789,Pocillopora_meandrina_HIv1___RNAseq.g24081.t1,1652,2176,267,1112,908,33,535,519,861,2022,1021,355,1275,595,1370,1181,2669,647,1080,1041,909,1958,432,775,586,445,60,110,573,822,1453,2048,1635,1557,309,1937,813,2468,719
OG_10251,Pocillopora_meandrina_HIv1___RNAseq.g26720.t1,3,0,0,0,0,0,0,6,0,0,0,0,0,0,2,0,4,0,0,11,0,6,8,4,5,0,0,0,0,0,0,0,4,0,0,0,0,0,14
OG_15644,Pocillopora_meandrina_HIv1___RNAseq.g26893.t1,9,25,0,5,6,0,0,41,22,7,0,25,18,0,29,21,12,0,15,57,13,13,15,0,0,11,0,0,13,37,15,8,15,9,7,5,9,6,17
OG_07958,Pocillopora_meandrina_HIv1___TS.g14356.t2,1038,801,124,617,626,45,354,1605,1357,1715,686,1344,764,390,1109,560,882,434,985,1053,1388,1179,1438,957,1438,1312,92,74,1331,868,1623,655,919,894,665,901,491,1305,1211
OG_15738,Pocillopora_meandrina_HIv1___RNAseq.g27067.t1,276,461,150,269,221,93,390,270,477,445,213,192,325,365,209,158,507,501,344,150,270,343,332,202,234,190,351,36,419,378,300,121,198,423,594,299,133,322,493
OG_08192,Pocillopora_meandrina_HIv1___TS.g14605.t2,91,94,10,81,50,0,81,200,9,130,30,105,51,10,94,100,79,71,90,35,42,64,55,10,80,37,0,0,79,84,92,70,33,95,17,24,30,91,55
OG_17006,Pocillopora_meandrina_HIv1___RNAseq.g27374.t1,5314,73,219,330,1880,181,1909,1654,3032,418,2784,3566,4366,1764,4031,73,66,668,543,1964,1962,3242,1846,777,1587,3043,2206,36,1431,1276,1519,4742,1378,772,2117,2242,1874,2205,4170
OG_08271,Pocillopora_meandrina_HIv1___RNAseq.g27377.t1,3600,1358,314,1192,1079,162,1538,940,2155,2644,1473,1498,2198,290,2022,1127,1439,963,2060,2838,2108,1442,1673,1499,1759,1959,276,273,2678,1582,2566,1669,1787,1162,1031,2186,1145,2210,3101
OG_16092,Pocillopora_meandrina_HIv1___RNAseq.g27464.t1,19,8,2,0,0,0,7,8,0,0,0,35,0,0,0,6,15,0,0,37,29,30,15,34,12,15,9,0,24,17,13,19,53,4,0,41,0,30,0
OG_08259,Pocillopora_meandrina_HIv1___RNAseq.g27504.t1,489,164,27,151,160,10,122,444,177,443,147,166,187,35,195,148,423,134,220,386,170,639,283,434,237,272,15,0,201,276,416,308,302,288,39,278,173,444,218
OG_17849,Pocillopora_meandrina_HIv1___TS.g14930.t1,61,109,16,43,10,0,0,40,25,60,34,16,12,0,58,69,159,21,83,0,12,36,19,15,25,0,0,0,41,34,310,49,51,147,6,75,28,203,61
OG_07822,Pocillopora_meandrina_HIv1___RNAseq.g27709.t1,90,79,17,218,67,21,58,121,55,210,37,25,68,79,137,64,81,85,134,30,30,113,33,23,29,35,6,2,23,64,105,85,17,102,8,97,15,112,14
OG_07821,Pocillopora_meandrina_HIv1___RNAseq.g27710.t1,108,60,0,41,12,18,19,80,10,70,41,19,25,22,30,35,49,35,44,59,38,139,44,55,19,64,0,0,8,6,90,41,37,78,0,30,14,85,113
OG_07807,Pocillopora_meandrina_HIv1___RNAseq.g27741.t1,1349,370,89,756,465,29,595,403,555,409,801,283,525,407,557,252,493,648,317,416,991,549,891,546,741,720,312,12,840,511,1338,1085,591,996,657,738,238,759,1082
OG_17098,Pocillopora_meandrina_HIv1___RNAseq.g27761.t1a,37,155,40,116,51,12,120,104,51,30,13,101,210,11,137,30,102,58,157,100,264,119,130,27,238,90,203,0,511,94,116,210,151,248,73,25,55,12,86
OG_07836,Pocillopora_meandrina_HIv1___RNAseq.g27915.t1,1303,263,110,468,232,111,555,492,234,1876,266,293,401,257,557,559,737,507,787,103,256,883,137,219,225,255,26,48,1051,764,3032,501,42,1353,111,693,239,1790,927
OG_07892,Pocillopora_meandrina_HIv1___RNAseq.g27865.t1,470,490,103,423,391,67,177,1059,404,864,143,722,353,144,402,454,656,256,539,382,247,432,551,446,688,541,142,13,285,322,809,510,314,559,133,397,169,748,383
OG_06754,Pocillopora_meandrina_HIv1___RNAseq.g5072.t1,1601,629,230,403,342,99,224,1118,378,1357,229,650,654,253,432,683,1381,325,647,436,345,1131,507,306,400,359,18,139,341,762,1490,923,615,1220,101,563,151,1131,269
OG_06719,Pocillopora_meandrina_HIv1___RNAseq.g5082.t1,3746,425,190,500,354,79,414,2028,947,1025,1227,709,357,174,575,456,546,888,821,1754,1201,1384,749,1288,1048,897,10,257,757,831,766,971,1230,582,574,2339,450,1154,2426
OG_06717,Pocillopora_meandrina_HIv1___RNAseq.g5084.t2,447,742,153,527,429,76,106,1423,310,1286,108,716,321,98,293,787,818,133,510,344,497,322,482,431,857,229,28,0,536,537,829,508,426,619,101,277,104,772,261
OG_06712,Pocillopora_meandrina_HIv1___TS.g23876.t1,888,491,910,841,305,464,946,492,237,598,637,124,444,1132,363,557,844,513,430,393,268,996,300,427,317,301,142,1831,175,381,594,767,372,764,216,709,270,787,427
OG_06711,Pocillopora_meandrina_HIv1___TS.g23878.t1,275,198,86,222,204,3,220,145,103,170,149,67,304,115,233,215,304,199,252,105,120,370,65,211,99,72,77,3,50,113,269,215,249,215,82,193,146,335,115
OG_07000,Pocillopora_meandrina_HIv1___RNAseq.g5328.t1,3386,90,375,628,413,121,1491,301,1242,568,1262,2345,1994,557,2206,497,426,1099,710,2306,2684,2461,3762,402,1754,2642,2918,46,2230,969,1501,1161,1394,1182,3325,1888,1099,2090,7521
OG_06999,Pocillopora_meandrina_HIv1___RNAseq.g5341.t1,7,3,3,3,0,0,3,0,38,10,0,9,0,0,9,14,0,4,20,43,7,13,34,49,35,7,33,0,14,2,5,15,9,7,12,6,28,0,25
OG_16158,Pocillopora_meandrina_HIv1___RNAseq.g5340.t1,217,32,33,75,12,10,17,75,88,137,70,66,142,47,66,119,126,88,84,80,48,258,92,54,55,80,140,27,40,103,136,112,5,211,48,40,76,166,78
OG_16159,Pocillopora_meandrina_HIv1___RNAseq.11571_t,20714,267,793,1330,1883,216,6272,477,3600,618,5780,7050,4734,1714,6274,663,333,2083,1264,3416,8200,5210,7879,3085,6032,8098,10242,68,12498,2774,7118,6939,3968,3225,9734,3034,1778,3990,22660
OG_06998,Pocillopora_meandrina_HIv1___RNAseq.g5342.t1,2009,389,136,539,411,84,2097,354,3998,523,1444,1378,1605,271,1408,499,353,1247,1084,4050,6681,934,3261,3483,3988,2479,1133,106,9822,795,1157,1427,4437,1281,6056,3449,1522,992,23422
OG_02090,Pocillopora_meandrina_HIv1___TS.g24166.t1,669,1419,103,847,1055,110,415,833,1456,262,192,1864,1871,111,919,1888,1822,422,1507,523,1115,755,494,379,1364,373,169,335,1773,1107,1385,425,639,161,183,566,581,365,224
OG_15020,Pocillopora_meandrina_HIv1___TS.g24321.t1,25,7,26,3,17,0,7,12,22,22,22,7,32,23,13,15,29,5,17,22,20,44,12,15,37,13,0,0,4,8,33,15,57,25,0,53,10,40,20
OG_15021,Pocillopora_meandrina_HIv1___RNAseq.g5601.t1,64,5,6,25,24,0,5,12,18,35,53,6,38,11,15,28,52,12,35,9,54,97,23,43,22,30,0,0,21,32,52,13,17,39,10,57,33,67,49
OG_14547,Pocillopora_meandrina_HIv1___RNAseq.g5671.t1,625,635,339,222,285,92,70,300,164,330,245,149,355,200,460,764,755,610,543,254,328,555,165,375,459,404,38,130,480,533,1097,1688,1742,1850,319,440,337,703,527
OG_18223,Pocillopora_meandrina_HIv1___RNAseq.g5674.t1c,729,723,722,939,718,434,1045,660,439,1077,917,451,632,1247,1159,618,591,1645,1035,668,564,797,757,693,604,716,517,194,508,524,742,692,482,605,817,600,463,939,815
OG_06775,Pocillopora_meandrina_HIv1___TS.g24411.t1,746,454,51,309,248,35,133,404,261,491,206,227,275,145,329,426,655,193,506,323,393,584,280,212,377,274,40,25,262,401,703,454,504,571,49,329,81,703,402
OG_06931,Pocillopora_meandrina_HIv1___RNAseq.g5694.t1,1365,962,139,382,564,65,154,2254,1131,982,295,2471,889,172,528,675,1050,288,749,486,668,1139,1306,655,1068,1366,147,44,985,909,1120,1391,1096,1861,347,1369,392,1957,1101
OG_15009,Pocillopora_meandrina_HIv1___RNAseq.g5761.t1,414,232,30,235,43,0,131,248,115,408,261,97,146,117,322,259,292,98,378,185,115,603,166,142,150,86,126,0,104,234,256,134,126,319,60,132,140,242,145
OG_02088,Pocillopora_meandrina_HIv1___RNAseq.g5785.t1,6919,10044,3985,13521,7336,1989,8148,12988,13674,31314,8214,10410,18989,12280,21499,7126,9517,9989,14695,2437,6083,3421,5708,3441,9531,7761,18176,315,10471,9043,16004,7829,5127,10919,10773,6231,3787,5265,7822
OG_17100,Pocillopora_meandrina_HIv1___TS.g24518.t1,25,0,0,2,0,0,5,4,0,0,0,0,7,0,0,0,0,0,0,20,0,24,0,9,0,0,0,0,4,0,0,5,5,0,0,0,14,0,11
OG_14100,Pocillopora_meandrina_HIv1___TS.g24548.t1,140,47,3,44,71,0,135,65,65,36,43,72,88,25,80,38,46,64,71,129,66,172,114,215,158,118,56,0,51,74,71,40,72,24,47,128,45,85,245
OG_17596,Pocillopora_meandrina_HIv1___RNAseq.g5855.t1,4,0,0,0,0,0,0,0,0,0,0,0,5,0,0,0,3,5,10,0,4,11,8,0,0,0,0,0,12,0,0,9,0,0,0,0,0,0,0
OG_16289,Pocillopora_meandrina_HIv1___TS.g24607.t1,39,8,5,70,23,0,83,55,41,37,28,0,13,5,38,36,65,23,35,38,17,35,22,38,43,10,7,0,54,11,41,30,22,34,17,60,18,41,43
OG_02163,Pocillopora_meandrina_HIv1___RNAseq.g5887.t1,903,384,118,500,527,108,242,683,451,441,210,428,475,129,360,496,330,226,361,305,190,501,322,343,248,276,197,73,293,395,504,611,357,474,151,435,232,588,212
OG_14915,Pocillopora_meandrina_HIv1___RNAseq.g5928.t1a,333,235,162,521,189,261,471,1805,413,189,323,7292,432,102,528,99,150,403,305,428,962,196,3597,117,624,635,1216,64,452,261,219,118,318,137,1357,553,329,202,803
OG_06955,Pocillopora_meandrina_HIv1___RNAseq.g6016.t1,710,644,122,517,361,41,167,817,321,1004,250,505,659,206,496,691,861,236,496,396,355,807,362,455,257,316,129,112,333,446,704,898,534,880,76,347,135,957,340
OG_06954,Pocillopora_meandrina_HIv1___RNAseq.g6018.t1,75,108,32,62,40,0,65,316,70,198,53,89,29,7,48,43,68,55,59,76,38,42,72,124,188,107,77,0,62,24,56,131,100,119,22,64,50,131,121
OG_17497,Pocillopora_meandrina_HIv1___RNAseq.g6049.t1,76,219,80,186,144,24,109,93,97,280,136,65,236,47,184,146,354,115,217,242,175,191,155,49,85,95,18,0,41,82,116,213,164,135,30,193,87,153,58
OG_06875,Pocillopora_meandrina_HIv1___TS.g24761.t1,331,101,44,116,197,8,254,192,149,164,209,95,203,67,237,218,310,134,272,267,262,502,163,209,145,192,16,11,302,297,329,385,409,316,121,289,198,483,348
OG_06670,Pocillopora_meandrina_HIv1___RNAseq.g6195.t1,1567,1476,304,1325,777,250,882,1384,765,2708,854,1089,1120,888,2071,1082,1501,1163,1920,384,585,1068,481,403,583,592,186,94,818,1019,2653,1532,873,2593,788,1060,380,2123,1688
OG_15796,Pocillopora_meandrina_HIv1___TS.g4194.t1a,11,3,42,0,6,0,0,0,4,0,0,59,0,0,2,0,0,0,0,0,0,0,17,11,0,7,13,0,13,0,0,0,0,0,0,0,0,0,0
OG_00176,Pocillopora_meandrina_HIv1___RNAseq.g1836.t1,0,48,0,24,9,13,17,31,22,23,31,8,53,14,22,17,16,65,20,91,36,92,15,15,0,23,38,0,38,50,14,36,28,45,14,10,5,0,17
OG_00171,Pocillopora_meandrina_HIv1___RNAseq.g1863.t1,652,536,146,398,310,112,181,893,513,1010,314,697,319,106,368,469,644,393,658,489,496,537,565,559,768,496,40,64,431,477,838,425,387,529,274,750,190,963,521
OG_00514,Pocillopora_meandrina_HIv1___TS.g4396.t1a,50,144,2,81,101,0,17,41,73,177,46,21,81,51,45,200,172,6,37,22,17,154,14,28,13,15,0,0,18,64,161,44,31,107,2,119,47,148,11
OG_00510,Pocillopora_meandrina_HIv1___RNAseq.g1894.t1,1268,1174,324,1598,933,227,1021,864,706,3260,1581,325,683,833,1967,1020,1483,1979,2549,764,800,1762,734,796,471,647,361,146,619,1367,2394,1115,812,1393,1215,1219,371,2404,1036
OG_16383,Pocillopora_meandrina_HIv1___TS.g4407.t1,1511,131,177,777,252,135,384,82,179,620,748,127,353,505,1410,207,248,370,574,86,109,1512,102,148,31,220,20,33,64,203,436,516,436,1128,94,494,174,1404,222
OG_17245,Pocillopora_meandrina_HIv1___TS.g4479.t1b,0,11,0,0,0,0,0,0,0,0,0,0,0,0,0,0,0,0,0,7,6,8,10,0,9,0,0,0,0,0,7,3,0,0,0,0,0,0,0
OG_00466,Pocillopora_meandrina_HIv1___TS.g4618.t1,504,448,101,547,242,73,209,657,226,804,209,413,232,199,527,427,383,309,590,151,105,342,260,183,245,183,59,45,188,281,570,295,218,639,282,371,83,532,276
OG_00460,Pocillopora_meandrina_HIv1___RNAseq.g2123.t1,364,187,14,282,141,26,61,333,137,304,115,84,133,12,257,296,284,115,322,159,53,480,179,120,102,142,52,0,81,183,275,166,131,282,29,119,211,332,267
OG_00572,Pocillopora_meandrina_HIv1___RNAseq.g2162.t1,408,387,55,429,206,60,159,817,346,842,195,790,224,65,347,357,553,235,494,379,323,488,506,436,618,483,73,13,377,255,589,397,312,579,335,234,100,559,414
OG_17806,Pocillopora_meandrina_HIv1___TS.g4783.t1,22,61,4,25,50,0,10,83,22,45,0,0,0,0,0,27,68,0,36,3,0,0,0,0,4,2,0,0,4,30,19,21,13,39,3,15,10,21,4
OG_00430,Pocillopora_meandrina_HIv1___TS.g4798.t2,9785,733,86,369,771,55,851,1145,1389,635,1128,2001,2573,196,1580,561,644,1239,1376,1285,2120,2382,1556,1076,1982,1784,286,77,2606,1043,908,1741,1666,837,787,3525,941,715,3317
OG_15877,Pocillopora_meandrina_HIv1___RNAseq.g2598.t1,27,20,24,11,0,0,23,38,20,32,9,13,24,29,9,20,28,0,21,28,4,35,32,43,12,25,71,0,8,18,22,26,13,10,16,42,6,11,0
OG_00632,Pocillopora_meandrina_HIv1___RNAseq.g2602.t1,53,144,19,128,83,32,41,50,36,137,35,55,165,65,141,142,124,131,161,76,75,97,39,20,85,46,19,20,63,125,163,124,83,119,22,79,58,130,26
OG_13882,Pocillopora_meandrina_HIv1___TS.g5119.t2,383,353,108,238,462,15,256,633,371,555,290,435,374,184,426,367,608,436,490,447,449,367,290,627,580,678,19,0,210,242,327,363,596,345,446,472,237,532,805
OG_17176,Pocillopora_meandrina_HIv1___RNAseq.g2633.t1,583,665,114,844,406,20,294,555,436,802,292,820,512,268,882,409,366,112,265,153,143,407,180,349,569,597,101,0,310,274,496,1329,658,1138,424,503,429,1020,824
OG_15816,Pocillopora_meandrina_HIv1___RNAseq.g14450.t1,194,122,54,152,182,18,89,0,54,249,259,0,308,310,876,30,96,106,73,193,66,380,25,247,15,132,26,0,59,51,179,174,21,137,74,514,88,428,87
OG_03289,Pocillopora_meandrina_HIv1___RNAseq.g12990.t1a,493,299,55,116,130,0,62,43,47,193,219,0,103,68,163,157,384,47,168,63,54,430,28,107,35,54,0,0,56,95,278,148,25,157,8,208,104,509,131
OG_14322,Pocillopora_meandrina_HIv1___TS.g1982.t1,0,0,0,0,0,0,8,4,0,2,0,0,0,0,8,4,0,22,9,0,0,23,8,0,0,0,11,0,0,0,8,0,11,9,0,7,0,2,0
OG_03288,Pocillopora_meandrina_HIv1___RNAseq.g12994.t1,1357,380,87,422,316,40,334,923,907,575,269,1070,607,221,430,410,354,219,418,422,538,545,684,262,607,571,420,26,624,312,557,453,377,826,456,302,538,593,1033
OG_05749,Pocillopora_meandrina_HIv1___RNAseq.g13115.t1,844,617,41,325,172,0,171,1038,570,396,161,1802,245,70,301,258,532,68,357,526,893,273,1497,321,851,718,160,0,554,236,900,411,461,664,237,329,141,525,674
OG_15089,Pocillopora_meandrina_HIv1___RNAseq.g13168.t1,57,85,55,22,83,0,22,179,121,68,70,43,95,43,61,124,308,161,137,177,125,93,108,179,335,151,55,0,349,114,115,193,212,85,3,128,82,133,21
OG_03291,Pocillopora_meandrina_HIv1___TS.g2168.t1a,1057,866,150,334,414,73,361,2247,1846,1313,562,2075,963,214,788,638,1031,296,492,2383,2681,740,2174,2468,3292,2493,110,174,2128,568,900,746,1132,1096,807,1365,556,1238,3424
OG_05666,Pocillopora_meandrina_HIv1___RNAseq.g13294.t1,477,226,103,390,237,15,146,406,206,256,202,150,215,78,326,479,511,139,459,390,126,464,158,275,119,267,51,44,87,332,414,443,282,400,49,303,241,402,316
OG_03298,Pocillopora_meandrina_HIv1___RNAseq.g13342.t1,370,316,54,121,94,0,59,237,121,609,69,210,185,45,235,175,283,107,246,141,154,285,153,599,521,460,17,0,165,212,418,246,229,444,86,189,45,465,161
OG_05856,Pocillopora_meandrina_HIv1___RNAseq.g13629.t2,690,831,138,475,460,87,352,521,730,573,370,539,908,324,583,379,447,253,436,318,605,739,479,419,732,498,239,28,431,324,567,689,626,923,332,270,409,509,553
OG_14295,Pocillopora_meandrina_HIv1___RNAseq.g13702.t1,8,0,0,0,3,0,0,11,11,24,9,4,0,0,0,6,0,0,10,9,2,42,73,49,0,6,139,0,0,0,9,33,10,11,0,33,14,4,0
OG_15754,Pocillopora_meandrina_HIv1___RNAseq.g13771.t1,0,0,0,0,0,0,0,0,13,18,10,0,0,0,0,0,0,0,4,8,0,47,50,35,0,7,80,0,0,0,8,27,4,7,0,13,12,3,0
OG_01317,Pocillopora_meandrina_HIv1___RNAseq.g8094.t1,2185,2046,404,3749,2092,282,1239,207,566,4497,2009,35,921,494,2711,1481,1987,1265,2337,941,761,2071,176,733,444,503,66,292,886,2220,4873,1834,1477,1733,439,1994,591,4488,620
OG_01354,Pocillopora_meandrina_HIv1___RNAseq.g8154.t1,9,116,84,98,249,39,27,1495,578,36,23,2239,96,63,62,34,15,111,322,457,681,79,898,143,538,897,1199,0,432,142,18,33,141,32,288,64,440,38,22
OG_01353,Pocillopora_meandrina_HIv1___RNAseq.g8152.t1,114,106,20,88,46,0,34,134,74,149,37,79,36,27,41,138,133,51,91,22,26,43,31,0,13,12,0,0,33,105,103,112,33,176,18,51,36,153,58
OG_14012,Pocillopora_meandrina_HIv1___RNAseq.g8153.t1,398,558,650,1354,707,225,814,2546,883,767,757,4284,1183,1052,1875,700,613,1687,1891,931,1182,614,2752,505,657,1510,2350,71,669,835,549,600,767,455,1715,739,1134,840,542
OG_01384,Pocillopora_meandrina_HIv1___TS.g19950.t1,348,296,103,99,161,0,125,394,284,248,155,145,285,47,115,302,528,278,280,323,256,402,199,339,307,260,0,0,199,165,307,325,285,355,82,467,117,486,154
OG_01277,Pocillopora_meandrina_HIv1___RNAseq.g8302.t1,216,369,73,218,348,80,159,174,84,213,38,154,198,61,199,238,291,97,184,75,139,327,151,112,172,101,14,0,93,234,181,188,115,263,60,297,157,290,170
OG_01223,Pocillopora_meandrina_HIv1___RNAseq.g8333.t1,2746,1675,423,1368,1108,112,760,991,1232,1613,783,627,1525,1040,1415,973,1044,748,1011,759,740,1404,500,232,412,714,204,93,848,1650,1836,2320,867,2602,650,1419,727,2790,1147
OG_15375,Pocillopora_meandrina_HIv1___RNAseq.g8424.t1,32,53,42,38,12,11,28,131,37,10,4,97,253,42,104,25,64,34,184,80,158,43,79,43,450,211,222,0,99,47,43,233,180,169,38,49,230,45,57
OG_16209,Pocillopora_meandrina_HIv1___RNAseq.g8427.t1,124,597,196,443,38,40,374,434,218,79,8,692,1090,34,464,151,429,734,3107,392,583,155,235,63,1134,422,876,0,952,108,207,1028,866,495,190,122,487,98,340
OG_09247,Pocillopora_meandrina_HIv1___RNAseq.g8456.t1,73580,43451,17865,37000,30983,3330,13745,30302,25247,42942,12079,32658,30160,10848,32953,23488,21216,11873,37686,28839,12951,29587,23716,7972,12835,25020,6156,1311,16439,25066,49497,35428,33574,37575,17241,30606,10876,41903,21385
OG_15617,Pocillopora_meandrina_HIv1___RNAseq.g8471.t1,2,3,2,4,4,0,8,38,31,8,13,5,8,7,11,19,7,30,17,8,13,9,9,0,0,0,0,0,1,2,13,5,11,0,5,13,2,3,2
OG_16270,Pocillopora_meandrina_HIv1___RNAseq.g8542.t1,140,259,103,217,316,9,193,82,150,229,135,33,74,46,85,141,226,207,154,189,173,390,164,137,129,94,16,0,95,124,163,229,250,165,57,281,202,271,118
OG_01177,Pocillopora_meandrina_HIv1___RNAseq.g8574.t1,5465,2397,965,1945,3640,224,1542,7607,7533,580,404,38083,6466,1493,5587,2557,853,1754,4773,17777,7764,1707,15964,1287,6752,10033,2711,96,4464,5495,2374,9945,7312,3224,7290,2422,6232,657,2568
OG_18229,Pocillopora_meandrina_HIv1___RNAseq.g8627.t1,36,31,32,198,45,89,152,149,289,230,91,129,39,125,110,46,47,11,75,58,272,137,152,16,131,20,147,0,91,59,136,61,34,121,49,66,41,174,119
OG_01117,Pocillopora_meandrina_HIv1___TS.g20470.t1,682,463,95,606,240,48,452,599,439,668,583,728,353,242,423,361,341,311,523,221,418,481,508,221,336,333,481,58,439,416,1094,477,331,720,511,395,372,726,1152
OG_01121,Pocillopora_meandrina_HIv1___RNAseq.g8765.t1,875,1814,162,954,691,51,190,2626,978,2101,378,2252,801,182,734,1688,1902,331,784,1313,1247,1171,1458,1050,1683,950,107,9,921,773,1811,1755,1142,1800,297,863,554,1798,741
OG_01147,Pocillopora_meandrina_HIv1___RNAseq.g8829.t1,234,507,90,653,111,108,64,150,35,917,96,51,131,157,318,319,600,148,385,46,33,273,14,22,6,15,0,24,30,313,1075,287,86,403,14,223,40,752,40
OG_10008,Pocillopora_meandrina_HIv1___RNAseq.g8840.t1,1830,1072,413,600,485,93,335,764,667,912,341,816,724,454,640,576,542,572,881,454,826,985,514,317,794,606,161,30,817,875,1571,962,1604,1437,513,597,196,987,1112
OG_10039,Pocillopora_meandrina_HIv1___RNAseq.g8924.t1,1201,663,88,510,295,32,145,1158,296,1082,309,472,379,97,570,869,1205,157,628,508,360,1165,431,380,310,498,9,50,191,660,1282,1014,360,1049,116,952,260,1265,370
OG_16122,Pocillopora_meandrina_HIv1___RNAseq.g8943.t1,0,0,0,0,0,0,8,7,0,0,0,0,0,0,0,2,5,0,7,0,0,0,0,0,0,0,10,0,0,0,0,5,0,0,7,2,5,0,14
OG_10055,Pocillopora_meandrina_HIv1___TS.g20680.t2,3859,2588,644,1194,1645,331,501,1254,2683,1824,955,931,2166,755,1593,5166,3824,2280,3923,1490,1513,1803,854,716,897,1290,233,167,990,1292,1382,2059,1034,3236,408,2253,2292,2878,865
OG_14500,Pocillopora_meandrina_HIv1___RNAseq.g9524.t1,235,292,0,56,92,0,33,356,31,72,12,450,83,20,71,86,212,18,80,138,119,192,395,66,138,116,13,41,95,62,149,209,36,250,6,51,11,201,57
OG_14505,Pocillopora_meandrina_HIv1___RNAseq.g9577.t1,3067,4116,1012,3512,2670,337,1843,5923,4493,4721,2486,4929,3926,898,4843,2142,3944,2163,5862,3610,5575,3921,7855,3498,6006,5468,1427,241,4587,3836,3752,2620,3333,4081,2853,3585,2277,3449,5609
OG_18258,Pocillopora_meandrina_HIv1___RNAseq.g10007.t1,10,0,2,6,4,0,2,6,0,8,0,20,12,1,0,2,0,2,0,20,33,29,31,30,13,3,23,0,36,3,9,8,9,6,11,19,14,5,7
OG_04209,Pocillopora_meandrina_HIv1___RNAseq.g10045.t1,376,479,52,229,201,50,151,151,204,521,197,115,331,131,322,350,733,241,363,156,132,389,80,94,159,171,31,61,183,272,504,515,259,711,60,407,138,622,155
OG_17479,Pocillopora_meandrina_HIv1___TS.g9636.t1,17,0,0,0,0,0,0,29,7,14,16,0,0,0,5,0,9,0,14,11,2,22,19,20,0,9,0,0,0,0,21,22,9,12,0,12,11,11,0
OG_14627,Pocillopora_meandrina_HIv1___RNAseq.g3481.t1,206,156,6,30,65,9,47,665,237,64,71,633,351,81,201,257,144,379,199,924,680,281,274,130,517,490,164,0,342,153,106,226,401,421,191,134,420,73,276
OG_14158,Pocillopora_meandrina_HIv1___RNAseq.g3514.t1,8,48,10,18,7,0,6,14,40,14,18,16,36,9,41,22,8,7,29,25,16,34,5,33,57,14,0,0,16,22,0,19,14,23,5,0,18,0,9
OG_16389,Pocillopora_meandrina_HIv1___RNAseq.g3618.t1,13,12,0,7,19,0,13,18,20,15,0,9,45,0,31,14,27,19,65,27,25,12,17,10,18,0,0,0,23,10,17,24,21,16,0,11,20,18,27
OG_07531,Pocillopora_meandrina_HIv1___RNAseq.g25964.t2,22,45,0,11,0,0,6,22,23,26,17,23,48,21,52,12,22,22,28,28,64,36,16,13,68,8,53,0,50,21,31,21,46,30,9,14,16,0,22
OG_07508,Pocillopora_meandrina_HIv1___TS.g18783.t1,106,518,140,524,311,54,163,707,304,810,137,567,220,409,351,496,576,229,306,230,256,183,408,431,470,309,212,77,342,192,392,199,158,553,355,273,418,462,380
OG_07620,Pocillopora_meandrina_HIv1___TS.g18876.t2,416,406,215,452,308,15,343,513,426,904,433,254,350,614,460,348,414,583,424,118,142,291,122,208,183,159,140,19,376,317,769,268,435,608,280,402,174,504,375
OG_15137,Pocillopora_meandrina_HIv1___RNAseq.17828_t,625,1587,266,620,733,34,589,661,936,516,223,353,662,609,477,642,700,141,357,157,523,224,121,164,496,158,172,0,766,318,533,348,385,390,283,621,555,432,170
OG_15121,Pocillopora_meandrina_HIv1___RNAseq.g26177.t1,1739,2834,537,1723,1353,262,1390,1415,1592,3405,1579,687,2204,1263,3636,1887,3104,1593,2596,1609,1394,2387,1290,1472,1495,1314,739,86,1489,1437,3167,1795,1250,3160,1231,1812,951,2886,2539
OG_08717,Pocillopora_meandrina_HIv1___TS.g18990.t1,9,9,12,9,18,6,31,74,19,10,15,35,24,11,39,50,68,54,71,71,63,45,21,45,85,15,10,0,22,26,36,40,27,28,23,39,65,38,14
OG_07389,Pocillopora_meandrina_HIv1___RNAseq.g26354.t1,208,157,69,120,121,28,22,53,258,576,165,111,153,52,105,231,143,65,346,101,397,105,103,59,237,63,40,0,458,353,206,387,545,534,162,117,53,153,208
OG_07394,Pocillopora_meandrina_HIv1___RNAseq.g26355.t1,632,922,322,1472,766,142,1179,655,1515,5862,1530,112,1061,1823,1813,657,1525,889,963,2170,2275,1857,1444,1779,1583,957,971,54,1105,919,1785,1493,1444,2303,1888,1789,552,3830,2627
OG_16145,Pocillopora_meandrina_HIv1___RNAseq.g26470.t1,324,306,35,712,637,81,189,829,473,792,268,828,534,129,514,536,610,195,397,573,444,527,476,346,587,265,6,165,1104,572,671,705,435,689,153,582,206,867,232
OG_16654,Pocillopora_meandrina_HIv1___RNAseq.g26471.t1,218,272,28,229,280,25,91,378,205,316,98,301,117,15,214,163,203,120,207,505,347,521,481,184,282,176,0,26,161,232,264,335,210,410,76,320,140,462,83
OG_17389,Pocillopora_meandrina_HIv1___RNAseq.g26639.t1,4935,4051,1971,3213,2048,390,3079,7835,3531,5269,3611,8125,2765,3143,4574,2902,4007,4267,4203,5145,6164,6159,9032,4498,5469,6328,3173,195,4737,2867,4345,3502,2825,6401,7442,3821,3367,4977,10372
OG_04537,Pocillopora_meandrina_HIv1___RNAseq.g4110.t1,37,131,26,227,39,17,19,566,54,152,147,286,69,53,125,39,199,89,129,37,24,137,179,74,74,70,24,12,29,84,140,128,90,96,41,105,41,170,47
OG_04538,Pocillopora_meandrina_HIv1___RNAseq.g4121.t1,414,629,283,96,151,164,227,408,411,492,234,84,856,279,405,386,717,388,512,178,215,370,132,47,154,114,76,61,540,273,402,794,307,673,199,174,290,357,214
OG_14588,Pocillopora_meandrina_HIv1___RNAseq.g4122.t1,362,297,185,157,137,212,131,398,254,380,198,111,518,178,385,355,329,283,397,128,156,476,109,96,226,129,63,20,303,201,497,605,329,509,125,156,222,444,77
OG_06004,Pocillopora_meandrina_HIv1___RNAseq.g4199.t1,2670,1288,260,818,655,215,331,2089,1411,1454,383,2698,1235,311,821,1106,1172,296,842,1775,2694,1443,2088,1649,3221,1715,78,31,1679,965,1548,1917,1653,1704,592,1470,408,1997,1786
OG_18179,Pocillopora_meandrina_HIv1___TS.g21686.t1,1339,751,123,501,613,70,211,551,1003,506,189,661,838,102,538,906,520,263,470,563,348,499,436,258,385,547,90,0,651,562,783,524,398,725,201,623,575,930,484
OG_04698,Pocillopora_meandrina_HIv1___TS.g21687.t1,267,146,12,44,36,0,24,66,106,106,10,63,70,31,33,67,80,0,21,91,71,111,60,66,99,46,80,0,52,78,51,123,198,129,14,184,44,158,36
OG_14612,Pocillopora_meandrina_HIv1___TS.g21693.t1,206,131,59,154,61,57,46,216,89,152,35,176,82,59,105,104,60,44,116,32,49,75,210,17,71,73,29,0,73,99,149,93,29,137,27,103,21,155,27
OG_04694,Pocillopora_meandrina_HIv1___RNAseq.g4292.t1,1113,1046,320,529,551,238,373,1316,734,1151,383,1079,675,143,632,612,865,482,782,850,801,720,898,732,1061,777,47,52,668,559,842,958,1030,1035,472,793,207,846,694
OG_14615,Pocillopora_meandrina_HIv1___RNAseq.g4364.t1b,31,30,18,75,32,0,37,12,5,16,3,20,28,10,18,18,13,20,12,11,13,7,0,17,25,17,9,0,12,41,53,29,8,39,4,16,7,24,16
OG_04723,Pocillopora_meandrina_HIv1___RNAseq.g4434.t2,1424,1722,265,917,821,68,309,1934,902,1765,391,1431,997,244,1033,1221,1859,614,1342,1163,855,1567,926,1117,1294,1192,81,56,579,848,1523,1278,976,1644,357,1158,329,1832,617
OG_16192,Pocillopora_meandrina_HIv1___RNAseq.g4467.t1,265,514,20,83,98,26,29,425,124,619,70,12,17,0,18,1313,1517,511,953,56,42,169,54,76,46,65,0,39,186,691,985,865,222,733,37,273,44,522,72
OG_14623,Pocillopora_meandrina_HIv1___TS.g21950.t1,892,616,125,288,419,21,131,844,760,461,163,1079,445,141,304,420,257,250,339,629,568,564,498,258,543,356,110,42,395,318,557,729,577,662,75,581,157,766,505
OG_04514,Pocillopora_meandrina_HIv1___RNAseq.g4597.t1,1588,505,231,81,218,42,68,1290,719,18,28,959,408,12,60,119,48,1837,979,3215,2832,250,3125,369,2219,880,700,17,4073,1315,158,64,3097,18,1539,1152,2530,74,3238
OG_04515,Pocillopora_meandrina_HIv1___RNAseq.g4598.t1,530,272,201,261,162,71,222,356,380,426,345,263,502,315,602,403,367,397,315,402,284,484,253,368,274,198,124,0,272,271,380,282,297,291,112,376,189,402,234
OG_04547,Pocillopora_meandrina_HIv1___RNAseq.g4779.t1,1881,1694,234,1140,916,183,421,1485,655,4407,750,779,1066,457,1625,1202,2005,645,2013,599,768,1860,531,910,645,699,24,75,820,1530,3362,1619,980,2805,347,1528,342,3067,745
OG_04560,Pocillopora_meandrina_HIv1___RNAseq.g4798.t1,82953,16551,8902,31088,44969,10225,9298,17243,43218,51078,18546,29018,52225,17778,26276,26062,19381,19259,18122,34406,20455,29541,19007,8463,21308,25860,4925,5563,22726,40448,43603,61141,22995,58295,15088,34215,18077,47251,10429
OG_04789,Pocillopora_meandrina_HIv1___RNAseq.g4823.t1,1067,1126,297,943,519,253,813,1348,905,1322,927,832,522,671,823,679,1207,1031,1335,923,971,490,937,844,1391,973,563,293,1226,640,1087,428,612,852,1090,1179,551,722,1427
OG_16883,Pocillopora_meandrina_HIv1___TS.g22257.t1,8909,4826,1748,3193,4596,534,9790,3296,21551,1767,5523,4642,6162,1931,4627,5933,3397,5481,3601,11090,10973,2214,4791,8261,6696,12080,1171,578,20497,3772,3062,5510,12187,4542,4467,8335,21857,3567,12818
OG_16844,Pocillopora_meandrina_HIv1___RNAseq.g11234.t1,22,49,21,163,58,16,49,46,43,322,98,40,73,25,110,22,45,3,24,38,71,61,49,16,16,17,9,0,42,22,94,51,50,106,194,55,17,77,30
OG_09806,Pocillopora_meandrina_HIv1___RNAseq.g11511.t1,31559,14227,1769,14492,13609,939,8059,38728,26464,13644,6005,56573,14378,3616,12771,15812,11100,6649,11803,22956,12865,13180,25131,8576,18516,22373,2460,178,10208,10874,20005,14649,14348,17500,8478,13193,7102,14929,28605
OG_00807,Pocillopora_meandrina_HIv1___RNAseq.g11690.t1,627,1571,355,1773,816,122,250,458,242,2071,519,241,579,718,997,871,2191,740,1360,208,323,665,326,194,454,306,128,44,709,704,1372,721,322,1346,214,515,214,1310,495
OG_00030,Pocillopora_meandrina_HIv1___TS.g6172.t1,796,349,17,369,353,31,335,301,1332,510,185,145,198,64,297,286,371,127,237,338,120,220,134,720,459,469,55,0,210,228,307,332,314,293,210,505,403,542,643
OG_14563,Pocillopora_meandrina_HIv1___RNAseq.g28982.t1,58,305,41,153,16,35,66,169,151,50,3,373,736,52,444,90,260,302,1004,243,1136,216,535,60,1130,132,694,0,674,115,269,269,369,166,31,58,112,123,164
OG_13792,Pocillopora_meandrina_HIv1___RNAseq.g28991.t1,41,150,14,62,4,0,15,10,30,6,0,55,123,10,60,24,16,139,266,9,50,22,41,34,138,43,244,0,147,33,95,69,51,83,41,22,40,18,96
OG_17285,Pocillopora_meandrina_HIv1___TS.g6340.t1,434,494,265,339,256,24,279,19,12,31,25,103,147,139,225,94,182,97,96,131,65,174,88,310,300,331,77,19,88,131,101,388,175,311,172,42,122,152,367
OG_00246,Pocillopora_meandrina_HIv1___TS.g6384.t1,25,18,11,51,28,0,0,20,41,48,36,0,44,9,21,26,29,31,57,17,20,44,25,30,20,7,44,12,33,43,147,103,51,40,5,25,47,33,7
OG_13886,Pocillopora_meandrina_HIv1___RNAseq.g29240.t1,15,77,33,51,6,96,94,67,74,42,10,81,157,33,113,32,32,112,177,139,155,104,43,44,120,36,232,0,153,81,56,93,98,131,74,25,65,15,120
OG_16544,Pocillopora_meandrina_HIv1___TS.g6449.t1,14,124,27,25,0,0,16,84,47,10,11,101,252,11,122,13,20,12,37,86,75,27,47,14,239,58,174,0,128,39,23,83,66,92,23,27,125,52,61
OG_00378,Pocillopora_meandrina_HIv1___RNAseq.g29243.t1,45,34,0,24,0,0,0,39,9,26,7,11,25,0,25,55,39,3,39,15,0,72,42,5,11,19,0,0,22,25,29,32,27,65,6,51,31,64,45
OG_00305,Pocillopora_meandrina_HIv1___RNAseq.g29366.t1,158,269,77,292,152,53,122,476,232,374,131,225,187,110,130,246,220,179,226,43,48,85,64,120,147,86,113,31,65,98,166,103,69,214,136,169,96,272,274
OG_00302,Pocillopora_meandrina_HIv1___RNAseq.g29377.t1,18,16,0,16,0,0,2,14,15,32,0,15,17,0,17,19,14,15,12,19,0,23,12,11,0,15,0,0,0,0,9,12,0,47,6,0,0,35,48
OG_00298,Pocillopora_meandrina_HIv1___RNAseq.g29382.t1,44,40,5,73,47,0,12,75,35,49,59,46,24,0,51,63,59,36,48,55,10,137,45,19,31,29,7,0,32,54,44,74,22,97,8,37,53,60,56
OG_00297,Pocillopora_meandrina_HIv1___RNAseq.g29383.t1,365,110,41,289,53,26,87,457,191,209,208,77,147,24,247,274,255,129,195,163,69,348,132,165,129,209,45,28,135,181,190,111,68,281,36,154,148,338,332
OG_00355,Pocillopora_meandrina_HIv1___RNAseq.g29540.t1,9315,1689,422,956,3316,279,1571,2933,5478,2108,2389,3616,7711,471,3975,1455,1860,1555,2419,8647,9989,8664,6504,6813,3577,4282,297,316,3713,2419,3215,4813,7988,2806,1346,8906,1653,4455,4210
OG_15594,Pocillopora_meandrina_HIv1___RNAseq.g29581.t1,10,28,0,55,34,10,10,77,10,43,8,53,10,3,11,16,29,12,13,12,12,25,5,27,16,39,0,0,13,9,19,0,0,0,0,16,6,47,3
OG_16469,Pocillopora_meandrina_HIv1___RNAseq.g28200.t1,4,6,0,7,0,0,19,5,12,2,0,96,42,0,24,10,0,0,16,20,15,7,29,16,0,3,14,0,2,0,5,12,33,39,19,2,5,6,42
OG_17841,Pocillopora_meandrina_HIv1___RNAseq.g28169.t1b,53,68,15,10,13,0,0,0,4,8,0,12,50,0,36,8,10,0,20,10,0,19,0,99,69,63,0,0,6,13,13,44,66,47,5,30,0,31,29
OG_08878,Pocillopora_meandrina_HIv1___TS.g8098.t1,2797,4288,580,2281,2138,231,1820,20062,4957,5336,2489,9398,2864,851,3099,2215,2716,1011,1528,4192,3500,3385,6409,4892,5024,4807,986,112,2580,1864,1883,3071,2606,3805,2193,3932,2550,5675,5357
OG_08874,Pocillopora_meandrina_HIv1___RNAseq.g28323.t1,1198,947,271,454,497,48,635,1320,705,650,491,919,817,286,804,436,607,817,898,1370,1241,1199,1165,872,1306,872,156,0,957,540,579,813,1648,761,591,1063,445,1058,1305
OG_07404,Pocillopora_meandrina_HIv1___RNAseq.g28422.t1,1655,1199,167,658,570,38,303,2317,1544,1569,250,3129,814,153,740,844,1152,368,727,1910,2043,1157,2133,1572,2457,1591,43,59,1582,1207,1321,1021,1400,1244,418,1179,397,1427,1388
OG_15334,Pocillopora_meandrina_HIv1___RNAseq.g28536.t1,404,234,23,183,109,26,44,351,291,480,80,192,151,78,170,205,317,87,220,331,408,296,299,252,321,282,2,0,284,144,406,265,298,214,111,312,130,257,460
OG_07641,Pocillopora_meandrina_HIv1___RNAseq.g28575.t1,3796,2222,829,1298,2374,625,1108,4609,5315,2864,762,10531,2963,221,1928,1857,1399,851,2091,3633,6060,2100,7317,2507,4266,5701,106,310,4088,3422,3138,2843,6664,1865,2214,2630,949,1885,2987
OG_08663,Pocillopora_meandrina_HIv1___TS.g8473.t1,1079,109,10,113,40,0,120,251,134,182,255,12,124,9,154,230,472,55,291,208,85,797,179,432,102,287,103,0,64,82,316,186,98,241,19,186,60,291,204
OG_07331,Pocillopora_meandrina_HIv1___RNAseq.g28782.t1,63,35,0,52,14,10,12,13,15,186,26,27,17,13,13,18,36,20,118,123,6,36,0,13,23,0,8,0,32,30,90,18,8,25,16,15,24,7,32
OG_07330,Pocillopora_meandrina_HIv1___RNAseq.g28783.t1,66,74,27,53,18,13,221,95,110,25,68,74,79,47,80,50,120,76,57,60,56,51,37,50,110,69,53,25,79,29,37,34,39,42,298,78,45,36,179
OG_15569,Pocillopora_meandrina_HIv1___RNAseq.g28862.t1,11,51,0,1,6,0,0,14,19,4,0,7,5,2,0,4,9,0,0,9,3,9,4,6,10,8,0,0,12,4,2,21,21,22,1,0,4,2,9
OG_02000,Pocillopora_meandrina_HIv1___RNAseq.g17893.t1,3055,947,319,1259,983,147,1613,2499,1959,1313,1713,493,1133,247,2051,1588,1229,867,1505,3086,2082,2649,1997,4849,2565,3401,294,95,707,465,622,770,916,1066,866,1728,1108,1723,3271
OG_02070,Pocillopora_meandrina_HIv1___RNAseq.g17924.t1,73,52,6,11,0,0,0,7,0,46,0,0,0,0,7,20,34,26,36,0,0,22,0,0,0,0,0,0,0,0,32,0,0,18,0,0,0,20,0
OG_01999,Pocillopora_meandrina_HIv1___RNAseq.g17894.t1,125,83,57,49,70,0,28,32,83,63,69,30,85,79,54,129,126,33,150,38,39,141,15,148,65,68,0,0,98,132,80,71,68,126,37,27,24,75,58
OG_02124,Pocillopora_meandrina_HIv1___RNAseq.g18045.t1,2959,2115,643,1445,1067,457,1025,2017,1493,4094,1269,1834,1387,656,2079,1253,2137,1194,2302,1887,1721,2157,1979,2079,2265,1737,121,444,1979,1986,3456,1877,1673,2621,1760,2563,608,2806,3142
OG_02146,Pocillopora_meandrina_HIv1___RNAseq.g18072.t1,17,169,4,147,35,7,26,24,11,223,18,3,47,25,62,75,131,25,80,12,17,31,21,9,11,11,0,0,15,94,182,50,19,124,14,35,12,93,20
OG_02148,Pocillopora_meandrina_HIv1___TS.g21065.t1,218,153,83,153,115,7,118,246,158,200,218,99,199,43,285,130,141,98,230,229,105,271,226,272,174,187,55,0,209,154,184,241,276,189,81,200,153,204,196
OG_16307,Pocillopora_meandrina_HIv1___RNAseq.g18078.t1,74,18,12,21,8,0,26,8,20,23,54,18,41,3,43,42,90,4,29,0,12,113,31,27,46,40,19,0,11,18,68,36,24,51,7,56,9,71,74
OG_02149,Pocillopora_meandrina_HIv1___TS.g21072.t1,361,44,26,137,129,0,82,90,51,79,183,17,130,18,151,130,200,92,122,39,16,246,66,94,38,23,7,19,57,55,95,123,29,155,10,238,118,203,114
OG_14140,Pocillopora_meandrina_HIv1___RNAseq.g18228.t1,142,9,24,25,12,0,21,10,44,0,0,14,8,0,32,228,47,80,127,85,68,4,0,38,115,81,9,0,19,0,0,0,50,0,15,6,4,0,18
OG_16856,Pocillopora_meandrina_HIv1___TS.g21211.t1,1906,2547,499,1144,2123,282,822,11129,2556,3372,2072,8902,4103,795,4316,2153,2063,2831,2706,3709,3463,3550,4132,1606,1462,1736,161,280,2283,2961,3063,2498,3350,2212,1497,2825,1128,2861,2335
OG_18224,Pocillopora_meandrina_HIv1___RNAseq.g18312.t1,107,42,28,89,26,19,18,60,51,67,63,6,25,12,70,80,73,26,63,17,0,133,8,29,0,26,0,0,19,23,61,47,21,58,10,22,26,51,34
OG_15627,Pocillopora_meandrina_HIv1___RNAseq.g18404.t1,69,18,6,58,77,2,63,29,59,33,116,29,37,17,47,54,20,49,14,83,68,35,42,14,9,19,0,125,361,246,402,13,17,23,23,530,572,291,57
OG_02102,Pocillopora_meandrina_HIv1___RNAseq.g18435.t2,422,677,135,531,417,58,251,460,279,868,266,239,591,321,660,576,1096,298,462,351,306,623,247,270,260,233,24,26,317,425,796,713,444,553,160,511,253,689,273
OG_04165,Pocillopora_meandrina_HIv1___RNAseq.g199.t1,559,292,48,229,187,25,194,1461,808,469,100,1931,205,56,201,272,412,117,340,1687,1766,484,2153,834,1277,891,31,29,775,174,418,395,777,361,511,853,281,337,1461
OG_04331,Pocillopora_meandrina_HIv1___RNAseq.g219.t1,169,332,58,115,95,21,58,85,30,143,25,87,134,66,103,77,176,37,104,6,19,64,25,74,54,41,28,0,259,40,79,208,81,198,16,157,109,335,45
OG_14514,Pocillopora_meandrina_HIv1___RNAseq.g217.t1,1505,1185,464,1300,883,383,620,1027,643,2493,587,708,952,426,1250,915,1571,632,1315,695,626,1248,509,488,708,501,86,375,759,1644,2111,1598,1072,1572,304,1202,260,2145,370
OG_16731,Pocillopora_meandrina_HIv1___RNAseq.g330.t1,208,152,8,83,135,12,127,13,34,91,22,8,43,5,35,76,42,7,73,79,57,186,147,104,0,22,169,0,25,22,27,56,23,0,17,281,156,264,27
OG_14540,Pocillopora_meandrina_HIv1___RNAseq.g370.t1,1145,725,108,433,805,33,228,1153,480,1027,325,344,628,137,748,935,1148,267,791,473,310,788,350,603,361,538,63,0,300,827,874,1374,1086,1254,157,943,292,944,817
OG_04443,Pocillopora_meandrina_HIv1___RNAseq.g371.t1,308,250,47,94,105,0,49,397,90,289,75,104,125,30,96,180,324,67,165,139,89,223,90,228,77,97,110,0,30,161,134,530,376,358,61,290,42,250,158
OG_04327,Pocillopora_meandrina_HIv1___RNAseq.g393.t1,3789,2994,1025,2498,1580,851,1532,3193,2162,5891,2172,2261,1971,1548,3361,1637,2808,2417,3149,1821,2047,2836,2089,1791,2215,1860,952,240,2120,2678,4021,2349,1992,3974,2427,2976,731,4212,3634
OG_04247,Pocillopora_meandrina_HIv1___RNAseq.g448.t1,240,437,221,119,348,67,27,134,875,424,73,1347,268,22,51,431,26,78,97,448,1287,47,890,89,795,336,123,16,1137,723,178,464,780,142,320,187,166,80,104
OG_04238,Pocillopora_meandrina_HIv1___RNAseq.g438.t1,1453,2326,338,1279,510,55,755,803,666,2534,681,796,659,397,1212,796,785,480,1477,366,459,761,366,368,568,550,365,17,620,613,2936,762,1819,1512,594,806,327,1848,1216
OG_04243,Pocillopora_meandrina_HIv1___RNAseq.g446.t1,1824,2382,190,1099,844,82,346,2229,447,2112,563,984,973,367,1163,1662,2521,475,1194,628,422,1652,539,833,821,601,28,45,416,702,1713,2216,943,2658,218,1735,458,3230,817
OG_08331,Pocillopora_meandrina_HIv1___RNAseq.g10617.t1,634,743,167,122,162,19,199,566,571,541,463,615,1180,266,971,595,601,307,347,333,210,452,364,596,348,424,151,86,423,454,634,705,699,665,66,616,335,474,587
OG_08347,Pocillopora_meandrina_HIv1___TS.g13145.t5a,1777,2625,1726,4142,2314,777,2089,3681,1615,3213,2282,3492,2222,3626,3741,3245,2490,2724,2703,1985,1284,2307,2030,1675,2043,2129,784,857,1061,1600,2620,2160,1119,2883,1482,1455,1505,3009,2705
OG_16380,Pocillopora_meandrina_HIv1___RNAseq.g10676.t2,1990,1144,370,667,615,69,606,784,915,958,1153,672,953,385,1094,995,951,588,594,411,281,1117,157,579,449,531,21,99,654,976,1093,1132,792,1105,222,762,605,1123,806
OG_08497,Pocillopora_meandrina_HIv1___RNAseq.g10998.t1,158,170,103,303,90,65,187,374,76,478,123,227,129,191,274,204,140,192,278,102,88,245,187,180,132,105,152,22,154,151,317,126,87,140,201,136,114,267,250
OG_08432,Pocillopora_meandrina_HIv1___RNAseq.g11082.t1,94,179,37,169,119,3,95,89,52,207,76,199,519,292,519,208,119,113,256,12,22,143,38,50,22,18,14,14,29,123,234,201,104,183,52,133,67,293,225
OG_10274,Pocillopora_meandrina_HIv1___RNAseq.g11141.t1,4,3,7,22,4,12,5,9,7,7,22,11,15,30,9,11,17,33,12,12,4,19,14,4,7,4,12,22,6,13,12,5,4,3,5,12,11,6,16
OG_16011,Pocillopora_meandrina_HIv1___RNAseq.g3012.t1,3,0,0,10,15,12,18,3,0,1,3,2,0,10,0,0,0,0,0,0,0,0,0,0,0,0,0,0,2,0,1,15,6,3,18,0,0,0,3
OG_05950,Pocillopora_meandrina_HIv1___RNAseq.g3045.t1,176,95,30,132,110,42,172,320,437,286,99,1267,623,131,398,137,106,239,201,1031,789,88,900,165,582,255,131,43,525,203,256,155,479,220,268,168,55,181,573
OG_05952,Pocillopora_meandrina_HIv1___TS.g18166.t1,622,193,93,326,253,129,120,1112,584,474,116,3186,345,203,181,259,224,162,325,318,355,251,752,235,429,452,330,84,684,360,545,382,350,605,783,228,400,377,1386
OG_14803,Pocillopora_meandrina_HIv1___TS.g18162.t1,5825,2026,342,1189,1660,64,699,4693,3732,1619,509,5152,1122,444,965,3199,1519,356,874,1601,1594,1603,2476,1426,1401,2546,407,24,1655,1958,2019,1728,1568,2098,619,1507,1220,2368,1659
OG_17800,Pocillopora_meandrina_HIv1___RNAseq.g3086.t2,33,10,0,0,0,0,0,6,23,23,0,1,0,0,0,6,0,0,21,19,0,29,29,21,0,0,79,0,0,3,5,15,12,29,0,22,15,2,0
OG_14626,Pocillopora_meandrina_HIv1___RNAseq.g3152.t1,5,33,0,9,0,0,5,0,14,0,6,15,20,0,7,4,6,0,7,32,24,26,18,23,10,0,61,0,0,0,0,0,61,15,14,0,21,7,9
OG_04799,Pocillopora_meandrina_HIv1___TS.g18265.t1b,604,616,87,430,322,48,324,1533,615,847,433,858,421,106,621,592,764,322,838,734,659,669,764,857,1006,313,136,0,975,425,654,541,568,550,417,557,307,891,698
OG_05121,Pocillopora_meandrina_HIv1___TS.g17098.t2,8871,7551,2209,8538,5714,1240,5077,10878,7107,15739,7326,7048,5959,3901,9768,4763,7807,7710,10068,4121,6522,7342,7046,6165,8431,8071,3491,481,6903,6554,9626,6154,5980,11208,8461,6824,3309,8935,10442
OG_14674,Pocillopora_meandrina_HIv1___TS.g17142.t1,816,295,16,323,187,17,191,349,189,339,99,545,281,26,297,148,301,111,216,157,181,266,307,93,258,248,69,0,154,202,575,241,144,354,197,166,92,326,301
OG_05250,Pocillopora_meandrina_HIv1___RNAseq.g17597.t1,11,1,0,1,0,0,0,0,0,3,0,0,0,0,0,7,9,0,0,0,3,3,0,0,0,0,0,0,0,0,2,0,0,8,0,0,0,0,0
OG_16707,Pocillopora_meandrina_HIv1___RNAseq.g17598.t1,120,65,21,144,148,44,73,62,12,371,52,42,133,29,102,28,139,132,170,179,14,98,0,17,18,10,23,29,121,21,576,158,72,231,38,120,32,205,90
OG_18159,Pocillopora_meandrina_HIv1___RNAseq.g17646.t1,17,27,6,17,10,1,20,127,401,98,99,23,21,9,17,12,11,9,4,386,422,238,253,17,33,25,12,5,23,19,25,41,87,35,41,20,29,13,109
OG_05228,Pocillopora_meandrina_HIv1___RNAseq.g17817.t2,0,10,0,0,0,0,14,11,8,0,0,0,0,3,4,6,0,3,0,0,0,9,0,0,0,0,0,0,0,2,6,7,0,7,2,4,3,2,210
OG_05087,Pocillopora_meandrina_HIv1___RNAseq.g17837.t1,847,790,113,1147,228,92,364,1292,243,1556,891,1137,565,151,1360,172,542,333,830,521,434,909,668,436,218,329,56,17,114,386,590,972,580,890,507,984,170,1341,576
OG_14066,Pocillopora_meandrina_HIv1___TS.g17404.t1a,84,215,0,151,65,2,6,47,17,193,19,6,64,22,55,93,216,21,121,18,20,88,5,40,13,14,0,20,21,100,348,553,245,389,27,86,15,194,29
OG_02186,Pocillopora_meandrina_HIv1___RNAseq.g14661.t1,39,151,18,72,15,0,52,16,75,26,58,25,22,2,22,34,36,30,32,65,0,149,51,42,68,38,75,0,33,177,80,106,68,37,8,28,41,28,95
OG_02184,Pocillopora_meandrina_HIv1___RNAseq.g14737.t1,574,977,229,739,442,65,221,1315,410,1588,354,1017,715,460,1103,758,1046,258,943,286,318,935,410,531,483,346,176,18,325,644,1300,977,381,1336,173,541,155,1321,235
OG_02176,Pocillopora_meandrina_HIv1___TS.g3901.t1,1112,407,80,410,314,13,128,907,334,472,174,803,407,154,303,331,361,184,251,197,191,563,336,145,222,209,154,24,106,353,523,624,259,714,96,478,113,562,156
OG_09796,Pocillopora_meandrina_HIv1___RNAseq.g16849.t1b,471,817,399,871,461,129,628,562,946,1929,462,1503,648,685,564,420,644,642,354,706,1138,452,1423,443,864,1063,926,30,917,357,299,639,665,1096,1138,254,1111,620,1439
OG_08077,Pocillopora_meandrina_HIv1___TS.g3256.t1,146,97,39,172,38,12,130,201,164,143,115,85,164,101,146,190,268,184,211,121,98,239,167,172,103,85,39,0,77,124,149,122,66,150,79,100,132,169,160
OG_08083,Pocillopora_meandrina_HIv1___RNAseq.g11929.t1,1084,549,123,365,384,14,306,501,267,774,334,144,477,139,524,612,1124,349,606,263,135,1420,192,331,187,247,66,0,231,491,742,761,484,685,31,941,317,1184,307
OG_08096,Pocillopora_meandrina_HIv1___RNAseq.g11959.t1,2391,1191,644,1314,972,234,1374,2675,2140,1420,855,6036,1047,534,1223,800,680,1769,1557,1901,1611,903,2392,746,1420,1915,2112,75,1170,1002,1725,1318,1322,1435,2140,1020,963,936,2935
OG_08143,Pocillopora_meandrina_HIv1___TS.g3371.t1,1204,717,72,1206,282,19,316,1262,464,1110,555,342,530,197,858,1067,1324,308,1305,762,408,1978,840,612,579,646,248,0,413,763,1008,565,441,1016,98,345,661,1335,1186
OG_15208,Pocillopora_meandrina_HIv1___RNAseq.g12033.t1,1891,1011,109,1327,458,51,450,1775,679,1428,634,503,865,194,1042,1532,2212,495,1991,1179,642,2697,1228,921,1135,1125,326,0,717,1156,1608,899,608,1573,153,669,914,1926,1303
OG_08144,Pocillopora_meandrina_HIv1___RNAseq.g12035.t1,692,308,12,278,158,0,54,673,286,375,165,206,333,53,332,497,536,88,481,340,160,766,340,322,269,305,60,13,187,289,463,299,256,588,31,229,193,785,505
OG_08145,Pocillopora_meandrina_HIv1___TS.g3385.t1,723,238,65,740,306,18,468,355,197,323,336,86,255,87,250,337,491,79,306,198,128,716,99,356,169,330,25,0,163,148,385,332,219,445,112,368,227,486,474
OG_16539,Pocillopora_meandrina_HIv1___RNAseq.g12145.t1,47,69,45,183,91,41,231,12,11,3,0,231,308,149,376,16,41,34,50,86,145,91,39,29,272,87,196,14,161,141,166,99,25,167,34,8,51,40,44
OG_07772,Pocillopora_meandrina_HIv1___RNAseq.g12158.t1,62,107,34,123,61,0,24,37,27,83,65,37,30,49,103,124,75,52,56,31,12,81,15,28,15,19,14,0,18,39,56,60,28,122,40,39,73,103,40
OG_06152,Pocillopora_meandrina_HIv1___RNAseq.g13864.t1,8506,7409,2893,8468,7122,1063,5800,23042,10345,9509,6644,17548,8634,3160,9843,10130,8251,6483,7461,14801,12223,9566,12382,14268,14564,14064,1330,1178,8555,5751,6606,8114,11082,7998,4873,9354,9143,9536,13095
OG_06119,Pocillopora_meandrina_HIv1___TS.g11653.t1,8142,7052,6471,10296,7330,3004,9516,19852,11915,9065,8737,11735,8653,7029,9475,8396,6837,9617,6777,10655,9768,8332,9317,12858,13506,13589,3875,5035,7017,5424,5650,7289,9319,7157,6672,9321,10508,9202,12820
OG_16879,Pocillopora_meandrina_HIv1___RNAseq.g13989.t1,8,9,0,0,0,0,7,7,22,1,0,6,12,0,0,5,3,12,8,14,23,8,9,9,22,2,0,0,11,0,3,0,0,5,6,10,7,2,18
OG_06158,Pocillopora_meandrina_HIv1___RNAseq.g14073.t1,35,499,124,127,270,30,40,62,738,133,41,355,22,32,55,307,127,17,55,23,472,41,207,15,366,154,173,10,893,683,196,120,333,88,248,68,124,58,153
OG_15815,Pocillopora_meandrina_HIv1___RNAseq.g14189.t1,110,122,6,74,52,2,14,146,162,244,83,190,134,23,189,501,750,222,354,262,172,252,108,167,182,178,9,16,135,129,133,253,207,215,19,135,31,195,122
OG_16747,Pocillopora_meandrina_HIv1___RNAseq.g777.t1,11588,6000,4400,13572,5700,2990,10743,2116,4139,21910,12306,1415,5108,12459,16936,6520,8025,14225,14953,3803,4967,13566,2874,4079,4565,4014,3628,1465,7029,8809,14922,5897,4740,12040,6854,8190,2314,15836,8381
OG_13910,Pocillopora_meandrina_HIv1___RNAseq.g778.t1,43720,21587,17026,47782,22268,13789,44676,5779,18493,91502,47076,5685,23214,38202,69103,20073,27429,51883,67953,17133,25883,53828,11324,15728,17916,16760,12770,6009,31707,41461,74931,26223,25465,54815,35560,33023,7330,66600,40812
OG_08793,Pocillopora_meandrina_HIv1___RNAseq.g816.t1,333,8,32,130,54,59,53,47,134,26,52,392,112,40,84,52,25,208,204,62,418,89,252,112,285,247,115,7,501,250,440,315,248,296,332,111,16,166,305
OG_08768,Pocillopora_meandrina_HIv1___RNAseq.g843.t1,189,50,0,75,26,0,30,147,57,50,41,75,0,0,38,91,87,46,153,138,81,110,137,198,123,213,61,0,74,52,117,76,55,96,75,95,24,104,307
OG_17012,Pocillopora_meandrina_HIv1___RNAseq.g863.t1,7,16,0,17,41,0,29,199,187,189,31,50,28,11,14,45,74,8,31,27,13,21,21,37,96,47,0,0,0,17,22,6,7,15,0,0,0,13,0
OG_08849,Pocillopora_meandrina_HIv1___TS.g5429.t1,935,105,99,183,82,0,165,234,104,180,354,46,176,12,134,174,302,108,98,196,50,744,115,439,88,158,28,0,49,74,325,142,101,254,52,324,203,303,389
OG_08856,Pocillopora_meandrina_HIv1___RNAseq.g907.t1,492,1056,135,872,522,35,97,3329,340,1568,227,1454,515,228,691,901,1043,275,802,291,240,662,654,346,764,420,38,4,310,764,1110,850,396,1277,75,476,145,1320,138
OG_15303,Pocillopora_meandrina_HIv1___TS.g5438.t1,4083,2179,2874,5859,2413,1667,5114,2791,2398,4294,4256,1569,2970,4217,4482,3079,2600,4768,3185,2032,1484,4492,1759,2006,1618,2466,1845,2553,1175,1939,2202,2214,1927,2834,2222,2295,2660,3202,3533
OG_08842,Pocillopora_meandrina_HIv1___RNAseq.g945.t1,6765,2729,644,1910,1316,156,2562,19666,10484,1252,1424,9137,2540,233,1855,4473,2646,552,3160,20332,21186,2913,23972,16777,25912,20820,2102,306,5030,1347,1956,892,4894,882,4728,3940,5041,2234,19971
OG_09024,Pocillopora_meandrina_HIv1___RNAseq.g972.t1,1031,666,291,938,562,67,515,913,345,1156,580,389,814,412,1096,1171,873,701,834,550,256,1126,437,575,434,472,81,131,195,621,1313,940,624,1118,321,726,345,1179,583
OG_09003,Pocillopora_meandrina_HIv1___RNAseq.g1036.t1,571,558,151,466,469,33,333,510,418,594,328,302,509,344,559,396,622,530,529,471,432,1078,403,522,486,376,90,4,325,433,510,692,482,600,298,594,347,944,540
OG_09106,Pocillopora_meandrina_HIv1___TS.g5573.t1,1239,233,118,215,227,60,237,695,392,604,474,690,351,126,387,354,284,315,568,404,674,1122,715,529,714,404,12,34,586,638,920,1099,604,698,154,758,238,1201,853
OG_08920,Pocillopora_meandrina_HIv1___RNAseq.g1090.t1,394,508,99,381,188,70,193,799,472,784,321,1020,382,134,567,416,489,357,608,746,818,485,898,700,1174,694,64,95,819,424,834,429,477,723,569,581,280,577,760
OG_15312,Pocillopora_meandrina_HIv1___TS.g5628.t1,85,184,15,109,150,23,55,108,85,127,52,83,150,146,301,88,110,93,106,105,55,329,82,41,40,55,7,0,31,85,108,169,67,157,28,37,40,79,43
OG_08914,Pocillopora_meandrina_HIv1___RNAseq.g1098.t1b,16,32,0,33,38,2,13,27,35,36,13,15,43,33,45,27,29,18,17,10,12,56,16,0,11,12,1,0,7,6,15,47,7,30,15,0,9,31,10
OG_14793,Pocillopora_meandrina_HIv1___RNAseq.g10481.t2,2913,527,104,169,646,25,706,4989,6662,139,560,10975,1892,33,690,652,84,522,804,10842,10627,1105,11220,3061,6575,4936,374,0,5262,761,624,1190,5547,225,2005,4798,3155,794,1932
OG_14792,Pocillopora_meandrina_HIv1___RNAseq.g10480.t1,6046,3246,1090,1608,2703,341,856,1538,8370,3081,1503,2530,3946,1015,2101,3061,1734,1443,1661,4357,3200,2063,2466,1288,4307,4084,590,244,3476,3243,3231,4100,3814,4033,1349,3514,8257,3453,1780
OG_05874,Pocillopora_meandrina_HIv1___RNAseq.g10495.t1,54559,12603,7539,19939,29046,8217,6341,11945,27059,30242,11377,20696,34841,13475,18619,17639,14928,13032,12181,22489,13410,19322,13511,5533,13380,17042,3717,3392,14726,28030,26226,35918,12684,37342,10309,21116,12425,28667,7282
OG_05875,Pocillopora_meandrina_HIv1___RNAseq.g10496.t1,18537,5472,1961,7477,8550,1473,2393,5330,8682,12961,4626,6459,11421,4206,7334,8097,5706,4979,5852,8547,6677,7503,5957,1887,4868,5890,1590,821,6066,9096,12844,15410,5541,15064,3953,7903,4026,12088,3864
OG_14790,Pocillopora_meandrina_HIv1___TS.g13920.t1,87592,16126,11048,33763,44756,12843,9427,17077,44716,52146,18911,30046,55857,21655,29052,26972,20565,21371,19572,32632,20363,28339,18821,7290,19835,23725,5235,5808,23273,45509,48572,62208,23193,61250,16789,34973,19452,48118,11794
OG_06373,Pocillopora_meandrina_HIv1___RNAseq.g25600.t1,435,159,85,142,56,13,114,403,50,209,68,61,113,90,132,349,480,57,237,51,13,452,98,77,66,67,8,51,71,149,387,225,73,302,34,98,35,274,52
OG_14156,Pocillopora_meandrina_HIv1___RNAseq.g25664.t1,11,11,0,0,5,0,0,23,0,11,9,4,6,0,0,4,15,0,2,2,0,8,0,0,9,0,0,0,8,13,9,24,5,13,0,20,0,13,3
OG_02260,Pocillopora_meandrina_HIv1___TS.g9102.t1,717,509,157,287,319,0,119,1034,355,680,211,367,408,172,300,660,664,141,418,256,147,678,249,268,319,174,16,22,164,478,757,759,280,833,24,321,149,868,114
OG_06384,Pocillopora_meandrina_HIv1___TS.g9087.t1,2857,1729,156,1337,2350,64,527,289,2356,1920,536,761,1424,210,1436,1873,1408,431,889,955,895,1323,701,857,760,1461,111,59,1732,2246,2440,2596,861,2037,435,1256,958,1652,1019
OG_13916,Pocillopora_meandrina_HIv1___TS.g9155.t1,8,11,6,14,0,0,0,11,15,0,10,8,0,5,19,16,6,11,48,27,13,35,9,5,45,16,20,0,15,30,13,6,29,21,14,10,9,11,11
OG_06430,Pocillopora_meandrina_HIv1___RNAseq.g25776.t1,2422,1176,592,1278,1119,541,1496,1488,2504,2507,1643,1826,1702,698,1778,994,1283,1694,2288,2001,2685,1497,2024,1836,2790,3384,580,111,3151,1567,2152,1307,2282,1380,2107,2429,1374,1995,3080
OG_08545,Pocillopora_meandrina_HIv1___RNAseq.g1314.t1,4596,3641,698,4391,3680,314,1899,2563,2321,7379,3355,1107,3664,1795,5689,3703,5608,2928,4883,1601,1819,6394,1412,1950,1720,2187,275,191,2083,3617,6879,4165,2832,4890,1468,3479,1465,7134,2341
OG_08658,Pocillopora_meandrina_HIv1___RNAseq.g1409.t1,913,1043,228,926,452,287,270,720,221,1503,370,456,497,342,980,724,1125,602,1195,263,317,667,271,176,289,200,27,138,335,745,1136,576,487,1037,173,690,189,1089,198
OG_08528,Pocillopora_meandrina_HIv1___RNAseq.g1383.t1,0,10,0,0,7,0,0,0,28,0,0,17,12,8,0,7,3,0,10,7,4,11,24,0,13,6,21,0,5,28,0,0,8,12,8,0,0,0,0
OG_17739,Pocillopora_meandrina_HIv1___TS.g22787.t1,34,68,44,98,125,94,19,39,82,688,73,115,373,66,86,85,35,53,159,107,235,115,155,35,134,126,199,6,407,387,82,355,220,101,157,107,38,45,19
OG_08639,Pocillopora_meandrina_HIv1___RNAseq.g1463.t1,18132,20592,3294,13831,11396,1079,6515,18415,19056,12810,5584,21553,13293,4498,12325,13213,11333,6302,10683,13528,11616,8182,9963,7173,13872,11409,1779,153,12369,8460,14555,18188,28712,15216,5787,11169,8872,14754,10163
OG_08622,Pocillopora_meandrina_HIv1___RNAseq.g1513.t1,2370,2166,493,1622,1507,231,1525,2662,2162,3380,1961,3678,2672,821,3282,1675,2130,1293,2249,1822,2141,2439,2198,1529,1955,2719,248,129,1766,1715,2819,1988,3104,2272,1236,2209,916,3040,3098
OG_17600,Pocillopora_meandrina_HIv1___RNAseq.g1609.t1,77,253,70,173,37,22,84,283,177,102,59,194,438,24,214,109,208,127,322,78,246,157,152,45,432,109,157,0,312,70,105,372,234,358,76,55,140,123,241
OG_02012,Pocillopora_meandrina_HIv1___RNAseq.g29992.t1,1626,145,21,203,139,35,220,219,622,424,525,382,538,46,445,154,328,182,452,506,1392,1335,759,818,1089,835,2,66,1094,570,1024,1138,1297,1086,265,1827,159,1498,2513
OG_17961,Pocillopora_meandrina_HIv1___TS.g22372.t1b,19105,57859,20269,22019,22075,12073,17907,19948,45811,40815,17228,15279,35159,24759,18254,17624,44147,38319,33261,20103,30802,23776,27833,18009,34056,21948,41631,5357,41724,41400,20386,21481,22119,27762,24521,20242,18117,23201,23006
OG_13877,Pocillopora_meandrina_HIv1___RNAseq.g30110.t1,69,7,2,9,7,18,18,0,0,0,4,0,0,0,0,0,0,8,17,112,0,0,0,11,5,0,0,30,56,6,85,8,0,21,4,4,8,9,68
OG_01981,Pocillopora_meandrina_HIv1___RNAseq.g30114.t1,518,452,180,763,1543,153,301,1146,2264,1253,493,3986,1371,137,766,803,410,928,1411,529,1384,348,1178,380,1728,932,369,49,2512,1689,914,1331,1754,653,1015,787,444,605,591
OG_06908,Pocillopora_meandrina_HIv1___RNAseq.g30203.t1,286,69,21,210,51,0,98,134,37,125,112,27,79,10,115,153,296,98,199,64,41,329,161,80,58,71,30,0,51,80,183,85,61,146,15,95,167,206,199
OG_06922,Pocillopora_meandrina_HIv1___RNAseq.g30267.t1,655,224,63,299,188,0,129,172,206,579,131,407,272,146,317,332,294,167,529,189,345,403,438,109,213,179,11,0,262,309,888,568,229,1114,155,244,41,753,402
OG_06655,Pocillopora_meandrina_HIv1___RNAseq.g30284.t1,25,32,29,34,4,0,42,41,35,6,0,53,72,8,90,18,61,19,113,39,63,15,47,3,112,40,43,0,134,38,24,90,34,27,16,8,26,15,31
OG_17533,Pocillopora_meandrina_HIv1___RNAseq.27597_t,197,94,68,94,25,0,56,97,51,150,101,18,101,52,128,82,228,57,152,24,28,305,121,78,73,56,33,0,66,53,215,68,29,127,14,70,69,158,106
OG_05010,Pocillopora_meandrina_HIv1___TS.g25340.t2b,5,12,7,7,5,0,27,53,36,23,18,12,51,26,45,94,67,186,141,81,47,35,12,19,108,47,77,0,27,12,9,27,28,12,4,0,8,6,0
OG_04651,Pocillopora_meandrina_HIv1___RNAseq.g9310.t1,469,1640,536,908,170,128,773,1847,982,736,101,1971,3922,234,2434,843,1174,1660,4755,1249,2151,895,1275,378,3409,1383,2376,0,2227,571,1060,3071,2197,2637,681,439,2216,579,1457
OG_05819,Pocillopora_meandrina_HIv1___RNAseq.g9346.t1,208,83,8,183,61,9,76,86,95,106,134,23,246,40,134,262,301,57,139,101,28,495,81,141,66,158,0,0,76,83,331,250,133,262,43,214,132,340,184
OG_04756,Pocillopora_meandrina_HIv1___RNAseq.g9369.t1,11,10,12,22,24,0,17,11,21,44,31,6,11,5,28,32,38,7,40,25,9,76,16,32,3,6,8,0,16,10,61,15,4,17,0,20,29,69,0
OG_14455,Pocillopora_meandrina_HIv1___RNAseq.g12666.t1,1009,1279,609,414,465,60,647,559,1016,1205,1758,831,659,100,1015,604,684,604,605,1694,2152,755,1951,1789,1967,2802,188,75,1659,598,1363,2705,3328,1718,3498,1367,484,1075,5243
OG_06101,Pocillopora_meandrina_HIv1___RNAseq.g12667.t1,6891,6626,560,761,993,110,1268,3341,4577,4487,3180,4192,2204,369,3284,1356,1395,1313,1233,3673,4813,1754,4465,3841,6131,5461,418,266,4902,2206,2618,15427,22134,11215,7635,2943,1426,2078,17395
OG_02220,Pocillopora_meandrina_HIv1___RNAseq.g12744.t1,1664,1379,224,1103,943,86,443,2859,1020,1564,799,1624,1101,291,1364,1562,1598,640,1537,759,719,1368,1045,717,673,559,167,33,554,1105,1558,1446,1094,1454,284,1148,466,1677,747
OG_16548,Pocillopora_meandrina_HIv1___RNAseq.g17098.t1,98,382,51,337,215,28,34,135,42,545,57,32,202,84,157,403,377,66,80,28,18,211,8,73,59,27,0,57,78,238,638,440,129,727,0,97,21,510,71
OG_15761,Pocillopora_meandrina_HIv1___RNAseq.g17112.t1,46,215,51,17,39,0,136,67,110,105,130,66,298,56,569,64,83,103,76,64,91,203,75,86,17,93,14,0,32,75,95,89,424,253,38,61,16,125,44
OG_06592,Pocillopora_meandrina_HIv1___RNAseq.g17204.t1,1057,474,133,172,288,135,202,1126,1136,1051,221,2235,756,47,487,404,598,156,662,2204,3311,1094,3758,1408,1769,2731,84,22,888,352,619,985,2438,608,535,717,148,949,1337
OG_06599,Pocillopora_meandrina_HIv1___RNAseq.g17212.t1,2016,932,132,597,850,111,425,2341,1752,2200,645,2506,1722,133,1027,714,1330,420,1154,2556,3156,2383,3357,2248,2508,2237,78,96,1987,1355,2392,2991,2334,1624,514,2095,383,3409,1365
OG_06610,Pocillopora_meandrina_HIv1___RNAseq.g17234.t1,669,851,146,407,505,31,263,891,383,765,150,712,511,192,556,468,703,127,499,356,351,452,520,355,485,361,37,27,247,536,802,676,342,801,165,656,150,844,356
OG_06616,Pocillopora_meandrina_HIv1___RNAseq.g17328.t1a,87,57,6,43,71,0,16,47,33,120,14,62,76,0,74,70,123,57,76,4,5,58,13,16,13,18,18,7,22,27,138,97,38,122,4,42,17,111,7
OG_17015,Pocillopora_meandrina_HIv1___RNAseq.g17304.t1,68,176,5,68,161,21,46,53,49,90,15,13,167,31,139,120,115,13,96,122,154,241,54,38,45,32,5,0,26,77,94,116,77,104,1,51,19,115,9
OG_06607,Pocillopora_meandrina_HIv1___RNAseq.g17316.t1,166,163,41,181,60,4,44,168,80,294,47,90,100,83,167,159,163,178,159,57,42,182,43,17,55,42,28,0,62,173,249,72,74,226,90,112,34,227,105
OG_16000,Pocillopora_meandrina_HIv1___RNAseq.g20694.t1,97,43,20,70,123,56,61,125,129,158,92,277,179,95,115,159,93,100,258,223,103,74,237,63,46,143,36,0,164,193,107,107,190,42,86,81,50,54,45
OG_14901,Pocillopora_meandrina_HIv1___RNAseq.g20739.t1,396,543,38,366,186,27,166,252,271,858,313,104,231,164,590,203,530,526,553,264,224,459,194,223,167,261,187,0,197,326,529,427,200,838,388,524,198,564,380
OG_04467,Pocillopora_meandrina_HIv1___RNAseq.g20865.t1,33,47,21,110,28,0,46,39,51,61,60,26,86,31,115,105,140,82,60,31,21,136,79,42,14,40,19,0,27,35,145,48,19,53,0,43,23,51,11
OG_16279,Pocillopora_meandrina_HIv1___RNAseq.g29715.t1,0,15,9,0,0,0,6,5,0,0,0,0,0,0,9,0,0,0,2,30,38,0,58,16,14,11,37,0,0,0,0,0,0,0,0,0,0,0,0
OG_16489,Pocillopora_meandrina_HIv1___RNAseq.g29943.t1,861,541,111,391,465,94,284,1241,635,706,337,610,443,179,541,403,372,351,465,376,483,508,401,237,234,332,13,55,501,577,802,344,379,315,73,264,182,292,325
OG_01568,Pocillopora_meandrina_HIv1___RNAseq.g3959.t1,15,33,10,24,7,4,9,19,13,51,25,12,13,13,32,32,51,7,26,42,38,39,12,46,58,33,0,0,12,18,35,23,20,58,6,52,19,89,16
OG_02316,Pocillopora_meandrina_HIv1___RNAseq.g3972.t1,1286,871,163,861,481,79,179,488,242,1371,360,166,354,71,536,739,1106,224,1164,274,434,722,194,447,433,324,9,96,463,924,1402,611,441,782,131,752,124,1248,256
OG_02317,Pocillopora_meandrina_HIv1___TS.g30016.t1,9322,17679,4844,11464,11568,2463,2418,1186,4251,17515,4344,1249,5783,4608,8432,13545,12128,8603,11687,3893,4593,7228,1251,3921,2724,1999,339,2366,5584,18159,15041,10655,9851,9194,2426,11332,4160,19514,1447
OG_15907,Pocillopora_meandrina_HIv1___RNAseq.g4018.t2,688,492,75,0,0,0,0,241,270,203,241,0,0,0,0,0,0,0,0,0,76,0,0,0,92,24,12,0,57,38,71,223,122,255,199,44,74,50,240
OG_02358,Pocillopora_meandrina_HIv1___RNAseq.g4042.t1,1256,1260,244,1027,775,138,526,1061,427,1785,560,245,877,494,810,1117,1088,527,941,734,434,1877,519,736,542,563,51,68,208,709,1007,1204,870,1294,164,818,416,1634,479
OG_02219,Pocillopora_meandrina_HIv1___RNAseq.g6261.t1,323,347,159,578,398,52,408,531,315,599,314,795,508,656,958,604,653,551,768,253,218,414,292,283,254,260,212,43,227,346,518,593,345,883,504,477,317,690,989
OG_15648,Pocillopora_meandrina_HIv1___RNAseq.g6296.t1,11,33,3,0,0,0,0,4,0,14,0,17,6,5,0,1,2,4,6,0,0,0,0,0,0,0,0,0,0,0,0,0,0,0,0,0,0,0,0
OG_02190,Pocillopora_meandrina_HIv1___RNAseq.g6331.t2,7937,1767,515,1341,1212,615,1637,4007,4926,2866,2370,6358,3040,611,2267,1335,1546,2573,2341,4164,6527,2039,4943,4254,6617,5878,1258,416,7029,2069,2748,2667,4124,1665,3675,4423,1308,2040,12252
OG_04372,Pocillopora_meandrina_HIv1___RNAseq.g25357.t1,1073,466,61,180,298,53,141,433,518,599,151,147,563,196,364,579,616,67,517,137,240,574,167,146,196,179,94,42,335,480,697,792,290,918,135,397,152,780,609
OG_00752,Pocillopora_meandrina_HIv1___RNAseq.g14965.t1,1249,867,91,346,552,51,410,1741,2241,946,413,737,1119,78,735,759,943,380,1142,2963,2032,844,2070,1578,1958,1114,187,31,2059,1019,1488,1451,2360,1419,402,1547,516,1108,1508
OG_18262,Pocillopora_meandrina_HIv1___RNAseq.g14970.t1a,65,97,30,76,8,2,93,51,30,154,22,63,137,54,109,25,73,30,175,27,125,65,47,56,119,47,105,0,129,34,68,90,62,29,43,25,56,98,79
OG_18263,Pocillopora_meandrina_HIv1___RNAseq.g14971.t1,105,24,14,6,29,0,35,57,35,52,28,7,37,14,33,26,132,5,58,0,3,101,35,45,10,24,80,0,0,22,29,41,24,21,0,91,23,34,39
OG_00842,Pocillopora_meandrina_HIv1___RNAseq.g12637.t1,419,146,84,163,312,56,432,118,501,148,283,200,499,383,534,124,100,251,249,123,154,331,222,77,146,156,169,0,228,314,184,338,134,395,243,123,344,425,344
OG_00843,Pocillopora_meandrina_HIv1___RNAseq.g12638.t1,204924,57672,26444,59160,75654,15948,17546,45235,89088,54732,22208,94623,95881,33002,60311,53516,38499,47551,57850,91888,41680,64022,42827,17064,51800,54059,9984,5890,55887,63445,86379,92219,50078,104320,33563,92545,38597,85783,30720
OG_01023,Pocillopora_meandrina_HIv1___RNAseq.g4970.t1,1290,2161,406,3071,1549,290,1189,257,805,4716,1725,257,713,670,1342,1030,1330,554,1760,997,1087,1736,459,497,564,538,99,150,1090,1355,2345,2157,1394,1459,501,1396,757,2823,512
OG_04115,Pocillopora_meandrina_HIv1___RNAseq.g9195.t1,199,306,82,241,218,75,131,164,160,299,159,127,154,142,163,123,273,148,238,91,137,202,139,82,132,91,90,18,164,217,266,145,160,291,123,170,67,272,111
OG_17186,Pocillopora_meandrina_HIv1___RNAseq.g6387.t1,0,0,0,0,1,0,0,35,4,15,11,1,0,0,0,2,0,0,0,4,10,6,9,4,5,2,5,5,1,0,0,0,0,0,2,0,0,0,7
OG_16862,Pocillopora_meandrina_HIv1___RNAseq.30927_t,99,76,5,116,74,0,22,163,79,246,97,167,91,56,206,231,344,75,226,255,212,212,132,22,36,14,7,0,106,101,226,160,202,231,127,263,90,176,247
OG_14681,Pocillopora_meandrina_HIv1___TS.g17155.t1,0,0,0,0,0,0,0,0,3,0,0,0,7,0,0,0,0,0,0,0,0,0,0,7,0,0,0,0,0,0,0,0,0,0,0,0,0,0,0
OG_02408,Pocillopora_meandrina_HIv1___RNAseq.g6343.t1,0,0,0,0,0,0,0,59,94,30,8,116,16,27,15,63,98,20,14,69,30,29,22,35,33,26,9,0,0,0,0,90,246,38,7,83,20,38,20
OG_14752,Pocillopora_meandrina_HIv1___RNAseq.g14996.t1,0,7,0,0,0,0,0,5,0,0,0,0,0,0,4,0,0,2,9,14,2,5,0,0,10,0,8,0,2,0,0,6,9,4,0,0,6,0,0
OG_15604,Pocillopora_meandrina_HIv1___RNAseq.g27028.t1,0,0,0,1,1,1,2,9,1,1,1,18,3,1,4,35,12,25,26,2,0,3,2,3,4,2,0,1,9,8,7,2,4,5,4,10,3,27,1
OG_05637,Pocillopora_meandrina_HIv1___RNAseq.g24106.t1,0,0,0,22,27,3,15,3,3,5,0,8,67,8,41,15,14,22,16,67,92,155,36,0,58,31,88,0,25,0,0,23,39,78,25,35,120,79,40
OG_18325,Pocillopora_meandrina_HIv1___RNAseq.g24447.t1b,0,0,0,1,0,0,7,0,3,0,3,0,0,0,0,0,0,0,0,0,0,0,0,0,0,0,0,0,0,0,0,0,0,0,0,0,0,0,0
OG_14206,Pocillopora_meandrina_HIv1___RNAseq.g21421.t1,0,2,0,4,2,0,0,1,0,2,1,21,15,10,19,3,5,0,3,1,3,12,6,2,12,0,0,0,0,0,1,3,4,19,0,1,2,3,2
OG_00643,Pocillopora_meandrina_HIv1___RNAseq.g29129.t1,0,0,0,0,0,0,0,0,0,0,0,0,0,0,0,0,0,0,6,41,73,56,66,3,0,0,16,0,0,0,0,5,0,2,0,9,0,0,0
OG_15655,Pocillopora_meandrina_HIv1___RNAseq.g28813.t1b,0,0,0,0,0,0,0,0,0,0,0,0,0,0,3,8,15,0,6,0,0,0,0,0,0,0,0,0,0,0,0,18,0,26,3,0,0,0,20
OG_15283,Pocillopora_meandrina_HIv1___RNAseq.g26200.t1,0,0,0,0,0,0,1961,0,0,6,0,2,0,0,120,0,0,0,0,0,0,0,122,0,0,0,361,0,0,6,95,4,0,20,1425,0,0,19,18096
OG_17453,Pocillopora_meandrina_HIv1___RNAseq.g12930.t1,0,0,0,0,0,0,0,15,9,13,8,0,0,0,0,0,0,0,0,11,12,4,13,0,6,5,0,0,0,0,0,0,0,0,0,0,0,0,0
OG_14763,Pocillopora_meandrina_HIv1___RNAseq.g13186.t1,0,0,0,0,0,0,0,0,0,0,0,0,0,0,0,0,0,0,0,0,0,0,0,0,0,0,0,0,0,0,0,0,5,0,0,0,0,0,0
